Point,IDT_ms,X_Fuel,X_N2,P,T,Formula_C,n-C9,n-C14,n-C15,n-C18,mono-c-C12,mono-c-C15,poly-c-C14,poly-c-C15,aro-C11,aro-C13,Set
1,1.62,0.61,78.52,1.96,1091.5,11.09,1.917346145,1.587329303,0.535539797,0.011447213,6.728348951,1.73157586,0.771341583,0.289584147,1.409193067,0.686978125,Training
2,0.992,0.61,78.52,2.06,1157.9,11.09,1.917346145,1.587329303,0.535539797,0.011447213,6.728348951,1.73157586,0.771341583,0.289584147,1.409193067,0.686978125,Validation
3,0.815,0.61,78.52,2.03,1210.0,11.09,1.917346145,1.587329303,0.535539797,0.011447213,6.728348951,1.73157586,0.771341583,0.289584147,1.409193067,0.686978125,Training
4,0.619,0.61,78.52,1.98,1255.6,11.09,1.917346145,1.587329303,0.535539797,0.011447213,6.728348951,1.73157586,0.771341583,0.289584147,1.409193067,0.686978125,Validation
5,0.24,0.61,78.52,2.08,1327.2,11.09,1.917346145,1.587329303,0.535539797,0.011447213,6.728348951,1.73157586,0.771341583,0.289584147,1.409193067,0.686978125,Validation
6,0.171,0.61,78.52,1.96,1386.3,11.09,1.917346145,1.587329303,0.535539797,0.011447213,6.728348951,1.73157586,0.771341583,0.289584147,1.409193067,0.686978125,Training
7,0.121,0.61,78.52,2.01,1457.9,11.09,1.917346145,1.587329303,0.535539797,0.011447213,6.728348951,1.73157586,0.771341583,0.289584147,1.409193067,0.686978125,Training
9,0.077,0.61,78.52,2.04,1516.1,11.09,1.917346145,1.587329303,0.535539797,0.011447213,6.728348951,1.73157586,0.771341583,0.289584147,1.409193067,0.686978125,Validation
10,0.046,0.61,78.52,2.06,1585.2,11.09,1.917346145,1.587329303,0.535539797,0.011447213,6.728348951,1.73157586,0.771341583,0.289584147,1.409193067,0.686978125,Training
11,2.388,0.61,78.52,10.5,1070.7,11.09,1.917346145,1.587329303,0.535539797,0.011447213,6.728348951,1.73157586,0.771341583,0.289584147,1.409193067,0.686978125,Validation
12,0.643,0.61,78.52,10.9,1109.6,11.09,1.917346145,1.587329303,0.535539797,0.011447213,6.728348951,1.73157586,0.771341583,0.289584147,1.409193067,0.686978125,Training
13,0.344,0.61,78.52,9.31,1164.1,11.09,1.917346145,1.587329303,0.535539797,0.011447213,6.728348951,1.73157586,0.771341583,0.289584147,1.409193067,0.686978125,Training
14,0.159,0.61,78.52,9.69,1281.8,11.09,1.917346145,1.587329303,0.535539797,0.011447213,6.728348951,1.73157586,0.771341583,0.289584147,1.409193067,0.686978125,Training
15,0.03,0.61,78.52,10.7,1372.1,11.09,1.917346145,1.587329303,0.535539797,0.011447213,6.728348951,1.73157586,0.771341583,0.289584147,1.409193067,0.686978125,Validation
16,0.024,0.61,78.52,10.8,1382.9,11.09,1.917346145,1.587329303,0.535539797,0.011447213,6.728348951,1.73157586,0.771341583,0.289584147,1.409193067,0.686978125,Training
17,0.025,0.61,78.52,10.6,1386.5,11.09,1.917346145,1.587329303,0.535539797,0.011447213,6.728348951,1.73157586,0.771341583,0.289584147,1.409193067,0.686978125,Validation
18,1.228,1.25,78.01,1.81,1095.0,11.09,1.917346145,1.587329303,0.535539797,0.011447213,6.728348951,1.73157586,0.771341583,0.289584147,1.409193067,0.686978125,Training
19,1.1,1.25,78.01,2.1,1166.6,11.09,1.917346145,1.587329303,0.535539797,0.011447213,6.728348951,1.73157586,0.771341583,0.289584147,1.409193067,0.686978125,Training
20,0.63,1.25,78.01,1.98,1261.5,11.09,1.917346145,1.587329303,0.535539797,0.011447213,6.728348951,1.73157586,0.771341583,0.289584147,1.409193067,0.686978125,Validation
21,0.398,1.25,78.01,2.04,1312.9,11.09,1.917346145,1.587329303,0.535539797,0.011447213,6.728348951,1.73157586,0.771341583,0.289584147,1.409193067,0.686978125,Training
22,0.211,1.25,78.01,2.0,1370.4,11.09,1.917346145,1.587329303,0.535539797,0.011447213,6.728348951,1.73157586,0.771341583,0.289584147,1.409193067,0.686978125,Validation
23,0.126,1.25,78.01,2.1,1434.5,11.09,1.917346145,1.587329303,0.535539797,0.011447213,6.728348951,1.73157586,0.771341583,0.289584147,1.409193067,0.686978125,Training
24,0.119,1.25,78.01,1.95,1484.1,11.09,1.917346145,1.587329303,0.535539797,0.011447213,6.728348951,1.73157586,0.771341583,0.289584147,1.409193067,0.686978125,Validation
25,0.07,1.25,78.01,1.89,1484.1,11.09,1.917346145,1.587329303,0.535539797,0.011447213,6.728348951,1.73157586,0.771341583,0.289584147,1.409193067,0.686978125,Training
26,0.041,1.25,78.01,2.05,1570.9,11.09,1.917346145,1.587329303,0.535539797,0.011447213,6.728348951,1.73157586,0.771341583,0.289584147,1.409193067,0.686978125,Training
28,1.823,1.25,78.01,9.97,988.9,11.09,1.917346145,1.587329303,0.535539797,0.011447213,6.728348951,1.73157586,0.771341583,0.289584147,1.409193067,0.686978125,Training
29,1.475,1.25,78.01,9.42,1011.4,11.09,1.917346145,1.587329303,0.535539797,0.011447213,6.728348951,1.73157586,0.771341583,0.289584147,1.409193067,0.686978125,Validation
30,0.693,1.25,78.01,9.32,1069.5,11.09,1.917346145,1.587329303,0.535539797,0.011447213,6.728348951,1.73157586,0.771341583,0.289584147,1.409193067,0.686978125,Training
31,0.684,1.25,78.01,9.65,1084.4,11.09,1.917346145,1.587329303,0.535539797,0.011447213,6.728348951,1.73157586,0.771341583,0.289584147,1.409193067,0.686978125,Validation
32,0.358,1.25,78.01,10.0,1151.0,11.09,1.917346145,1.587329303,0.535539797,0.011447213,6.728348951,1.73157586,0.771341583,0.289584147,1.409193067,0.686978125,Training
33,0.213,1.25,78.01,10.2,1211.2,11.09,1.917346145,1.587329303,0.535539797,0.011447213,6.728348951,1.73157586,0.771341583,0.289584147,1.409193067,0.686978125,Training
35,0.055,1.25,78.01,9.44,1355.9,11.09,1.917346145,1.587329303,0.535539797,0.011447213,6.728348951,1.73157586,0.771341583,0.289584147,1.409193067,0.686978125,Training
36,0.013,1.25,78.01,10.14,1439.4,11.09,1.917346145,1.587329303,0.535539797,0.011447213,6.728348951,1.73157586,0.771341583,0.289584147,1.409193067,0.686978125,Training
37,1.552,2.47,77.05,2.0,1150.3,11.09,1.917346145,1.587329303,0.535539797,0.011447213,6.728348951,1.73157586,0.771341583,0.289584147,1.409193067,0.686978125,Validation
38,0.957,2.47,77.05,1.97,1194.0,11.09,1.917346145,1.587329303,0.535539797,0.011447213,6.728348951,1.73157586,0.771341583,0.289584147,1.409193067,0.686978125,Training
39,0.827,2.47,77.05,1.98,1246.0,11.09,1.917346145,1.587329303,0.535539797,0.011447213,6.728348951,1.73157586,0.771341583,0.289584147,1.409193067,0.686978125,Validation
40,0.448,2.47,77.05,2.08,1325.5,11.09,1.917346145,1.587329303,0.535539797,0.011447213,6.728348951,1.73157586,0.771341583,0.289584147,1.409193067,0.686978125,Training
41,0.208,2.47,77.05,2.08,1426.7,11.09,1.917346145,1.587329303,0.535539797,0.011447213,6.728348951,1.73157586,0.771341583,0.289584147,1.409193067,0.686978125,Training
42,0.163,2.47,77.05,1.93,1477.1,11.09,1.917346145,1.587329303,0.535539797,0.011447213,6.728348951,1.73157586,0.771341583,0.289584147,1.409193067,0.686978125,Validation
43,0.081,2.47,77.05,2.0,1553.6,11.09,1.917346145,1.587329303,0.535539797,0.011447213,6.728348951,1.73157586,0.771341583,0.289584147,1.409193067,0.686978125,Training
44,1.81,2.47,77.05,11.1,1041.4,11.09,1.917346145,1.587329303,0.535539797,0.011447213,6.728348951,1.73157586,0.771341583,0.289584147,1.409193067,0.686978125,Training
45,0.916,2.47,77.05,9.55,1080.8,11.09,1.917346145,1.587329303,0.535539797,0.011447213,6.728348951,1.73157586,0.771341583,0.289584147,1.409193067,0.686978125,Training
46,0.289,2.47,77.05,10.36,1161.2,11.09,1.917346145,1.587329303,0.535539797,0.011447213,6.728348951,1.73157586,0.771341583,0.289584147,1.409193067,0.686978125,Validation
47,0.198,2.47,77.05,10.24,1211.5,11.09,1.917346145,1.587329303,0.535539797,0.011447213,6.728348951,1.73157586,0.771341583,0.289584147,1.409193067,0.686978125,Training
48,0.082,2.47,77.05,9.43,1332.9,11.09,1.917346145,1.587329303,0.535539797,0.011447213,6.728348951,1.73157586,0.771341583,0.289584147,1.409193067,0.686978125,Validation
49,0.067,2.47,77.05,9.3,1356.6,11.09,1.917346145,1.587329303,0.535539797,0.011447213,6.728348951,1.73157586,0.771341583,0.289584147,1.409193067,0.686978125,Training
50,1.335,0.65,78.48,2.03,1158.8,11.3,0.749021067,0.89719832,0.076294116,0.0,6.158590143,0.156115339,3.107687167,0.045571229,0.071082137,0.351889773,Training
52,0.759,0.65,78.48,1.91,1195.8,11.3,0.749021067,0.89719832,0.076294116,0.0,6.158590143,0.156115339,3.107687167,0.045571229,0.071082137,0.351889773,Validation
53,0.389,0.65,78.48,1.9,1266.4,11.3,0.749021067,0.89719832,0.076294116,0.0,6.158590143,0.156115339,3.107687167,0.045571229,0.071082137,0.351889773,Training
54,0.204,0.65,78.48,2.07,1345.5,11.3,0.749021067,0.89719832,0.076294116,0.0,6.158590143,0.156115339,3.107687167,0.045571229,0.071082137,0.351889773,Training
55,0.149,0.65,78.48,1.96,1386.9,11.3,0.749021067,0.89719832,0.076294116,0.0,6.158590143,0.156115339,3.107687167,0.045571229,0.071082137,0.351889773,Validation
56,0.12,0.65,78.48,1.97,1432.7,11.3,0.749021067,0.89719832,0.076294116,0.0,6.158590143,0.156115339,3.107687167,0.045571229,0.071082137,0.351889773,Training
57,0.058,0.65,78.48,1.99,1498.1,11.3,0.749021067,0.89719832,0.076294116,0.0,6.158590143,0.156115339,3.107687167,0.045571229,0.071082137,0.351889773,Training
58,0.059,0.65,78.48,2.02,1513.3,11.3,0.749021067,0.89719832,0.076294116,0.0,6.158590143,0.156115339,3.107687167,0.045571229,0.071082137,0.351889773,Validation
59,1.7,0.65,78.48,10.16,1076.9,11.3,0.749021067,0.89719832,0.076294116,0.0,6.158590143,0.156115339,3.107687167,0.045571229,0.071082137,0.351889773,Validation
60,0.799,0.65,78.48,10.2,1110.7,11.3,0.749021067,0.89719832,0.076294116,0.0,6.158590143,0.156115339,3.107687167,0.045571229,0.071082137,0.351889773,Training
61,0.345,0.65,78.48,9.57,1172.9,11.3,0.749021067,0.89719832,0.076294116,0.0,6.158590143,0.156115339,3.107687167,0.045571229,0.071082137,0.351889773,Training
62,0.193,0.65,78.48,10.48,1236.1,11.3,0.749021067,0.89719832,0.076294116,0.0,6.158590143,0.156115339,3.107687167,0.045571229,0.071082137,0.351889773,Validation
63,0.156,0.65,78.48,10.67,1251.4,11.3,0.749021067,0.89719832,0.076294116,0.0,6.158590143,0.156115339,3.107687167,0.045571229,0.071082137,0.351889773,Training
64,0.096,0.65,78.48,9.82,1289.3,11.3,0.749021067,0.89719832,0.076294116,0.0,6.158590143,0.156115339,3.107687167,0.045571229,0.071082137,0.351889773,Validation
65,0.046,0.65,78.48,10.2,1343.6,11.3,0.749021067,0.89719832,0.076294116,0.0,6.158590143,0.156115339,3.107687167,0.045571229,0.071082137,0.351889773,Validation
66,0.04,0.65,78.48,10.56,1363.2,11.3,0.749021067,0.89719832,0.076294116,0.0,6.158590143,0.156115339,3.107687167,0.045571229,0.071082137,0.351889773,Training
67,0.039,0.65,78.48,10.5,1373.9,11.3,0.749021067,0.89719832,0.076294116,0.0,6.158590143,0.156115339,3.107687167,0.045571229,0.071082137,0.351889773,Validation
68,2.042,1.3,77.98,1.98,1085.9,11.3,0.749021067,0.89719832,0.076294116,0.0,6.158590143,0.156115339,3.107687167,0.045571229,0.071082137,0.351889773,Training
70,1.188,1.3,77.98,2.09,1128.0,11.3,0.749021067,0.89719832,0.076294116,0.0,6.158590143,0.156115339,3.107687167,0.045571229,0.071082137,0.351889773,Validation
71,0.959,1.3,77.98,1.91,1137.5,11.3,0.749021067,0.89719832,0.076294116,0.0,6.158590143,0.156115339,3.107687167,0.045571229,0.071082137,0.351889773,Training
73,0.584,1.3,77.98,1.91,1273.7,11.3,0.749021067,0.89719832,0.076294116,0.0,6.158590143,0.156115339,3.107687167,0.045571229,0.071082137,0.351889773,Training
75,0.297,1.3,77.98,2.05,1368.0,11.3,0.749021067,0.89719832,0.076294116,0.0,6.158590143,0.156115339,3.107687167,0.045571229,0.071082137,0.351889773,Training
76,0.186,1.3,77.98,2.01,1414.8,11.3,0.749021067,0.89719832,0.076294116,0.0,6.158590143,0.156115339,3.107687167,0.045571229,0.071082137,0.351889773,Validation
77,0.142,1.3,77.98,1.92,1471.3,11.3,0.749021067,0.89719832,0.076294116,0.0,6.158590143,0.156115339,3.107687167,0.045571229,0.071082137,0.351889773,Validation
78,0.071,1.3,77.98,2.04,1519.8,11.3,0.749021067,0.89719832,0.076294116,0.0,6.158590143,0.156115339,3.107687167,0.045571229,0.071082137,0.351889773,Training
79,0.056,1.3,77.98,2.0,1600.7,11.3,0.749021067,0.89719832,0.076294116,0.0,6.158590143,0.156115339,3.107687167,0.045571229,0.071082137,0.351889773,Training
80,0.035,1.3,77.98,1.96,1683.8,11.3,0.749021067,0.89719832,0.076294116,0.0,6.158590143,0.156115339,3.107687167,0.045571229,0.071082137,0.351889773,Training
82,1.237,1.3,77.98,9.69,1058.1,11.3,0.749021067,0.89719832,0.076294116,0.0,6.158590143,0.156115339,3.107687167,0.045571229,0.071082137,0.351889773,Validation
83,0.602,1.3,77.98,10.37,1090.2,11.3,0.749021067,0.89719832,0.076294116,0.0,6.158590143,0.156115339,3.107687167,0.045571229,0.071082137,0.351889773,Training
84,0.399,1.3,77.98,10.89,1114.9,11.3,0.749021067,0.89719832,0.076294116,0.0,6.158590143,0.156115339,3.107687167,0.045571229,0.071082137,0.351889773,Validation
85,0.371,1.3,77.98,10.31,1124.9,11.3,0.749021067,0.89719832,0.076294116,0.0,6.158590143,0.156115339,3.107687167,0.045571229,0.071082137,0.351889773,Validation
86,0.242,1.3,77.98,9.56,1177.6,11.3,0.749021067,0.89719832,0.076294116,0.0,6.158590143,0.156115339,3.107687167,0.045571229,0.071082137,0.351889773,Training
87,0.174,1.3,77.98,10.05,1224.6,11.3,0.749021067,0.89719832,0.076294116,0.0,6.158590143,0.156115339,3.107687167,0.045571229,0.071082137,0.351889773,Training
88,0.146,1.3,77.98,9.59,1247.2,11.3,0.749021067,0.89719832,0.076294116,0.0,6.158590143,0.156115339,3.107687167,0.045571229,0.071082137,0.351889773,Validation
89,0.104,1.3,77.98,10.95,1270.0,11.3,0.749021067,0.89719832,0.076294116,0.0,6.158590143,0.156115339,3.107687167,0.045571229,0.071082137,0.351889773,Training
90,0.063,1.3,77.98,10.8,1306.3,11.3,0.749021067,0.89719832,0.076294116,0.0,6.158590143,0.156115339,3.107687167,0.045571229,0.071082137,0.351889773,Training
91,0.042,1.3,77.98,10.78,1343.2,11.3,0.749021067,0.89719832,0.076294116,0.0,6.158590143,0.156115339,3.107687167,0.045571229,0.071082137,0.351889773,Validation
92,0.945,2.56,76.98,2.07,1169.5,11.3,0.749021067,0.89719832,0.076294116,0.0,6.158590143,0.156115339,3.107687167,0.045571229,0.071082137,0.351889773,Validation
93,0.933,2.56,76.98,2.1,1182.7,11.3,0.749021067,0.89719832,0.076294116,0.0,6.158590143,0.156115339,3.107687167,0.045571229,0.071082137,0.351889773,Training
94,0.813,2.56,76.98,2.03,1209.3,11.3,0.749021067,0.89719832,0.076294116,0.0,6.158590143,0.156115339,3.107687167,0.045571229,0.071082137,0.351889773,Validation
95,0.46,2.56,76.98,2.1,1284.8,11.3,0.749021067,0.89719832,0.076294116,0.0,6.158590143,0.156115339,3.107687167,0.045571229,0.071082137,0.351889773,Validation
96,0.434,2.56,76.98,2.0,1300.2,11.3,0.749021067,0.89719832,0.076294116,0.0,6.158590143,0.156115339,3.107687167,0.045571229,0.071082137,0.351889773,Training
97,0.281,2.56,76.98,1.99,1347.0,11.3,0.749021067,0.89719832,0.076294116,0.0,6.158590143,0.156115339,3.107687167,0.045571229,0.071082137,0.351889773,Training
98,0.175,2.56,76.98,2.0,1402.6,11.3,0.749021067,0.89719832,0.076294116,0.0,6.158590143,0.156115339,3.107687167,0.045571229,0.071082137,0.351889773,Validation
99,0.142,2.56,76.98,2.08,1487.5,11.3,0.749021067,0.89719832,0.076294116,0.0,6.158590143,0.156115339,3.107687167,0.045571229,0.071082137,0.351889773,Training
100,0.092,2.56,76.98,1.98,1544.4,11.3,0.749021067,0.89719832,0.076294116,0.0,6.158590143,0.156115339,3.107687167,0.045571229,0.071082137,0.351889773,Validation
101,1.875,2.56,76.98,9.68,1020.8,11.3,0.749021067,0.89719832,0.076294116,0.0,6.158590143,0.156115339,3.107687167,0.045571229,0.071082137,0.351889773,Training
103,0.338,2.56,76.98,9.38,1136.9,11.3,0.749021067,0.89719832,0.076294116,0.0,6.158590143,0.156115339,3.107687167,0.045571229,0.071082137,0.351889773,Training
104,0.151,2.56,76.98,10.38,1218.1,11.3,0.749021067,0.89719832,0.076294116,0.0,6.158590143,0.156115339,3.107687167,0.045571229,0.071082137,0.351889773,Training
105,0.085,2.56,76.98,9.63,1279.5,11.3,0.749021067,0.89719832,0.076294116,0.0,6.158590143,0.156115339,3.107687167,0.045571229,0.071082137,0.351889773,Training
106,0.036,2.56,76.98,10.39,1372.2,11.3,0.749021067,0.89719832,0.076294116,0.0,6.158590143,0.156115339,3.107687167,0.045571229,0.071082137,0.351889773,Training
107,1.002,0.64,78.5,10.33,1115.0,11.153,1.022847159,0.898999666,0.160814737,0.003741824,3.894257905,0.233603857,1.86637469,0.471071417,0.135860155,0.686735022,Training
108,0.692,0.64,78.5,10.84,1137.6,11.153,1.022847159,0.898999666,0.160814737,0.003741824,3.894257905,0.233603857,1.86637469,0.471071417,0.135860155,0.686735022,Validation
110,0.524,0.64,78.5,9.26,1167.6,11.153,1.022847159,0.898999666,0.160814737,0.003741824,3.894257905,0.233603857,1.86637469,0.471071417,0.135860155,0.686735022,Training
113,0.206,0.64,78.5,9.57,1274.8,11.153,1.022847159,0.898999666,0.160814737,0.003741824,3.894257905,0.233603857,1.86637469,0.471071417,0.135860155,0.686735022,Training
114,0.118,0.64,78.5,9.94,1346.6,11.153,1.022847159,0.898999666,0.160814737,0.003741824,3.894257905,0.233603857,1.86637469,0.471071417,0.135860155,0.686735022,Training
115,0.074,0.64,78.5,10.32,1420.7,11.153,1.022847159,0.898999666,0.160814737,0.003741824,3.894257905,0.233603857,1.86637469,0.471071417,0.135860155,0.686735022,Training
117,1.296,1.27,78.0,10.27,1060.9,11.153,1.022847159,0.898999666,0.160814737,0.003741824,3.894257905,0.233603857,1.86637469,0.471071417,0.135860155,0.686735022,Validation
118,0.93,1.27,78.0,9.72,1086.8,11.153,1.022847159,0.898999666,0.160814737,0.003741824,3.894257905,0.233603857,1.86637469,0.471071417,0.135860155,0.686735022,Training
119,0.71,1.27,78.0,10.13,1105.7,11.153,1.022847159,0.898999666,0.160814737,0.003741824,3.894257905,0.233603857,1.86637469,0.471071417,0.135860155,0.686735022,Validation
120,0.408,1.27,78.0,10.31,1164.4,11.153,1.022847159,0.898999666,0.160814737,0.003741824,3.894257905,0.233603857,1.86637469,0.471071417,0.135860155,0.686735022,Training
122,0.116,1.27,78.0,10.24,1313.9,11.153,1.022847159,0.898999666,0.160814737,0.003741824,3.894257905,0.233603857,1.86637469,0.471071417,0.135860155,0.686735022,Training
123,0.086,1.27,78.0,9.49,1367.3,11.153,1.022847159,0.898999666,0.160814737,0.003741824,3.894257905,0.233603857,1.86637469,0.471071417,0.135860155,0.686735022,Validation
124,0.054,1.27,78.0,9.88,1441.9,11.153,1.022847159,0.898999666,0.160814737,0.003741824,3.894257905,0.233603857,1.86637469,0.471071417,0.135860155,0.686735022,Training
125,1.404,2.5,77.03,10.25,1039.5,11.153,1.022847159,0.898999666,0.160814737,0.003741824,3.894257905,0.233603857,1.86637469,0.471071417,0.135860155,0.686735022,Validation
126,0.948,2.5,77.03,10.34,1063.3,11.153,1.022847159,0.898999666,0.160814737,0.003741824,3.894257905,0.233603857,1.86637469,0.471071417,0.135860155,0.686735022,Training
127,0.446,2.5,77.03,10.77,1132.2,11.153,1.022847159,0.898999666,0.160814737,0.003741824,3.894257905,0.233603857,1.86637469,0.471071417,0.135860155,0.686735022,Training
128,0.276,2.5,77.03,9.73,1186.5,11.153,1.022847159,0.898999666,0.160814737,0.003741824,3.894257905,0.233603857,1.86637469,0.471071417,0.135860155,0.686735022,Training
130,0.07,2.5,77.03,9.82,1388.9,11.153,1.022847159,0.898999666,0.160814737,0.003741824,3.894257905,0.233603857,1.86637469,0.471071417,0.135860155,0.686735022,Validation
131,0.052,2.5,77.03,10.61,1437.0,11.153,1.022847159,0.898999666,0.160814737,0.003741824,3.894257905,0.233603857,1.86637469,0.471071417,0.135860155,0.686735022,Training
132,0.04,2.5,77.03,10.56,1486.1,11.153,1.022847159,0.898999666,0.160814737,0.003741824,3.894257905,0.233603857,1.86637469,0.471071417,0.135860155,0.686735022,Validation
133,1.17,0.64,78.5,9.85,1093.3,11.237,1.470850995,1.239943509,0.361005011,0.008540586,4.032195763,0.395770795,1.75017473,0.503022943,0.19329253,0.610733767,Validation
134,1.027,0.64,78.5,10.24,1111.0,11.237,1.470850995,1.239943509,0.361005011,0.008540586,4.032195763,0.395770795,1.75017473,0.503022943,0.19329253,0.610733767,Training
135,0.5,0.64,78.5,10.25,1161.9,11.237,1.470850995,1.239943509,0.361005011,0.008540586,4.032195763,0.395770795,1.75017473,0.503022943,0.19329253,0.610733767,Validation
136,0.352,0.64,78.5,9.43,1227.4,11.237,1.470850995,1.239943509,0.361005011,0.008540586,4.032195763,0.395770795,1.75017473,0.503022943,0.19329253,0.610733767,Validation
137,0.25,0.64,78.5,10.01,1260.3,11.237,1.470850995,1.239943509,0.361005011,0.008540586,4.032195763,0.395770795,1.75017473,0.503022943,0.19329253,0.610733767,Training
138,0.166,0.64,78.5,10.26,1315.4,11.237,1.470850995,1.239943509,0.361005011,0.008540586,4.032195763,0.395770795,1.75017473,0.503022943,0.19329253,0.610733767,Training
139,0.152,0.64,78.5,10.5,1328.8,11.237,1.470850995,1.239943509,0.361005011,0.008540586,4.032195763,0.395770795,1.75017473,0.503022943,0.19329253,0.610733767,Validation
140,0.098,0.64,78.5,10.09,1405.7,11.237,1.470850995,1.239943509,0.361005011,0.008540586,4.032195763,0.395770795,1.75017473,0.503022943,0.19329253,0.610733767,Training
141,0.069,0.64,78.5,9.59,1470.2,11.237,1.470850995,1.239943509,0.361005011,0.008540586,4.032195763,0.395770795,1.75017473,0.503022943,0.19329253,0.610733767,Training
144,0.835,1.27,78.0,9.84,1091.0,11.237,1.470850995,1.239943509,0.361005011,0.008540586,4.032195763,0.395770795,1.75017473,0.503022943,0.19329253,0.610733767,Training
145,0.464,1.27,78.0,10.12,1155.7,11.237,1.470850995,1.239943509,0.361005011,0.008540586,4.032195763,0.395770795,1.75017473,0.503022943,0.19329253,0.610733767,Training
146,0.323,1.27,78.0,10.14,1207.1,11.237,1.470850995,1.239943509,0.361005011,0.008540586,4.032195763,0.395770795,1.75017473,0.503022943,0.19329253,0.610733767,Validation
147,0.222,1.27,78.0,10.02,1251.1,11.237,1.470850995,1.239943509,0.361005011,0.008540586,4.032195763,0.395770795,1.75017473,0.503022943,0.19329253,0.610733767,Training
148,0.16,1.27,78.0,10.03,1301.8,11.237,1.470850995,1.239943509,0.361005011,0.008540586,4.032195763,0.395770795,1.75017473,0.503022943,0.19329253,0.610733767,Training
149,0.108,1.27,78.0,9.97,1357.9,11.237,1.470850995,1.239943509,0.361005011,0.008540586,4.032195763,0.395770795,1.75017473,0.503022943,0.19329253,0.610733767,Validation
150,0.068,1.27,78.0,10.5,1431.9,11.237,1.470850995,1.239943509,0.361005011,0.008540586,4.032195763,0.395770795,1.75017473,0.503022943,0.19329253,0.610733767,Training
151,0.044,1.27,78.0,10.24,1517.0,11.237,1.470850995,1.239943509,0.361005011,0.008540586,4.032195763,0.395770795,1.75017473,0.503022943,0.19329253,0.610733767,Training
152,0.705,2.5,77.03,10.05,1082.1,11.237,1.470850995,1.239943509,0.361005011,0.008540586,4.032195763,0.395770795,1.75017473,0.503022943,0.19329253,0.610733767,Validation
153,0.491,2.5,77.03,10.35,1114.9,11.237,1.470850995,1.239943509,0.361005011,0.008540586,4.032195763,0.395770795,1.75017473,0.503022943,0.19329253,0.610733767,Training
154,0.399,2.5,77.03,9.98,1148.9,11.237,1.470850995,1.239943509,0.361005011,0.008540586,4.032195763,0.395770795,1.75017473,0.503022943,0.19329253,0.610733767,Validation
155,0.321,2.5,77.03,10.34,1165.2,11.237,1.470850995,1.239943509,0.361005011,0.008540586,4.032195763,0.395770795,1.75017473,0.503022943,0.19329253,0.610733767,Validation
156,0.184,2.5,77.03,10.06,1253.3,11.237,1.470850995,1.239943509,0.361005011,0.008540586,4.032195763,0.395770795,1.75017473,0.503022943,0.19329253,0.610733767,Training
157,0.107,2.5,77.03,9.8,1348.3,11.237,1.470850995,1.239943509,0.361005011,0.008540586,4.032195763,0.395770795,1.75017473,0.503022943,0.19329253,0.610733767,Training
158,0.065,2.5,77.03,10.54,1443.5,11.237,1.470850995,1.239943509,0.361005011,0.008540586,4.032195763,0.395770795,1.75017473,0.503022943,0.19329253,0.610733767,Training
160,1.462,0.61,78.52,2.77,1155.0,11.09,1.684949357,1.023221173,0.059520731,0.0,5.091725497,0.022388021,0.198154639,0.0,3.768732341,0.832154086,Training
161,1.278,0.61,78.52,2.84,1171.5,11.09,1.684949357,1.023221173,0.059520731,0.0,5.091725497,0.022388021,0.198154639,0.0,3.768732341,0.832154086,Validation
163,0.628,0.61,78.52,3.22,1237.6,11.09,1.684949357,1.023221173,0.059520731,0.0,5.091725497,0.022388021,0.198154639,0.0,3.768732341,0.832154086,Training
164,0.372,0.61,78.52,3.02,1304.5,11.09,1.684949357,1.023221173,0.059520731,0.0,5.091725497,0.022388021,0.198154639,0.0,3.768732341,0.832154086,Validation
165,0.236,0.61,78.52,3.2,1339.3,11.09,1.684949357,1.023221173,0.059520731,0.0,5.091725497,0.022388021,0.198154639,0.0,3.768732341,0.832154086,Training
166,0.158,0.61,78.52,3.05,1411.6,11.09,1.684949357,1.023221173,0.059520731,0.0,5.091725497,0.022388021,0.198154639,0.0,3.768732341,0.832154086,Training
169,0.244,0.61,78.52,11.2,1261.3,11.09,1.684949357,1.023221173,0.059520731,0.0,5.091725497,0.022388021,0.198154639,0.0,3.768732341,0.832154086,Validation
170,0.298,0.61,78.52,10.67,1234.3,11.09,1.684949357,1.023221173,0.059520731,0.0,5.091725497,0.022388021,0.198154639,0.0,3.768732341,0.832154086,Training
171,0.176,0.61,78.52,10.01,1300.3,11.09,1.684949357,1.023221173,0.059520731,0.0,5.091725497,0.022388021,0.198154639,0.0,3.768732341,0.832154086,Training
172,1.496,0.61,78.52,9.73,1087.5,11.09,1.684949357,1.023221173,0.059520731,0.0,5.091725497,0.022388021,0.198154639,0.0,3.768732341,0.832154086,Training
173,0.774,0.61,78.52,8.79,1135.3,11.09,1.684949357,1.023221173,0.059520731,0.0,5.091725497,0.022388021,0.198154639,0.0,3.768732341,0.832154086,Validation
174,0.09,0.61,78.52,9.89,1392.7,11.09,1.684949357,1.023221173,0.059520731,0.0,5.091725497,0.022388021,0.198154639,0.0,3.768732341,0.832154086,Validation
175,0.062,0.61,78.52,9.98,1448.9,11.09,1.684949357,1.023221173,0.059520731,0.0,5.091725497,0.022388021,0.198154639,0.0,3.768732341,0.832154086,Training
176,0.704,0.61,78.52,9.3,1144.2,11.09,1.684949357,1.023221173,0.059520731,0.0,5.091725497,0.022388021,0.198154639,0.0,3.768732341,0.832154086,Training
177,0.5,0.61,78.52,9.84,1172.0,11.09,1.684949357,1.023221173,0.059520731,0.0,5.091725497,0.022388021,0.198154639,0.0,3.768732341,0.832154086,Training
178,0.934,1.25,78.01,2.89,1181.0,11.09,1.684949357,1.023221173,0.059520731,0.0,5.091725497,0.022388021,0.198154639,0.0,3.768732341,0.832154086,Training
179,0.28,1.25,78.01,3.17,1331.5,11.09,1.684949357,1.023221173,0.059520731,0.0,5.091725497,0.022388021,0.198154639,0.0,3.768732341,0.832154086,Training
180,0.106,1.25,78.01,3.32,1466.8,11.09,1.684949357,1.023221173,0.059520731,0.0,5.091725497,0.022388021,0.198154639,0.0,3.768732341,0.832154086,Training
181,0.24,1.25,78.01,2.73,1342.5,11.09,1.684949357,1.023221173,0.059520731,0.0,5.091725497,0.022388021,0.198154639,0.0,3.768732341,0.832154086,Validation
182,0.084,1.25,78.01,3.0,1499.3,11.09,1.684949357,1.023221173,0.059520731,0.0,5.091725497,0.022388021,0.198154639,0.0,3.768732341,0.832154086,Validation
183,0.108,1.25,78.01,3.26,1455.1,11.09,1.684949357,1.023221173,0.059520731,0.0,5.091725497,0.022388021,0.198154639,0.0,3.768732341,0.832154086,Validation
185,0.426,1.25,78.01,3.24,1282.5,11.09,1.684949357,1.023221173,0.059520731,0.0,5.091725497,0.022388021,0.198154639,0.0,3.768732341,0.832154086,Validation
186,0.724,1.25,78.01,3.13,1221.3,11.09,1.684949357,1.023221173,0.059520731,0.0,5.091725497,0.022388021,0.198154639,0.0,3.768732341,0.832154086,Validation
187,1.464,1.25,78.01,3.1,1156.0,11.09,1.684949357,1.023221173,0.059520731,0.0,5.091725497,0.022388021,0.198154639,0.0,3.768732341,0.832154086,Validation
188,0.188,1.25,78.01,2.92,1383.1,11.09,1.684949357,1.023221173,0.059520731,0.0,5.091725497,0.022388021,0.198154639,0.0,3.768732341,0.832154086,Validation
189,0.646,1.25,78.01,10.67,1130.2,11.09,1.684949357,1.023221173,0.059520731,0.0,5.091725497,0.022388021,0.198154639,0.0,3.768732341,0.832154086,Training
190,0.492,1.25,78.01,9.19,1158.2,11.09,1.684949357,1.023221173,0.059520731,0.0,5.091725497,0.022388021,0.198154639,0.0,3.768732341,0.832154086,Training
191,1.438,1.25,78.01,10.38,1065.6,11.09,1.684949357,1.023221173,0.059520731,0.0,5.091725497,0.022388021,0.198154639,0.0,3.768732341,0.832154086,Training
192,0.114,1.25,78.01,10.35,1319.8,11.09,1.684949357,1.023221173,0.059520731,0.0,5.091725497,0.022388021,0.198154639,0.0,3.768732341,0.832154086,Training
193,0.058,1.25,78.01,10.26,1416.4,11.09,1.684949357,1.023221173,0.059520731,0.0,5.091725497,0.022388021,0.198154639,0.0,3.768732341,0.832154086,Training
194,0.3,1.25,78.01,10.05,1202.8,11.09,1.684949357,1.023221173,0.059520731,0.0,5.091725497,0.022388021,0.198154639,0.0,3.768732341,0.832154086,Training
195,0.217,1.25,78.01,9.91,1245.2,11.09,1.684949357,1.023221173,0.059520731,0.0,5.091725497,0.022388021,0.198154639,0.0,3.768732341,0.832154086,Validation
196,0.07,1.25,78.01,10.65,1389.2,11.09,1.684949357,1.023221173,0.059520731,0.0,5.091725497,0.022388021,0.198154639,0.0,3.768732341,0.832154086,Validation
197,0.514,2.47,77.05,3.3,1248.5,11.09,1.684949357,1.023221173,0.059520731,0.0,5.091725497,0.022388021,0.198154639,0.0,3.768732341,0.832154086,Validation
198,1.418,2.47,77.05,3.27,1137.1,11.09,1.684949357,1.023221173,0.059520731,0.0,5.091725497,0.022388021,0.198154639,0.0,3.768732341,0.832154086,Validation
199,0.39,2.47,77.05,2.9,1281.7,11.09,1.684949357,1.023221173,0.059520731,0.0,5.091725497,0.022388021,0.198154639,0.0,3.768732341,0.832154086,Training
200,0.251,2.47,77.05,3.16,1328.5,11.09,1.684949357,1.023221173,0.059520731,0.0,5.091725497,0.022388021,0.198154639,0.0,3.768732341,0.832154086,Training
201,0.166,2.47,77.05,2.97,1394.6,11.09,1.684949357,1.023221173,0.059520731,0.0,5.091725497,0.022388021,0.198154639,0.0,3.768732341,0.832154086,Training
202,0.08,2.47,77.05,3.11,1474.3,11.09,1.684949357,1.023221173,0.059520731,0.0,5.091725497,0.022388021,0.198154639,0.0,3.768732341,0.832154086,Training
203,0.643,2.47,77.05,3.09,1214.1,11.09,1.684949357,1.023221173,0.059520731,0.0,5.091725497,0.022388021,0.198154639,0.0,3.768732341,0.832154086,Validation
204,0.81,2.47,77.05,2.92,1187.0,11.09,1.684949357,1.023221173,0.059520731,0.0,5.091725497,0.022388021,0.198154639,0.0,3.768732341,0.832154086,Training
205,0.346,2.47,77.05,9.43,1171.8,11.09,1.684949357,1.023221173,0.059520731,0.0,5.091725497,0.022388021,0.198154639,0.0,3.768732341,0.832154086,Training
206,0.482,2.47,77.05,10.97,1115.8,11.09,1.684949357,1.023221173,0.059520731,0.0,5.091725497,0.022388021,0.198154639,0.0,3.768732341,0.832154086,Training
207,1.021,2.47,77.05,10.34,1063.5,11.09,1.684949357,1.023221173,0.059520731,0.0,5.091725497,0.022388021,0.198154639,0.0,3.768732341,0.832154086,Training
208,0.166,2.47,77.05,10.85,1241.1,11.09,1.684949357,1.023221173,0.059520731,0.0,5.091725497,0.022388021,0.198154639,0.0,3.768732341,0.832154086,Validation
209,0.056,2.47,77.05,10.22,1392.9,11.09,1.684949357,1.023221173,0.059520731,0.0,5.091725497,0.022388021,0.198154639,0.0,3.768732341,0.832154086,Training
210,0.084,2.47,77.05,10.54,1329.8,11.09,1.684949357,1.023221173,0.059520731,0.0,5.091725497,0.022388021,0.198154639,0.0,3.768732341,0.832154086,Validation
211,0.278,2.47,77.05,10.2,1209.5,11.09,1.684949357,1.023221173,0.059520731,0.0,5.091725497,0.022388021,0.198154639,0.0,3.768732341,0.832154086,Training
212,1.519,0.64,78.5,2.95,1141.1,11.44,0.474834098,1.983831688,0.87884685,0.0,0.183167895,0.017747095,0.003693216,0.0,0.002724768,0.0,Training
213,0.849,0.64,78.5,3.03,1205.1,11.44,0.474834098,1.983831688,0.87884685,0.0,0.183167895,0.017747095,0.003693216,0.0,0.002724768,0.0,Validation
215,0.259,0.64,78.5,2.98,1320.9,11.44,0.474834098,1.983831688,0.87884685,0.0,0.183167895,0.017747095,0.003693216,0.0,0.002724768,0.0,Training
216,0.138,0.64,78.5,3.04,1409.0,11.44,0.474834098,1.983831688,0.87884685,0.0,0.183167895,0.017747095,0.003693216,0.0,0.002724768,0.0,Training
217,0.071,0.64,78.5,2.9,1475.0,11.44,0.474834098,1.983831688,0.87884685,0.0,0.183167895,0.017747095,0.003693216,0.0,0.002724768,0.0,Training
218,1.54,0.64,78.5,10.03,1081.3,11.44,0.474834098,1.983831688,0.87884685,0.0,0.183167895,0.017747095,0.003693216,0.0,0.002724768,0.0,Validation
219,0.985,0.64,78.5,9.57,1128.9,11.44,0.474834098,1.983831688,0.87884685,0.0,0.183167895,0.017747095,0.003693216,0.0,0.002724768,0.0,Training
220,0.497,0.64,78.5,9.85,1192.5,11.44,0.474834098,1.983831688,0.87884685,0.0,0.183167895,0.017747095,0.003693216,0.0,0.002724768,0.0,Training
221,0.27,0.64,78.5,10.35,1248.8,11.44,0.474834098,1.983831688,0.87884685,0.0,0.183167895,0.017747095,0.003693216,0.0,0.002724768,0.0,Validation
222,0.222,0.64,78.5,10.29,1276.1,11.44,0.474834098,1.983831688,0.87884685,0.0,0.183167895,0.017747095,0.003693216,0.0,0.002724768,0.0,Training
223,0.145,0.64,78.5,10.43,1324.4,11.44,0.474834098,1.983831688,0.87884685,0.0,0.183167895,0.017747095,0.003693216,0.0,0.002724768,0.0,Validation
224,0.093,0.64,78.5,9.7,1380.2,11.44,0.474834098,1.983831688,0.87884685,0.0,0.183167895,0.017747095,0.003693216,0.0,0.002724768,0.0,Validation
225,0.068,0.64,78.5,9.84,1439.1,11.44,0.474834098,1.983831688,0.87884685,0.0,0.183167895,0.017747095,0.003693216,0.0,0.002724768,0.0,Training
226,1.18,1.27,78.0,3.02,1173.0,11.44,0.474834098,1.983831688,0.87884685,0.0,0.183167895,0.017747095,0.003693216,0.0,0.002724768,0.0,Validation
227,0.997,1.27,78.0,2.94,1189.2,11.44,0.474834098,1.983831688,0.87884685,0.0,0.183167895,0.017747095,0.003693216,0.0,0.002724768,0.0,Training
228,0.655,1.27,78.0,3.02,1224.0,11.44,0.474834098,1.983831688,0.87884685,0.0,0.183167895,0.017747095,0.003693216,0.0,0.002724768,0.0,Validation
229,0.326,1.27,78.0,2.94,1288.8,11.44,0.474834098,1.983831688,0.87884685,0.0,0.183167895,0.017747095,0.003693216,0.0,0.002724768,0.0,Training
230,0.207,1.27,78.0,3.04,1356.9,11.44,0.474834098,1.983831688,0.87884685,0.0,0.183167895,0.017747095,0.003693216,0.0,0.002724768,0.0,Training
231,0.124,1.27,78.0,3.04,1408.3,11.44,0.474834098,1.983831688,0.87884685,0.0,0.183167895,0.017747095,0.003693216,0.0,0.002724768,0.0,Validation
232,0.06,1.27,78.0,3.0,1499.8,11.44,0.474834098,1.983831688,0.87884685,0.0,0.183167895,0.017747095,0.003693216,0.0,0.002724768,0.0,Training
233,1.18,1.27,78.0,9.91,1096.4,11.44,0.474834098,1.983831688,0.87884685,0.0,0.183167895,0.017747095,0.003693216,0.0,0.002724768,0.0,Validation
234,0.57,1.27,78.0,9.93,1146.8,11.44,0.474834098,1.983831688,0.87884685,0.0,0.183167895,0.017747095,0.003693216,0.0,0.002724768,0.0,Training
235,0.38,1.27,78.0,9.86,1192.8,11.44,0.474834098,1.983831688,0.87884685,0.0,0.183167895,0.017747095,0.003693216,0.0,0.002724768,0.0,Validation
236,0.226,1.27,78.0,9.98,1248.9,11.44,0.474834098,1.983831688,0.87884685,0.0,0.183167895,0.017747095,0.003693216,0.0,0.002724768,0.0,Training
237,0.17,1.27,78.0,9.99,1299.2,11.44,0.474834098,1.983831688,0.87884685,0.0,0.183167895,0.017747095,0.003693216,0.0,0.002724768,0.0,Validation
239,0.065,1.27,78.0,10.06,1423.7,11.44,0.474834098,1.983831688,0.87884685,0.0,0.183167895,0.017747095,0.003693216,0.0,0.002724768,0.0,Training
240,1.47,2.5,77.02,2.96,1143.8,11.44,0.474834098,1.983831688,0.87884685,0.0,0.183167895,0.017747095,0.003693216,0.0,0.002724768,0.0,Training
241,0.974,2.5,77.02,2.91,1186.2,11.44,0.474834098,1.983831688,0.87884685,0.0,0.183167895,0.017747095,0.003693216,0.0,0.002724768,0.0,Validation
242,0.49,2.5,77.02,3.04,1257.0,11.44,0.474834098,1.983831688,0.87884685,0.0,0.183167895,0.017747095,0.003693216,0.0,0.002724768,0.0,Training
244,0.192,2.5,77.02,2.93,1365.5,11.44,0.474834098,1.983831688,0.87884685,0.0,0.183167895,0.017747095,0.003693216,0.0,0.002724768,0.0,Training
245,0.13,2.5,77.02,2.88,1414.1,11.44,0.474834098,1.983831688,0.87884685,0.0,0.183167895,0.017747095,0.003693216,0.0,0.002724768,0.0,Validation
246,0.072,2.5,77.02,2.97,1494.4,11.44,0.474834098,1.983831688,0.87884685,0.0,0.183167895,0.017747095,0.003693216,0.0,0.002724768,0.0,Training
247,1.34,2.5,77.02,9.89,1045.8,11.44,0.474834098,1.983831688,0.87884685,0.0,0.183167895,0.017747095,0.003693216,0.0,0.002724768,0.0,Validation
248,0.783,2.5,77.02,10.08,1103.4,11.44,0.474834098,1.983831688,0.87884685,0.0,0.183167895,0.017747095,0.003693216,0.0,0.002724768,0.0,Training
249,0.405,2.5,77.02,10.07,1173.3,11.44,0.474834098,1.983831688,0.87884685,0.0,0.183167895,0.017747095,0.003693216,0.0,0.002724768,0.0,Validation
250,0.245,2.5,77.02,10.19,1224.4,11.44,0.474834098,1.983831688,0.87884685,0.0,0.183167895,0.017747095,0.003693216,0.0,0.002724768,0.0,Training
251,0.18,2.5,77.02,9.98,1268.7,11.44,0.474834098,1.983831688,0.87884685,0.0,0.183167895,0.017747095,0.003693216,0.0,0.002724768,0.0,Validation
252,0.12,2.5,77.02,10.44,1323.9,11.44,0.474834098,1.983831688,0.87884685,0.0,0.183167895,0.017747095,0.003693216,0.0,0.002724768,0.0,Training
254,1.339,0.64,78.5,9.97,1098.5,13.52,2.861791684,0.719549468,1.681708868,0.013712234,0.187642919,0.138090171,0.1152694,0.11863955,0.0,0.005213248,Training
256,0.616,0.64,78.5,9.29,1163.0,13.52,2.861791684,0.719549468,1.681708868,0.013712234,0.187642919,0.138090171,0.1152694,0.11863955,0.0,0.005213248,Training
257,0.304,0.64,78.5,9.8,1238.8,13.52,2.861791684,0.719549468,1.681708868,0.013712234,0.187642919,0.138090171,0.1152694,0.11863955,0.0,0.005213248,Training
258,0.104,0.64,78.5,10.18,1360.7,13.52,2.861791684,0.719549468,1.681708868,0.013712234,0.187642919,0.138090171,0.1152694,0.11863955,0.0,0.005213248,Training
259,0.064,0.64,78.5,9.68,1477.3,13.52,2.861791684,0.719549468,1.681708868,0.013712234,0.187642919,0.138090171,0.1152694,0.11863955,0.0,0.005213248,Training
260,1.288,1.27,78.0,9.43,1074.3,13.52,2.861791684,0.719549468,1.681708868,0.013712234,0.187642919,0.138090171,0.1152694,0.11863955,0.0,0.005213248,Training
261,0.548,1.27,78.0,10.01,1150.4,13.52,2.861791684,0.719549468,1.681708868,0.013712234,0.187642919,0.138090171,0.1152694,0.11863955,0.0,0.005213248,Training
262,0.344,1.27,78.0,10.27,1213.6,13.52,2.861791684,0.719549468,1.681708868,0.013712234,0.187642919,0.138090171,0.1152694,0.11863955,0.0,0.005213248,Training
264,0.089,1.27,78.0,10.08,1405.1,13.52,2.861791684,0.719549468,1.681708868,0.013712234,0.187642919,0.138090171,0.1152694,0.11863955,0.0,0.005213248,Training
265,0.053,1.27,78.0,9.91,1493.3,13.52,2.861791684,0.719549468,1.681708868,0.013712234,0.187642919,0.138090171,0.1152694,0.11863955,0.0,0.005213248,Training
266,1.215,2.5,77.03,10.18,1067.0,13.52,2.861791684,0.719549468,1.681708868,0.013712234,0.187642919,0.138090171,0.1152694,0.11863955,0.0,0.005213248,Training
267,0.684,2.5,77.03,10.14,1105.7,13.52,2.861791684,0.719549468,1.681708868,0.013712234,0.187642919,0.138090171,0.1152694,0.11863955,0.0,0.005213248,Validation
268,0.266,2.5,77.03,10.12,1205.5,13.52,2.861791684,0.719549468,1.681708868,0.013712234,0.187642919,0.138090171,0.1152694,0.11863955,0.0,0.005213248,Training
269,0.119,2.5,77.03,10.12,1306.5,13.52,2.861791684,0.719549468,1.681708868,0.013712234,0.187642919,0.138090171,0.1152694,0.11863955,0.0,0.005213248,Training
270,0.04,2.5,77.03,9.85,1470.2,13.52,2.861791684,0.719549468,1.681708868,0.013712234,0.187642919,0.138090171,0.1152694,0.11863955,0.0,0.005213248,Training
271,1.592,0.64,78.5,9.71,1086.7,12.78,2.544717615,0.843574338,1.154685954,0.009204614,1.255678734,0.110133893,0.149410875,0.079287178,0.987662171,0.295406789,Training
272,0.754,0.64,78.5,9.77,1138.8,12.78,2.544717615,0.843574338,1.154685954,0.009204614,1.255678734,0.110133893,0.149410875,0.079287178,0.987662171,0.295406789,Training
273,0.504,0.64,78.5,9.55,1176.8,12.78,2.544717615,0.843574338,1.154685954,0.009204614,1.255678734,0.110133893,0.149410875,0.079287178,0.987662171,0.295406789,Validation
274,0.298,0.64,78.5,9.7,1233.2,12.78,2.544717615,0.843574338,1.154685954,0.009204614,1.255678734,0.110133893,0.149410875,0.079287178,0.987662171,0.295406789,Training
275,0.104,0.64,78.5,9.69,1330.9,12.78,2.544717615,0.843574338,1.154685954,0.009204614,1.255678734,0.110133893,0.149410875,0.079287178,0.987662171,0.295406789,Training
276,0.072,0.64,78.5,9.82,1388.7,12.78,2.544717615,0.843574338,1.154685954,0.009204614,1.255678734,0.110133893,0.149410875,0.079287178,0.987662171,0.295406789,Validation
277,0.053,0.64,78.5,9.74,1432.2,12.78,2.544717615,0.843574338,1.154685954,0.009204614,1.255678734,0.110133893,0.149410875,0.079287178,0.987662171,0.295406789,Training
278,1.572,1.27,78.0,10.41,1066.5,12.78,2.544717615,0.843574338,1.154685954,0.009204614,1.255678734,0.110133893,0.149410875,0.079287178,0.987662171,0.295406789,Training
279,0.818,1.27,78.0,9.72,1112.2,12.78,2.544717615,0.843574338,1.154685954,0.009204614,1.255678734,0.110133893,0.149410875,0.079287178,0.987662171,0.295406789,Training
280,0.37,1.27,78.0,9.74,1187.0,12.78,2.544717615,0.843574338,1.154685954,0.009204614,1.255678734,0.110133893,0.149410875,0.079287178,0.987662171,0.295406789,Training
281,0.134,1.27,78.0,9.8,1288.6,12.78,2.544717615,0.843574338,1.154685954,0.009204614,1.255678734,0.110133893,0.149410875,0.079287178,0.987662171,0.295406789,Training
282,0.055,1.27,78.0,9.82,1388.8,12.78,2.544717615,0.843574338,1.154685954,0.009204614,1.255678734,0.110133893,0.149410875,0.079287178,0.987662171,0.295406789,Training
283,1.802,2.5,77.03,10.27,1060.5,12.78,2.544717615,0.843574338,1.154685954,0.009204614,1.255678734,0.110133893,0.149410875,0.079287178,0.987662171,0.295406789,Training
284,0.902,2.5,77.03,10.16,1106.8,12.78,2.544717615,0.843574338,1.154685954,0.009204614,1.255678734,0.110133893,0.149410875,0.079287178,0.987662171,0.295406789,Validation
285,0.354,2.5,77.03,9.92,1195.9,12.78,2.544717615,0.843574338,1.154685954,0.009204614,1.255678734,0.110133893,0.149410875,0.079287178,0.987662171,0.295406789,Training
286,0.242,2.5,77.03,9.93,1256.5,12.78,2.544717615,0.843574338,1.154685954,0.009204614,1.255678734,0.110133893,0.149410875,0.079287178,0.987662171,0.295406789,Training
287,0.124,2.5,77.03,10.56,1329.9,12.78,2.544717615,0.843574338,1.154685954,0.009204614,1.255678734,0.110133893,0.149410875,0.079287178,0.987662171,0.295406789,Training
288,0.054,2.5,77.03,9.69,1449.5,12.78,2.544717615,0.843574338,1.154685954,0.009204614,1.255678734,0.110133893,0.149410875,0.079287178,0.987662171,0.295406789,Training
289,6.9798,0.59,78.53,10.88,921.5,11.82,1.684949357,1.023221173,0.059520731,0.0,5.091725497,0.022388021,0.198154639,0.0,3.768732341,0.832154086,Validation
290,3.2174,0.59,78.53,10.88,968.9,11.82,1.684949357,1.023221173,0.059520731,0.0,5.091725497,0.022388021,0.198154639,0.0,3.768732341,0.832154086,Validation
291,2.0852,0.59,78.53,10.88,1017.8,11.82,1.684949357,1.023221173,0.059520731,0.0,5.091725497,0.022388021,0.198154639,0.0,3.768732341,0.832154086,Training
292,0.8717,0.59,78.53,10.88,1084.6,11.82,1.684949357,1.023221173,0.059520731,0.0,5.091725497,0.022388021,0.198154639,0.0,3.768732341,0.832154086,Training
294,0.2536,0.59,78.53,10.88,1237.2,11.82,1.684949357,1.023221173,0.059520731,0.0,5.091725497,0.022388021,0.198154639,0.0,3.768732341,0.832154086,Training
296,7.232,0.59,78.53,10.88,785.2,11.82,1.684949357,1.023221173,0.059520731,0.0,5.091725497,0.022388021,0.198154639,0.0,3.768732341,0.832154086,Validation
297,6.4533,0.59,78.53,10.88,844.1,11.82,1.684949357,1.023221173,0.059520731,0.0,5.091725497,0.022388021,0.198154639,0.0,3.768732341,0.832154086,Training
298,6.7579,0.59,78.53,10.88,881.9,11.82,1.684949357,1.023221173,0.059520731,0.0,5.091725497,0.022388021,0.198154639,0.0,3.768732341,0.832154086,Validation
299,4.25,0.59,78.53,10.88,933.0,11.82,1.684949357,1.023221173,0.059520731,0.0,5.091725497,0.022388021,0.198154639,0.0,3.768732341,0.832154086,Validation
300,3.2964,0.59,78.53,10.88,952.6,11.82,1.684949357,1.023221173,0.059520731,0.0,5.091725497,0.022388021,0.198154639,0.0,3.768732341,0.832154086,Training
301,0.3403,0.59,78.53,10.88,1161.7,11.82,1.684949357,1.023221173,0.059520731,0.0,5.091725497,0.022388021,0.198154639,0.0,3.768732341,0.832154086,Training
302,2.9961,0.59,78.53,10.88,965.6,11.82,1.684949357,1.023221173,0.059520731,0.0,5.091725497,0.022388021,0.198154639,0.0,3.768732341,0.832154086,Validation
303,2.2723,0.59,78.53,10.88,999.8,11.82,1.684949357,1.023221173,0.059520731,0.0,5.091725497,0.022388021,0.198154639,0.0,3.768732341,0.832154086,Validation
304,0.8375,0.59,78.53,10.88,1066.1,11.82,1.684949357,1.023221173,0.059520731,0.0,5.091725497,0.022388021,0.198154639,0.0,3.768732341,0.832154086,Validation
305,0.1575,0.59,78.53,10.88,1233.8,11.82,1.684949357,1.023221173,0.059520731,0.0,5.091725497,0.022388021,0.198154639,0.0,3.768732341,0.832154086,Validation
306,5.7043,1.18,78.07,10.88,773.2,11.82,1.684949357,1.023221173,0.059520731,0.0,5.091725497,0.022388021,0.198154639,0.0,3.768732341,0.832154086,Training
307,6.3575,1.18,78.07,10.88,829.0,11.82,1.684949357,1.023221173,0.059520731,0.0,5.091725497,0.022388021,0.198154639,0.0,3.768732341,0.832154086,Validation
308,4.5319,1.18,78.07,10.88,891.7,11.82,1.684949357,1.023221173,0.059520731,0.0,5.091725497,0.022388021,0.198154639,0.0,3.768732341,0.832154086,Training
309,2.4805,1.18,78.07,10.88,952.1,11.82,1.684949357,1.023221173,0.059520731,0.0,5.091725497,0.022388021,0.198154639,0.0,3.768732341,0.832154086,Validation
311,0.9814,1.18,78.07,10.88,1047.1,11.82,1.684949357,1.023221173,0.059520731,0.0,5.091725497,0.022388021,0.198154639,0.0,3.768732341,0.832154086,Training
312,0.5424,1.18,78.07,10.88,1102.0,11.82,1.684949357,1.023221173,0.059520731,0.0,5.091725497,0.022388021,0.198154639,0.0,3.768732341,0.832154086,Validation
313,0.3977,1.18,78.07,10.88,1141.7,11.82,1.684949357,1.023221173,0.059520731,0.0,5.091725497,0.022388021,0.198154639,0.0,3.768732341,0.832154086,Training
314,0.2137,1.18,78.07,10.88,1226.5,11.82,1.684949357,1.023221173,0.059520731,0.0,5.091725497,0.022388021,0.198154639,0.0,3.768732341,0.832154086,Training
315,4.9193,1.76,77.61,10.88,795.9,11.82,1.684949357,1.023221173,0.059520731,0.0,5.091725497,0.022388021,0.198154639,0.0,3.768732341,0.832154086,Validation
316,4.3233,1.76,77.61,10.88,749.4,11.82,1.684949357,1.023221173,0.059520731,0.0,5.091725497,0.022388021,0.198154639,0.0,3.768732341,0.832154086,Training
317,5.8276,1.76,77.61,10.88,832.7,11.82,1.684949357,1.023221173,0.059520731,0.0,5.091725497,0.022388021,0.198154639,0.0,3.768732341,0.832154086,Training
318,4.9722,1.76,77.61,10.88,883.7,11.82,1.684949357,1.023221173,0.059520731,0.0,5.091725497,0.022388021,0.198154639,0.0,3.768732341,0.832154086,Validation
319,1.9295,1.76,77.61,10.88,960.8,11.82,1.684949357,1.023221173,0.059520731,0.0,5.091725497,0.022388021,0.198154639,0.0,3.768732341,0.832154086,Training
321,1.1586,1.76,77.61,10.88,1034.9,11.82,1.684949357,1.023221173,0.059520731,0.0,5.091725497,0.022388021,0.198154639,0.0,3.768732341,0.832154086,Training
322,0.4712,1.76,77.61,10.88,1109.6,11.82,1.684949357,1.023221173,0.059520731,0.0,5.091725497,0.022388021,0.198154639,0.0,3.768732341,0.832154086,Training
324,10.0378,0.59,88.97,10.88,817.0,11.82,1.684949357,1.023221173,0.059520731,0.0,5.091725497,0.022388021,0.198154639,0.0,3.768732341,0.832154086,Training
325,8.8067,0.59,88.97,10.88,864.4,11.82,1.684949357,1.023221173,0.059520731,0.0,5.091725497,0.022388021,0.198154639,0.0,3.768732341,0.832154086,Validation
326,6.7526,0.59,88.97,10.88,904.5,11.82,1.684949357,1.023221173,0.059520731,0.0,5.091725497,0.022388021,0.198154639,0.0,3.768732341,0.832154086,Validation
327,6.2996,0.59,88.97,10.88,922.1,11.82,1.684949357,1.023221173,0.059520731,0.0,5.091725497,0.022388021,0.198154639,0.0,3.768732341,0.832154086,Validation
328,0.5574,0.59,88.97,10.88,1157.0,11.82,1.684949357,1.023221173,0.059520731,0.0,5.091725497,0.022388021,0.198154639,0.0,3.768732341,0.832154086,Validation
329,3.5289,0.59,88.97,10.88,958.6,11.82,1.684949357,1.023221173,0.059520731,0.0,5.091725497,0.022388021,0.198154639,0.0,3.768732341,0.832154086,Training
330,1.5373,0.59,88.97,10.88,1044.6,11.82,1.684949357,1.023221173,0.059520731,0.0,5.091725497,0.022388021,0.198154639,0.0,3.768732341,0.832154086,Training
331,0.1539,0.59,88.97,10.88,1295.3,11.82,1.684949357,1.023221173,0.059520731,0.0,5.091725497,0.022388021,0.198154639,0.0,3.768732341,0.832154086,Training
332,11.0094,0.59,88.97,10.88,901.8,11.82,1.684949357,1.023221173,0.059520731,0.0,5.091725497,0.022388021,0.198154639,0.0,3.768732341,0.832154086,Training
333,8.9756,0.59,88.97,10.88,908.8,11.82,1.684949357,1.023221173,0.059520731,0.0,5.091725497,0.022388021,0.198154639,0.0,3.768732341,0.832154086,Validation
334,4.4196,0.59,88.97,10.88,947.6,11.82,1.684949357,1.023221173,0.059520731,0.0,5.091725497,0.022388021,0.198154639,0.0,3.768732341,0.832154086,Validation
335,2.5072,0.59,88.97,10.88,1008.5,11.82,1.684949357,1.023221173,0.059520731,0.0,5.091725497,0.022388021,0.198154639,0.0,3.768732341,0.832154086,Validation
336,1.0052,0.59,88.97,10.88,1099.5,11.82,1.684949357,1.023221173,0.059520731,0.0,5.091725497,0.022388021,0.198154639,0.0,3.768732341,0.832154086,Validation
337,0.5186,0.59,88.97,10.88,1185.7,11.82,1.684949357,1.023221173,0.059520731,0.0,5.091725497,0.022388021,0.198154639,0.0,3.768732341,0.832154086,Validation
339,0.0827,0.59,88.97,10.88,1397.4,11.82,1.684949357,1.023221173,0.059520731,0.0,5.091725497,0.022388021,0.198154639,0.0,3.768732341,0.832154086,Validation
340,5.4239,0.59,88.97,10.88,958.6,11.82,1.684949357,1.023221173,0.059520731,0.0,5.091725497,0.022388021,0.198154639,0.0,3.768732341,0.832154086,Validation
342,3.8677,0.59,88.97,10.88,1004.5,11.82,1.684949357,1.023221173,0.059520731,0.0,5.091725497,0.022388021,0.198154639,0.0,3.768732341,0.832154086,Validation
343,2.2017,0.59,88.97,10.88,1059.8,11.82,1.684949357,1.023221173,0.059520731,0.0,5.091725497,0.022388021,0.198154639,0.0,3.768732341,0.832154086,Validation
344,1.2128,0.59,88.97,10.88,1118.9,11.82,1.684949357,1.023221173,0.059520731,0.0,5.091725497,0.022388021,0.198154639,0.0,3.768732341,0.832154086,Training
345,0.6199,0.59,88.97,10.88,1211.9,11.82,1.684949357,1.023221173,0.059520731,0.0,5.091725497,0.022388021,0.198154639,0.0,3.768732341,0.832154086,Training
346,0.2564,0.59,88.97,10.88,1335.3,11.82,1.684949357,1.023221173,0.059520731,0.0,5.091725497,0.022388021,0.198154639,0.0,3.768732341,0.832154086,Validation
347,0.1167,0.59,88.97,10.88,1437.1,11.82,1.684949357,1.023221173,0.059520731,0.0,5.091725497,0.022388021,0.198154639,0.0,3.768732341,0.832154086,Training
348,11.3219,0.59,92.45,10.88,900.7,11.82,1.684949357,1.023221173,0.059520731,0.0,5.091725497,0.022388021,0.198154639,0.0,3.768732341,0.832154086,Training
349,7.2795,0.59,92.45,10.88,939.4,11.82,1.684949357,1.023221173,0.059520731,0.0,5.091725497,0.022388021,0.198154639,0.0,3.768732341,0.832154086,Training
350,3.3667,0.59,92.45,10.88,1030.8,11.82,1.684949357,1.023221173,0.059520731,0.0,5.091725497,0.022388021,0.198154639,0.0,3.768732341,0.832154086,Validation
352,1.2998,0.59,92.45,10.88,1129.6,11.82,1.684949357,1.023221173,0.059520731,0.0,5.091725497,0.022388021,0.198154639,0.0,3.768732341,0.832154086,Validation
353,2.2588,0.59,92.45,10.88,1065.3,11.82,1.684949357,1.023221173,0.059520731,0.0,5.091725497,0.022388021,0.198154639,0.0,3.768732341,0.832154086,Validation
354,0.4796,0.59,92.45,10.88,1272.7,11.82,1.684949357,1.023221173,0.059520731,0.0,5.091725497,0.022388021,0.198154639,0.0,3.768732341,0.832154086,Training
355,0.6974,0.59,92.45,10.88,1191.8,11.82,1.684949357,1.023221173,0.059520731,0.0,5.091725497,0.022388021,0.198154639,0.0,3.768732341,0.832154086,Training
356,2.968,0.59,92.45,10.88,1039.0,11.82,1.684949357,1.023221173,0.059520731,0.0,5.091725497,0.022388021,0.198154639,0.0,3.768732341,0.832154086,Training
357,1.7471,0.59,92.45,10.88,1103.6,11.82,1.684949357,1.023221173,0.059520731,0.0,5.091725497,0.022388021,0.198154639,0.0,3.768732341,0.832154086,Validation
358,0.9277,0.59,92.45,10.88,1174.3,11.82,1.684949357,1.023221173,0.059520731,0.0,5.091725497,0.022388021,0.198154639,0.0,3.768732341,0.832154086,Validation
359,0.3358,0.59,92.45,10.88,1280.4,11.82,1.684949357,1.023221173,0.059520731,0.0,5.091725497,0.022388021,0.198154639,0.0,3.768732341,0.832154086,Validation
360,0.1929,0.59,92.45,10.88,1372.3,11.82,1.684949357,1.023221173,0.059520731,0.0,5.091725497,0.022388021,0.198154639,0.0,3.768732341,0.832154086,Training
361,4.5128,0.59,92.45,10.88,1058.0,11.82,1.684949357,1.023221173,0.059520731,0.0,5.091725497,0.022388021,0.198154639,0.0,3.768732341,0.832154086,Validation
362,1.9642,0.59,92.45,10.88,1122.3,11.82,1.684949357,1.023221173,0.059520731,0.0,5.091725497,0.022388021,0.198154639,0.0,3.768732341,0.832154086,Training
363,1.08,0.59,92.45,10.88,1197.7,11.82,1.684949357,1.023221173,0.059520731,0.0,5.091725497,0.022388021,0.198154639,0.0,3.768732341,0.832154086,Validation
364,0.5366,0.59,92.45,10.88,1256.5,11.82,1.684949357,1.023221173,0.059520731,0.0,5.091725497,0.022388021,0.198154639,0.0,3.768732341,0.832154086,Validation
365,0.7992,0.59,92.45,10.88,1251.7,11.82,1.684949357,1.023221173,0.059520731,0.0,5.091725497,0.022388021,0.198154639,0.0,3.768732341,0.832154086,Validation
366,0.4074,0.59,92.45,10.88,1329.9,11.82,1.684949357,1.023221173,0.059520731,0.0,5.091725497,0.022388021,0.198154639,0.0,3.768732341,0.832154086,Validation
116,0.036,0.64,78.5,10.3,1521.3,11.153,1.022847159,0.898999666,0.160814737,0.003741824,3.894257905,0.233603857,1.86637469,0.471071417,0.135860155,0.686735022,Test
159,0.05,2.5,77.03,9.91,1493.8,11.237,1.470850995,1.239943509,0.361005011,0.008540586,4.032195763,0.395770795,1.75017473,0.503022943,0.19329253,0.610733767,Test
142,0.054,0.64,78.5,10.04,1502.8,11.237,1.470850995,1.239943509,0.361005011,0.008540586,4.032195763,0.395770795,1.75017473,0.503022943,0.19329253,0.610733767,Test
253,0.064,2.5,77.02,10.32,1419.0,11.44,0.474834098,1.983831688,0.87884685,0.0,0.183167895,0.017747095,0.003693216,0.0,0.002724768,0.0,Test
168,0.073,0.61,78.52,3.06,1513.3,11.09,1.684949357,1.023221173,0.059520731,0.0,5.091725497,0.022388021,0.198154639,0.0,3.768732341,0.832154086,Test
8,0.084,0.61,78.52,2.16,1501.0,11.09,1.917346145,1.587329303,0.535539797,0.011447213,6.728348951,1.73157586,0.771341583,0.289584147,1.409193067,0.686978125,Test
238,0.099,1.27,78.0,10.2,1361.5,11.44,0.474834098,1.983831688,0.87884685,0.0,0.183167895,0.017747095,0.003693216,0.0,0.002724768,0.0,Test
167,0.114,0.61,78.52,3.01,1451.9,11.09,1.684949357,1.023221173,0.059520731,0.0,5.091725497,0.022388021,0.198154639,0.0,3.768732341,0.832154086,Test
34,0.126,1.25,78.01,9.91,1290.0,11.09,1.917346145,1.587329303,0.535539797,0.011447213,6.728348951,1.73157586,0.771341583,0.289584147,1.409193067,0.686978125,Test
129,0.148,2.5,77.03,9.73,1285.1,11.153,1.022847159,0.898999666,0.160814737,0.003741824,3.894257905,0.233603857,1.86637469,0.471071417,0.135860155,0.686735022,Test
295,0.1686,0.59,78.53,10.88,1301.4,11.82,1.684949357,1.023221173,0.059520731,0.0,5.091725497,0.022388021,0.198154639,0.0,3.768732341,0.832154086,Test
263,0.174,1.27,78.0,9.92,1295.5,13.52,2.861791684,0.719549468,1.681708868,0.013712234,0.187642919,0.138090171,0.1152694,0.11863955,0.0,0.005213248,Test
338,0.2088,0.59,88.97,10.88,1302.0,11.82,1.684949357,1.023221173,0.059520731,0.0,5.091725497,0.022388021,0.198154639,0.0,3.768732341,0.832154086,Test
323,0.2169,1.76,77.61,10.88,1225.8,11.82,1.684949357,1.023221173,0.059520731,0.0,5.091725497,0.022388021,0.198154639,0.0,3.768732341,0.832154086,Test
121,0.246,1.27,78.0,9.48,1221.8,11.153,1.022847159,0.898999666,0.160814737,0.003741824,3.894257905,0.233603857,1.86637469,0.471071417,0.135860155,0.686735022,Test
112,0.272,0.64,78.5,10.01,1230.4,11.153,1.022847159,0.898999666,0.160814737,0.003741824,3.894257905,0.233603857,1.86637469,0.471071417,0.135860155,0.686735022,Test
243,0.299,2.5,77.02,2.96,1313.4,11.44,0.474834098,1.983831688,0.87884685,0.0,0.183167895,0.017747095,0.003693216,0.0,0.002724768,0.0,Test
111,0.372,0.64,78.5,9.81,1190.0,11.153,1.022847159,0.898999666,0.160814737,0.003741824,3.894257905,0.233603857,1.86637469,0.471071417,0.135860155,0.686735022,Test
184,0.396,1.25,78.01,2.97,1293.7,11.09,1.684949357,1.023221173,0.059520731,0.0,5.091725497,0.022388021,0.198154639,0.0,3.768732341,0.832154086,Test
74,0.467,1.3,77.98,1.93,1282.0,11.3,0.749021067,0.89719832,0.076294116,0.0,6.158590143,0.156115339,3.107687167,0.045571229,0.071082137,0.351889773,Test
214,0.51,0.64,78.5,3.05,1259.3,11.44,0.474834098,1.983831688,0.87884685,0.0,0.183167895,0.017747095,0.003693216,0.0,0.002724768,0.0,Test
293,0.5217,0.59,78.53,10.88,1147.6,11.82,1.684949357,1.023221173,0.059520731,0.0,5.091725497,0.022388021,0.198154639,0.0,3.768732341,0.832154086,Test
109,0.624,0.64,78.5,9.81,1147.1,11.153,1.022847159,0.898999666,0.160814737,0.003741824,3.894257905,0.233603857,1.86637469,0.471071417,0.135860155,0.686735022,Test
72,0.661,1.3,77.98,2.02,1206.8,11.3,0.749021067,0.89719832,0.076294116,0.0,6.158590143,0.156115339,3.107687167,0.045571229,0.071082137,0.351889773,Test
102,0.731,2.56,76.98,10.65,1075.0,11.3,0.749021067,0.89719832,0.076294116,0.0,6.158590143,0.156115339,3.107687167,0.045571229,0.071082137,0.351889773,Test
162,0.848,0.61,78.52,3.01,1202.1,11.09,1.684949357,1.023221173,0.059520731,0.0,5.091725497,0.022388021,0.198154639,0.0,3.768732341,0.832154086,Test
255,0.959,0.64,78.5,10.5,1122.4,13.52,2.861791684,0.719549468,1.681708868,0.013712234,0.187642919,0.138090171,0.1152694,0.11863955,0.0,0.005213248,Test
51,1.063,0.65,78.48,1.95,1185.7,11.3,0.749021067,0.89719832,0.076294116,0.0,6.158590143,0.156115339,3.107687167,0.045571229,0.071082137,0.351889773,Test
143,1.128,1.27,78.0,10.55,1072.3,11.237,1.470850995,1.239943509,0.361005011,0.008540586,4.032195763,0.395770795,1.75017473,0.503022943,0.19329253,0.610733767,Test
69,1.335,1.3,77.98,2.06,1115.5,11.3,0.749021067,0.89719832,0.076294116,0.0,6.158590143,0.156115339,3.107687167,0.045571229,0.071082137,0.351889773,Test
81,1.493,1.3,77.98,10.69,1028.1,11.3,0.749021067,0.89719832,0.076294116,0.0,6.158590143,0.156115339,3.107687167,0.045571229,0.071082137,0.351889773,Test
310,1.6625,1.18,78.07,10.88,996.1,11.82,1.684949357,1.023221173,0.059520731,0.0,5.091725497,0.022388021,0.198154639,0.0,3.768732341,0.832154086,Test
320,2.3592,1.76,77.61,10.88,962.7,11.82,1.684949357,1.023221173,0.059520731,0.0,5.091725497,0.022388021,0.198154639,0.0,3.768732341,0.832154086,Test
27,2.746,1.25,78.01,10.7,922.2,11.09,1.917346145,1.587329303,0.535539797,0.011447213,6.728348951,1.73157586,0.771341583,0.289584147,1.409193067,0.686978125,Test
351,5.1542,0.59,92.45,10.88,979.0,11.82,1.684949357,1.023221173,0.059520731,0.0,5.091725497,0.022388021,0.198154639,0.0,3.768732341,0.832154086,Test
341,11.4041,0.59,88.97,10.88,907.0,11.82,1.684949357,1.023221173,0.059520731,0.0,5.091725497,0.022388021,0.198154639,0.0,3.768732341,0.832154086,Test
