Point,IDT_ms,X_Fuel,X_O2,X_N2,P,T,PHI,Set
1,1.62,0.61,20.87,78.52,1.96,1091.5,0.5,Training
2,0.992,0.61,20.87,78.52,2.06,1157.9,0.5,Training
3,0.815,0.61,20.87,78.52,2.03,1210.0,0.5,Training
4,0.619,0.61,20.87,78.52,1.98,1255.6,0.5,Training
5,0.24,0.61,20.87,78.52,2.08,1327.2,0.5,Validation
6,0.171,0.61,20.87,78.52,1.96,1386.3,0.5,Training
7,0.121,0.61,20.87,78.52,2.01,1457.9,0.5,Training
9,0.077,0.61,20.87,78.52,2.04,1516.1,0.5,Validation
10,0.046,0.61,20.87,78.52,2.06,1585.2,0.5,Training
11,2.388,0.61,20.87,78.52,10.5,1070.7,0.5,Validation
12,0.643,0.61,20.87,78.52,10.9,1109.6,0.5,Validation
13,0.344,0.61,20.87,78.52,9.31,1164.1,0.5,Validation
15,0.03,0.61,20.87,78.52,10.7,1372.1,0.5,Validation
16,0.024,0.61,20.87,78.52,10.8,1382.9,0.5,Training
17,0.025,0.61,20.87,78.52,10.6,1386.5,0.5,Validation
19,1.1,1.25,20.74,78.01,2.1,1166.6,1.0,Training
20,0.63,1.25,20.74,78.01,1.98,1261.5,1.0,Validation
21,0.398,1.25,20.74,78.01,2.04,1312.9,1.0,Training
22,0.211,1.25,20.74,78.01,2.0,1370.4,1.0,Training
23,0.126,1.25,20.74,78.01,2.1,1434.5,1.0,Training
25,0.07,1.25,20.74,78.01,1.89,1484.1,1.0,Validation
26,0.041,1.25,20.74,78.01,2.05,1570.9,1.0,Validation
27,2.746,1.25,20.74,78.01,10.7,922.2,1.0,Training
28,1.823,1.25,20.74,78.01,9.97,988.9,1.0,Training
29,1.475,1.25,20.74,78.01,9.42,1011.4,1.0,Training
30,0.693,1.25,20.74,78.01,9.32,1069.5,1.0,Training
32,0.358,1.25,20.74,78.01,10.0,1151.0,1.0,Validation
33,0.213,1.25,20.74,78.01,10.2,1211.2,1.0,Validation
34,0.126,1.25,20.74,78.01,9.91,1290.0,1.0,Validation
35,0.055,1.25,20.74,78.01,9.44,1355.9,1.0,Validation
36,0.013,1.25,20.74,78.01,10.14,1439.4,1.0,Training
37,1.552,2.47,20.48,77.05,2.0,1150.3,2.0,Training
38,0.957,2.47,20.48,77.05,1.97,1194.0,2.0,Validation
39,0.827,2.47,20.48,77.05,1.98,1246.0,2.0,Training
40,0.448,2.47,20.48,77.05,2.08,1325.5,2.0,Training
41,0.208,2.47,20.48,77.05,2.08,1426.7,2.0,Training
42,0.163,2.47,20.48,77.05,1.93,1477.1,2.0,Training
43,0.081,2.47,20.48,77.05,2.0,1553.6,2.0,Training
44,1.81,2.47,20.48,77.05,11.1,1041.4,2.0,Validation
45,0.916,2.47,20.48,77.05,9.55,1080.8,2.0,Validation
46,0.289,2.47,20.48,77.05,10.36,1161.2,2.0,Validation
47,0.198,2.47,20.48,77.05,10.24,1211.5,2.0,Validation
48,0.082,2.47,20.48,77.05,9.43,1332.9,2.0,Training
49,0.067,2.47,20.48,77.05,9.3,1356.6,2.0,Validation
52,0.759,0.65,20.86,78.48,1.91,1195.8,0.5,Validation
53,0.389,0.65,20.86,78.48,1.9,1266.4,0.5,Validation
54,0.204,0.65,20.86,78.48,2.07,1345.5,0.5,Validation
55,0.149,0.65,20.86,78.48,1.96,1386.9,0.5,Validation
56,0.12,0.65,20.86,78.48,1.97,1432.7,0.5,Training
57,0.058,0.65,20.86,78.48,1.99,1498.1,0.5,Validation
58,0.059,0.65,20.86,78.48,2.02,1513.3,0.5,Validation
59,1.7,0.65,20.86,78.48,10.16,1076.9,0.5,Validation
60,0.799,0.65,20.86,78.48,10.2,1110.7,0.5,Validation
61,0.345,0.65,20.86,78.48,9.57,1172.9,0.5,Training
62,0.193,0.65,20.86,78.48,10.48,1236.1,0.5,Validation
63,0.156,0.65,20.86,78.48,10.67,1251.4,0.5,Validation
64,0.096,0.65,20.86,78.48,9.82,1289.3,0.5,Training
66,0.04,0.65,20.86,78.48,10.56,1363.2,0.5,Validation
67,0.039,0.65,20.86,78.48,10.5,1373.9,0.5,Validation
68,2.042,1.3,20.73,77.98,1.98,1085.9,1.0,Training
69,1.335,1.3,20.73,77.98,2.06,1115.5,1.0,Training
70,1.188,1.3,20.73,77.98,2.09,1128.0,1.0,Validation
71,0.959,1.3,20.73,77.98,1.91,1137.5,1.0,Training
72,0.661,1.3,20.73,77.98,2.02,1206.8,1.0,Validation
73,0.584,1.3,20.73,77.98,1.91,1273.7,1.0,Validation
74,0.467,1.3,20.73,77.98,1.93,1282.0,1.0,Training
75,0.297,1.3,20.73,77.98,2.05,1368.0,1.0,Validation
76,0.186,1.3,20.73,77.98,2.01,1414.8,1.0,Validation
77,0.142,1.3,20.73,77.98,1.92,1471.3,1.0,Training
79,0.056,1.3,20.73,77.98,2.0,1600.7,1.0,Validation
80,0.035,1.3,20.73,77.98,1.96,1683.8,1.0,Training
81,1.493,1.3,20.73,77.98,10.69,1028.1,1.0,Training
82,1.237,1.3,20.73,77.98,9.69,1058.1,1.0,Validation
83,0.602,1.3,20.73,77.98,10.37,1090.2,1.0,Validation
84,0.399,1.3,20.73,77.98,10.89,1114.9,1.0,Validation
85,0.371,1.3,20.73,77.98,10.31,1124.9,1.0,Training
86,0.242,1.3,20.73,77.98,9.56,1177.6,1.0,Validation
87,0.174,1.3,20.73,77.98,10.05,1224.6,1.0,Validation
88,0.146,1.3,20.73,77.98,9.59,1247.2,1.0,Validation
89,0.104,1.3,20.73,77.98,10.95,1270.0,1.0,Training
90,0.063,1.3,20.73,77.98,10.8,1306.3,1.0,Training
91,0.042,1.3,20.73,77.98,10.78,1343.2,1.0,Training
92,0.945,2.56,20.46,76.98,2.07,1169.5,2.0,Training
93,0.933,2.56,20.46,76.98,2.1,1182.7,2.0,Validation
95,0.46,2.56,20.46,76.98,2.1,1284.8,2.0,Validation
96,0.434,2.56,20.46,76.98,2.0,1300.2,2.0,Training
97,0.281,2.56,20.46,76.98,1.99,1347.0,2.0,Training
98,0.175,2.56,20.46,76.98,2.0,1402.6,2.0,Training
99,0.142,2.56,20.46,76.98,2.08,1487.5,2.0,Training
100,0.092,2.56,20.46,76.98,1.98,1544.4,2.0,Training
101,1.875,2.56,20.46,76.98,9.68,1020.8,2.0,Training
102,0.731,2.56,20.46,76.98,10.65,1075.0,2.0,Training
103,0.338,2.56,20.46,76.98,9.38,1136.9,2.0,Training
104,0.151,2.56,20.46,76.98,10.38,1218.1,2.0,Training
105,0.085,2.56,20.46,76.98,9.63,1279.5,2.0,Training
107,1.472,0.64,20.87,78.5,1.92,1131.9,0.5,Training
108,0.806,0.64,20.87,78.5,2.09,1179.2,0.5,Training
109,0.368,0.64,20.87,78.5,2.1,1229.6,0.5,Training
110,0.271,0.64,20.87,78.5,2.02,1294.0,0.5,Training
111,0.198,0.64,20.87,78.5,2.09,1336.4,0.5,Training
112,0.08,0.64,20.87,78.5,2.02,1408.6,0.5,Training
113,0.034,0.64,20.87,78.5,2.02,1511.2,0.5,Training
114,1.82,0.64,20.87,78.5,9.42,1025.2,0.5,Training
115,0.77,0.64,20.87,78.5,10.44,1099.3,0.5,Validation
116,0.444,0.64,20.87,78.5,10.23,1134.9,0.5,Validation
117,0.361,0.64,20.87,78.5,9.78,1174.0,0.5,Validation
119,0.166,0.64,20.87,78.5,9.99,1266.7,0.5,Training
120,0.07,0.64,20.87,78.5,10.17,1310.0,0.5,Training
121,0.032,0.64,20.87,78.5,10.14,1357.7,0.5,Training
122,1.322,1.27,20.73,78.0,2.07,1123.1,1.0,Validation
124,0.61,1.27,20.73,78.0,2.04,1212.9,1.0,Training
126,0.533,1.27,20.73,78.0,2.09,1251.9,1.0,Training
127,0.235,1.27,20.73,78.0,2.02,1308.3,1.0,Validation
128,0.15,1.27,20.73,78.0,2.02,1409.2,1.0,Training
129,0.095,1.27,20.73,78.0,1.9,1456.7,1.0,Validation
130,0.052,1.27,20.73,78.0,2.06,1532.2,1.0,Training
131,0.035,1.27,20.73,78.0,2.09,1591.1,1.0,Training
132,1.2,1.27,20.73,78.0,10.07,1052.8,1.0,Training
133,1.02,1.27,20.73,78.0,9.57,1087.7,1.0,Validation
134,0.401,1.27,20.73,78.0,10.21,1129.8,1.0,Validation
135,0.342,1.27,20.73,78.0,9.25,1161.7,1.0,Training
136,0.249,1.27,20.73,78.0,9.47,1202.1,1.0,Validation
137,0.122,1.27,20.73,78.0,10.14,1307.7,1.0,Validation
138,0.046,1.27,20.73,78.0,9.55,1371.7,1.0,Validation
139,0.012,1.27,20.73,78.0,10.63,1470.8,1.0,Training
141,0.687,2.5,20.48,77.03,1.92,1180.5,2.0,Training
142,0.665,2.5,20.48,77.03,1.97,1223.5,2.0,Validation
143,0.393,2.5,20.48,77.03,2.1,1271.9,2.0,Training
144,0.245,2.5,20.48,77.03,1.96,1288.7,2.0,Validation
146,0.08,2.5,20.48,77.03,2.07,1526.9,2.0,Training
147,0.068,2.5,20.48,77.03,1.93,1576.1,2.0,Training
148,1.36,2.5,20.48,77.03,10.23,1038.5,2.0,Training
149,0.817,2.5,20.48,77.03,10.34,1076.0,2.0,Validation
150,0.484,2.5,20.48,77.03,10.57,1092.2,2.0,Validation
151,0.421,2.5,20.48,77.03,10.44,1117.9,2.0,Training
152,0.246,2.5,20.48,77.03,10.22,1170.7,2.0,Validation
153,0.197,2.5,20.48,77.03,10.12,1221.6,2.0,Validation
154,0.137,2.5,20.48,77.03,9.45,1270.7,2.0,Training
155,0.076,2.5,20.48,77.03,9.48,1320.8,2.0,Validation
156,0.046,2.5,20.48,77.03,10.2,1373.5,2.0,Validation
158,0.692,0.64,20.87,78.5,10.84,1137.6,0.5,Validation
159,0.624,0.64,20.87,78.5,9.81,1147.1,0.5,Validation
160,0.524,0.64,20.87,78.5,9.26,1167.6,0.5,Validation
161,0.372,0.64,20.87,78.5,9.81,1190.0,0.5,Validation
162,0.272,0.64,20.87,78.5,10.01,1230.4,0.5,Training
163,0.206,0.64,20.87,78.5,9.57,1274.8,0.5,Validation
164,0.118,0.64,20.87,78.5,9.94,1346.6,0.5,Validation
166,0.036,0.64,20.87,78.5,10.3,1521.3,0.5,Training
167,1.296,1.27,20.73,78.0,10.27,1060.9,1.0,Validation
168,0.93,1.27,20.73,78.0,9.72,1086.8,1.0,Validation
169,0.71,1.27,20.73,78.0,10.13,1105.7,1.0,Validation
170,0.408,1.27,20.73,78.0,10.31,1164.4,1.0,Validation
172,0.116,1.27,20.73,78.0,10.24,1313.9,1.0,Training
173,0.086,1.27,20.73,78.0,9.49,1367.3,1.0,Training
176,0.948,2.5,20.48,77.03,10.34,1063.3,2.0,Training
177,0.446,2.5,20.48,77.03,10.77,1132.2,2.0,Validation
178,0.276,2.5,20.48,77.03,9.73,1186.5,2.0,Validation
179,0.148,2.5,20.48,77.03,9.73,1285.1,2.0,Validation
180,0.07,2.5,20.48,77.03,9.82,1388.9,2.0,Training
181,0.052,2.5,20.48,77.03,10.61,1437.0,2.0,Training
182,0.04,2.5,20.48,77.03,10.56,1486.1,2.0,Validation
183,1.17,0.64,20.87,78.5,9.85,1093.3,0.5,Validation
184,1.027,0.64,20.87,78.5,10.24,1111.0,0.5,Training
185,0.5,0.64,20.87,78.5,10.25,1161.9,0.5,Training
186,0.352,0.64,20.87,78.5,9.43,1227.4,0.5,Validation
187,0.25,0.64,20.87,78.5,10.01,1260.3,0.5,Validation
188,0.166,0.64,20.87,78.5,10.26,1315.4,0.5,Validation
189,0.152,0.64,20.87,78.5,10.5,1328.8,0.5,Validation
190,0.098,0.64,20.87,78.5,10.09,1405.7,0.5,Validation
191,0.069,0.64,20.87,78.5,9.59,1470.2,0.5,Training
192,0.054,0.64,20.87,78.5,10.04,1502.8,0.5,Validation
193,1.128,1.27,20.73,78.0,10.55,1072.3,1.0,Validation
194,0.835,1.27,20.73,78.0,9.84,1091.0,1.0,Training
195,0.464,1.27,20.73,78.0,10.12,1155.7,1.0,Training
196,0.323,1.27,20.73,78.0,10.14,1207.1,1.0,Training
197,0.222,1.27,20.73,78.0,10.02,1251.1,1.0,Validation
198,0.16,1.27,20.73,78.0,10.03,1301.8,1.0,Validation
199,0.108,1.27,20.73,78.0,9.97,1357.9,1.0,Training
201,0.044,1.27,20.73,78.0,10.24,1517.0,1.0,Training
202,0.705,2.5,20.48,77.03,10.05,1082.1,2.0,Training
203,0.491,2.5,20.48,77.03,10.35,1114.9,2.0,Validation
204,0.399,2.5,20.48,77.03,9.98,1148.9,2.0,Training
205,0.321,2.5,20.48,77.03,10.34,1165.2,2.0,Validation
206,0.184,2.5,20.48,77.03,10.06,1253.3,2.0,Training
207,0.107,2.5,20.48,77.03,9.8,1348.3,2.0,Training
208,0.065,2.5,20.48,77.03,10.54,1443.5,2.0,Validation
209,0.05,2.5,20.48,77.03,9.91,1493.8,2.0,Training
210,1.462,0.61,20.87,78.52,2.77,1155.0,0.5,Validation
211,1.278,0.61,20.87,78.52,2.84,1171.5,0.5,Training
212,0.848,0.61,20.87,78.52,3.01,1202.1,0.5,Training
213,0.628,0.61,20.87,78.52,3.22,1237.6,0.5,Training
214,0.372,0.61,20.87,78.52,3.02,1304.5,0.5,Training
215,0.236,0.61,20.87,78.52,3.2,1339.3,0.5,Training
216,0.158,0.61,20.87,78.52,3.05,1411.6,0.5,Training
217,0.114,0.61,20.87,78.52,3.01,1451.9,0.5,Training
218,0.073,0.61,20.87,78.52,3.06,1513.3,0.5,Training
219,0.244,0.61,20.87,78.52,11.2,1261.3,0.5,Training
221,0.176,0.61,20.87,78.52,10.01,1300.3,0.5,Validation
222,1.496,0.61,20.87,78.52,9.73,1087.5,0.5,Validation
223,0.774,0.61,20.87,78.52,8.79,1135.3,0.5,Validation
224,0.09,0.61,20.87,78.52,9.89,1392.7,0.5,Training
225,0.062,0.61,20.87,78.52,9.98,1448.9,0.5,Validation
226,0.704,0.61,20.87,78.52,9.3,1144.2,0.5,Training
227,0.5,0.61,20.87,78.52,9.84,1172.0,0.5,Validation
229,0.28,1.25,20.74,78.01,3.17,1331.5,1.0,Validation
230,0.106,1.25,20.74,78.01,3.32,1466.8,1.0,Training
231,0.24,1.25,20.74,78.01,2.73,1342.5,1.0,Training
232,0.084,1.25,20.74,78.01,3.0,1499.3,1.0,Training
234,0.396,1.25,20.74,78.01,2.97,1293.7,1.0,Validation
235,0.426,1.25,20.74,78.01,3.24,1282.5,1.0,Validation
236,0.724,1.25,20.74,78.01,3.13,1221.3,1.0,Training
237,1.464,1.25,20.74,78.01,3.1,1156.0,1.0,Validation
238,0.188,1.25,20.74,78.01,2.92,1383.1,1.0,Training
239,0.646,1.25,20.74,78.01,10.67,1130.2,1.0,Training
240,0.492,1.25,20.74,78.01,9.19,1158.2,1.0,Validation
242,0.114,1.25,20.74,78.01,10.35,1319.8,1.0,Validation
243,0.058,1.25,20.74,78.01,10.26,1416.4,1.0,Validation
244,0.3,1.25,20.74,78.01,10.05,1202.8,1.0,Validation
245,0.217,1.25,20.74,78.01,9.91,1245.2,1.0,Validation
246,0.07,1.25,20.74,78.01,10.65,1389.2,1.0,Training
247,0.514,2.47,20.48,77.05,3.3,1248.5,2.0,Training
248,1.418,2.47,20.48,77.05,3.27,1137.1,2.0,Training
249,0.39,2.47,20.48,77.05,2.9,1281.7,2.0,Validation
250,0.251,2.47,20.48,77.05,3.16,1328.5,2.0,Training
251,0.166,2.47,20.48,77.05,2.97,1394.6,2.0,Training
252,0.08,2.47,20.48,77.05,3.11,1474.3,2.0,Validation
254,0.81,2.47,20.48,77.05,2.92,1187.0,2.0,Training
255,0.346,2.47,20.48,77.05,9.43,1171.8,2.0,Validation
256,0.482,2.47,20.48,77.05,10.97,1115.8,2.0,Validation
257,1.021,2.47,20.48,77.05,10.34,1063.5,2.0,Validation
258,0.166,2.47,20.48,77.05,10.85,1241.1,2.0,Training
259,0.056,2.47,20.48,77.05,10.22,1392.9,2.0,Validation
260,0.084,2.47,20.48,77.05,10.54,1329.8,2.0,Validation
261,0.278,2.47,20.48,77.05,10.2,1209.5,2.0,Training
262,1.519,0.64,20.86,78.5,2.95,1141.1,0.5,Training
263,0.849,0.64,20.86,78.5,3.03,1205.1,0.5,Validation
264,0.51,0.64,20.86,78.5,3.05,1259.3,0.5,Training
265,0.259,0.64,20.86,78.5,2.98,1320.9,0.5,Training
266,0.138,0.64,20.86,78.5,3.04,1409.0,0.5,Validation
267,0.071,0.64,20.86,78.5,2.9,1475.0,0.5,Training
268,1.54,0.64,20.86,78.5,10.03,1081.3,0.5,Training
269,0.985,0.64,20.86,78.5,9.57,1128.9,0.5,Validation
271,0.27,0.64,20.86,78.5,10.35,1248.8,0.5,Training
272,0.222,0.64,20.86,78.5,10.29,1276.1,0.5,Validation
273,0.145,0.64,20.86,78.5,10.43,1324.4,0.5,Training
274,0.093,0.64,20.86,78.5,9.7,1380.2,0.5,Training
275,0.068,0.64,20.86,78.5,9.84,1439.1,0.5,Training
276,1.18,1.27,20.73,78.0,3.02,1173.0,1.0,Training
277,0.997,1.27,20.73,78.0,2.94,1189.2,1.0,Validation
278,0.655,1.27,20.73,78.0,3.02,1224.0,1.0,Validation
279,0.326,1.27,20.73,78.0,2.94,1288.8,1.0,Training
281,0.124,1.27,20.73,78.0,3.04,1408.3,1.0,Training
282,0.06,1.27,20.73,78.0,3.0,1499.8,1.0,Validation
283,1.18,1.27,20.73,78.0,9.91,1096.4,1.0,Validation
284,0.57,1.27,20.73,78.0,9.93,1146.8,1.0,Validation
285,0.38,1.27,20.73,78.0,9.86,1192.8,1.0,Validation
286,0.226,1.27,20.73,78.0,9.98,1248.9,1.0,Training
287,0.17,1.27,20.73,78.0,9.99,1299.2,1.0,Training
288,0.099,1.27,20.73,78.0,10.2,1361.5,1.0,Validation
289,0.065,1.27,20.73,78.0,10.06,1423.7,1.0,Training
290,1.47,2.5,20.48,77.02,2.96,1143.8,2.0,Validation
291,0.974,2.5,20.48,77.02,2.91,1186.2,2.0,Validation
292,0.49,2.5,20.48,77.02,3.04,1257.0,2.0,Validation
293,0.299,2.5,20.48,77.02,2.96,1313.4,2.0,Validation
294,0.192,2.5,20.48,77.02,2.93,1365.5,2.0,Training
295,0.13,2.5,20.48,77.02,2.88,1414.1,2.0,Training
296,0.072,2.5,20.48,77.02,2.97,1494.4,2.0,Training
297,1.34,2.5,20.48,77.02,9.89,1045.8,2.0,Validation
298,0.783,2.5,20.48,77.02,10.08,1103.4,2.0,Validation
299,0.405,2.5,20.48,77.02,10.07,1173.3,2.0,Training
300,0.245,2.5,20.48,77.02,10.19,1224.4,2.0,Training
302,0.12,2.5,20.48,77.02,10.44,1323.9,2.0,Training
303,0.064,2.5,20.48,77.02,10.32,1419.0,2.0,Training
304,1.5,0.64,20.86,78.5,10.01,1100.6,0.5,Validation
305,0.734,0.64,20.86,78.5,9.92,1146.0,0.5,Validation
306,0.436,0.64,20.86,78.5,9.84,1191.6,0.5,Training
307,0.226,0.64,20.86,78.5,10.18,1269.8,0.5,Validation
308,0.152,0.64,20.86,78.5,10.26,1314.7,0.5,Validation
309,0.101,0.64,20.86,78.5,9.59,1373.2,0.5,Validation
310,0.062,0.64,20.86,78.5,10.49,1431.3,0.5,Training
311,0.048,0.64,20.86,78.5,10.33,1473.0,0.5,Validation
312,1.296,1.27,20.73,78.0,9.91,1076.0,1.0,Training
313,0.94,1.27,20.73,78.0,10.19,1109.3,1.0,Validation
315,0.302,1.27,20.73,78.0,10.18,1208.8,1.0,Validation
316,0.174,1.27,20.73,78.0,9.52,1272.5,1.0,Training
317,0.082,1.27,20.73,78.0,10.38,1357.2,1.0,Validation
318,0.057,1.27,20.73,78.0,10.12,1407.4,1.0,Validation
319,9.7,2.5,20.48,77.02,9.7,1087.3,2.0,Validation
320,9.57,2.5,20.48,77.02,9.57,1130.5,2.0,Validation
321,9.99,2.5,20.48,77.02,9.99,1199.8,2.0,Validation
322,10.14,2.5,20.48,77.02,10.14,1257.0,2.0,Validation
323,10.27,2.5,20.48,77.02,10.27,1335.4,2.0,Validation
325,10.05,2.5,20.48,77.02,10.05,1453.3,2.0,Training
326,1.339,0.64,20.87,78.5,9.97,1098.5,0.65,Training
327,0.959,0.64,20.87,78.5,10.5,1122.4,0.65,Training
328,0.616,0.64,20.87,78.5,9.29,1163.0,0.65,Training
329,0.304,0.64,20.87,78.5,9.8,1238.8,0.65,Training
330,0.104,0.64,20.87,78.5,10.18,1360.7,0.65,Training
331,0.064,0.64,20.87,78.5,9.68,1477.3,0.65,Training
332,1.288,1.27,20.73,78.0,9.43,1074.3,1.25,Training
333,0.548,1.27,20.73,78.0,10.01,1150.4,1.25,Training
334,0.344,1.27,20.73,78.0,10.27,1213.6,1.25,Training
335,0.174,1.27,20.73,78.0,9.92,1295.5,1.25,Training
336,0.089,1.27,20.73,78.0,10.08,1405.1,1.25,Training
337,0.053,1.27,20.73,78.0,9.91,1493.3,1.25,Training
338,1.215,2.5,20.48,77.03,10.18,1067.0,2.5,Training
339,0.684,2.5,20.48,77.03,10.14,1105.7,2.5,Training
340,0.266,2.5,20.48,77.03,10.12,1205.5,2.5,Training
341,0.119,2.5,20.48,77.03,10.12,1306.5,2.5,Training
342,0.04,2.5,20.48,77.03,9.85,1470.2,2.5,Training
343,1.592,0.64,20.87,78.5,9.71,1086.7,0.6,Training
344,0.754,0.64,20.87,78.5,9.77,1138.8,0.6,Training
345,0.504,0.64,20.87,78.5,9.55,1176.8,0.6,Training
346,0.298,0.64,20.87,78.5,9.7,1233.2,0.6,Validation
347,0.104,0.64,20.87,78.5,9.69,1330.9,0.6,Training
348,0.072,0.64,20.87,78.5,9.82,1388.7,0.6,Training
349,0.053,0.64,20.87,78.5,9.74,1432.2,0.6,Training
350,1.572,1.27,20.73,78.0,10.41,1066.5,1.2,Training
351,0.818,1.27,20.73,78.0,9.72,1112.2,1.2,Training
352,0.37,1.27,20.73,78.0,9.74,1187.0,1.2,Training
353,0.134,1.27,20.73,78.0,9.8,1288.6,1.2,Validation
354,0.055,1.27,20.73,78.0,9.82,1388.8,1.2,Training
355,1.802,2.5,20.48,77.03,10.27,1060.5,2.4,Training
356,0.902,2.5,20.48,77.03,10.16,1106.8,2.4,Training
357,0.354,2.5,20.48,77.03,9.92,1195.9,2.4,Training
359,0.124,2.5,20.48,77.03,10.56,1329.9,2.4,Training
360,0.054,2.5,20.48,77.03,9.69,1449.5,2.4,Training
361,7.565,0.346,20.94,78.72,21.1,892.0,0.25,Training
364,4.608,0.346,20.94,78.72,18.9,924.0,0.25,Training
365,2.722,0.346,20.94,78.72,19.1,953.0,0.25,Training
366,2.19,0.346,20.94,78.72,21.5,979.0,0.25,Training
367,1.525,0.346,20.94,78.72,21.3,1016.0,0.25,Training
368,1.067,0.346,20.94,78.72,18.7,1041.0,0.25,Training
369,1.094,0.346,20.94,78.72,22.3,1055.0,0.25,Training
370,0.823,0.346,20.94,78.72,21.1,1080.0,0.25,Training
373,0.45,0.346,20.94,78.72,20.7,1133.0,0.25,Training
374,0.272,0.346,20.94,78.72,20.9,1179.0,0.25,Training
375,0.153,0.346,20.94,78.72,21.1,1230.0,0.25,Training
376,0.101,0.346,20.94,78.72,20.4,1259.0,0.25,Training
377,0.075,0.346,20.94,78.72,20.5,1305.0,0.25,Training
379,3.035,0.689,20.86,78.45,20.8,743.0,0.5,Training
380,3.594,0.689,20.86,78.45,19.6,785.0,0.5,Training
381,2.941,0.689,20.86,78.45,21.4,830.0,0.5,Training
382,3.358,0.689,20.86,78.45,21.6,854.0,0.5,Training
383,3.202,0.689,20.86,78.45,18.3,879.0,0.5,Training
384,2.347,0.689,20.86,78.45,21.0,930.0,0.5,Training
385,2.165,0.689,20.86,78.45,20.1,950.0,0.5,Training
386,1.239,0.689,20.86,78.45,18.5,995.0,0.5,Training
387,1.163,0.689,20.86,78.45,19.8,1017.0,0.5,Training
388,0.997,0.689,20.86,78.45,17.5,1031.0,0.5,Training
389,0.863,0.689,20.86,78.45,20.1,1049.0,0.5,Validation
390,0.813,0.689,20.86,78.45,19.0,1052.0,0.5,Training
391,0.609,0.689,20.86,78.45,20.8,1083.0,0.5,Training
392,0.37,0.689,20.86,78.45,20.2,1113.0,0.5,Training
393,0.298,0.689,20.86,78.45,20.3,1125.0,0.5,Validation
394,0.196,0.689,20.86,78.45,21.0,1160.0,0.5,Training
395,0.18,0.689,20.86,78.45,19.0,1179.0,0.5,Training
396,0.156,0.689,20.86,78.45,22.5,1182.0,0.5,Training
398,0.107,0.689,20.86,78.45,20.5,1215.0,0.5,Training
399,0.069,0.689,20.86,78.45,21.8,1263.0,0.5,Training
401,0.056,0.689,20.86,78.45,21.4,1304.0,0.5,Training
402,9.648,1.368,20.72,77.91,8.0,848.0,1.0,Validation
403,7.204,1.368,20.72,77.91,7.7,866.0,1.0,Training
404,5.388,1.368,20.72,77.91,8.3,906.0,1.0,Validation
405,5.07,1.368,20.72,77.91,8.8,907.0,1.0,Training
406,3.564,1.368,20.72,77.91,8.4,949.0,1.0,Training
407,2.486,1.368,20.72,77.91,8.4,968.0,1.0,Validation
408,2.545,1.368,20.72,77.91,8.3,983.0,1.0,Training
409,1.921,1.368,20.72,77.91,8.4,1003.0,1.0,Validation
410,1.811,1.368,20.72,77.91,8.1,1018.0,1.0,Validation
411,1.616,1.368,20.72,77.91,7.9,1022.0,1.0,Training
413,0.617,1.368,20.72,77.91,8.0,1089.0,1.0,Training
414,0.538,1.368,20.72,77.91,7.8,1097.0,1.0,Validation
415,0.709,1.368,20.72,77.91,6.7,1099.0,1.0,Training
416,0.371,1.368,20.72,77.91,6.1,1143.0,1.0,Training
417,0.158,1.368,20.72,77.91,7.3,1233.0,1.0,Training
418,0.118,1.368,20.72,77.91,8.3,1270.0,1.0,Training
419,0.07,1.368,20.72,77.91,8.3,1327.0,1.0,Training
420,0.041,1.368,20.72,77.91,8.2,1381.0,1.0,Training
421,5.617,1.368,20.72,77.91,12.7,744.0,1.0,Training
422,5.43,1.368,20.72,77.91,11.3,754.0,1.0,Training
423,6.762,1.368,20.72,77.91,10.7,792.0,1.0,Training
424,6.8,1.368,20.72,77.91,11.6,823.0,1.0,Training
425,4.261,1.368,20.72,77.91,10.1,866.0,1.0,Training
426,2.803,1.368,20.72,77.91,11.5,904.0,1.0,Training
427,3.104,1.368,20.72,77.91,10.4,905.0,1.0,Training
428,3.117,1.368,20.72,77.91,12.0,937.0,1.0,Training
429,1.668,1.368,20.72,77.91,12.0,978.0,1.0,Training
430,1.751,1.368,20.72,77.91,10.1,987.0,1.0,Training
431,1.169,1.368,20.72,77.91,11.6,1021.0,1.0,Training
432,1.054,1.368,20.72,77.91,12.1,1032.0,1.0,Validation
434,0.559,1.368,20.72,77.91,11.2,1077.0,1.0,Training
435,0.298,1.368,20.72,77.91,10.6,1136.0,1.0,Training
436,0.246,1.368,20.72,77.91,10.3,1154.0,1.0,Validation
438,0.11,1.368,20.72,77.91,9.0,1240.0,1.0,Training
439,0.052,1.368,20.72,77.91,9.0,1313.0,1.0,Validation
440,8.974,1.368,20.72,77.91,20.8,674.0,1.0,Validation
441,6.703,1.368,20.72,77.91,21.8,680.0,1.0,Validation
442,5.821,1.368,20.72,77.91,21.3,681.0,1.0,Training
443,3.887,1.368,20.72,77.91,23.5,700.0,1.0,Training
444,4.216,1.368,20.72,77.91,23.7,703.0,1.0,Validation
445,3.204,1.368,20.72,77.91,23.4,704.0,1.0,Validation
447,2.287,1.368,20.72,77.91,20.0,723.0,1.0,Training
448,1.871,1.368,20.72,77.91,23.7,737.0,1.0,Training
449,1.842,1.368,20.72,77.91,20.9,750.0,1.0,Validation
450,1.894,1.368,20.72,77.91,20.8,753.0,1.0,Training
451,1.788,1.368,20.72,77.91,21.2,755.0,1.0,Validation
452,1.757,1.368,20.72,77.91,20.5,757.0,1.0,Validation
453,1.618,1.368,20.72,77.91,23.0,797.0,1.0,Training
454,1.618,1.368,20.72,77.91,24.8,797.0,1.0,Training
455,1.616,1.368,20.72,77.91,21.5,802.0,1.0,Training
456,1.625,1.368,20.72,77.91,23.2,803.0,1.0,Validation
457,1.742,1.368,20.72,77.91,22.1,815.0,1.0,Training
458,2.102,1.368,20.72,77.91,19.1,820.0,1.0,Training
459,1.896,1.368,20.72,77.91,21.2,826.0,1.0,Validation
460,1.789,1.368,20.72,77.91,21.7,831.0,1.0,Training
461,2.038,1.368,20.72,77.91,20.5,836.0,1.0,Validation
462,2.138,1.368,20.72,77.91,20.9,845.0,1.0,Training
463,2.059,1.368,20.72,77.91,21.2,849.0,1.0,Validation
464,1.897,1.368,20.72,77.91,22.1,849.0,1.0,Validation
465,1.908,1.368,20.72,77.91,21.8,851.0,1.0,Training
467,2.032,1.368,20.72,77.91,21.6,882.0,1.0,Training
468,2.031,1.368,20.72,77.91,21.5,904.0,1.0,Training
469,1.749,1.368,20.72,77.91,20.9,931.0,1.0,Training
470,1.675,1.368,20.72,77.91,22.7,940.0,1.0,Training
471,1.354,1.368,20.72,77.91,21.1,955.0,1.0,Training
472,1.236,1.368,20.72,77.91,21.7,973.0,1.0,Training
473,1.14,1.368,20.72,77.91,19.9,984.0,1.0,Training
474,1.05,1.368,20.72,77.91,18.9,991.0,1.0,Training
475,0.816,1.368,20.72,77.91,19.2,1025.0,1.0,Training
477,0.563,1.368,20.72,77.91,21.6,1046.0,1.0,Training
478,0.458,1.368,20.72,77.91,21.0,1050.0,1.0,Validation
479,0.464,1.368,20.72,77.91,19.3,1072.0,1.0,Training
481,0.318,1.368,20.72,77.91,18.4,1092.0,1.0,Validation
482,0.355,1.368,20.72,77.91,16.9,1100.0,1.0,Training
483,0.261,1.368,20.72,77.91,18.2,1106.0,1.0,Training
484,0.249,1.368,20.72,77.91,18.1,1109.0,1.0,Validation
485,0.225,1.368,20.72,77.91,17.7,1117.0,1.0,Validation
486,0.185,1.368,20.72,77.91,19.2,1126.0,1.0,Validation
487,0.181,1.368,20.72,77.91,18.7,1138.0,1.0,Training
488,0.176,1.368,20.72,77.91,18.1,1143.0,1.0,Validation
489,0.184,1.368,20.72,77.91,17.2,1145.0,1.0,Training
490,0.104,1.368,20.72,77.91,18.1,1177.0,1.0,Training
491,0.116,1.368,20.72,77.91,16.3,1187.0,1.0,Validation
492,0.095,1.368,20.72,77.91,16.5,1197.0,1.0,Training
493,0.077,1.368,20.72,77.91,16.8,1222.0,1.0,Training
494,1.885,1.368,20.72,77.91,36.6,741.0,1.0,Training
495,1.707,1.368,20.72,77.91,40.3,763.0,1.0,Training
496,1.644,1.368,20.72,77.91,38.5,812.0,1.0,Training
497,1.661,1.368,20.72,77.91,36.0,832.0,1.0,Training
498,1.727,1.368,20.72,77.91,40.1,848.0,1.0,Training
499,1.423,1.368,20.72,77.91,36.9,852.0,1.0,Training
500,1.423,1.368,20.72,77.91,36.9,854.0,1.0,Validation
501,1.824,1.368,20.72,77.91,35.7,855.0,1.0,Training
502,1.55,1.368,20.72,77.91,39.3,888.0,1.0,Training
503,1.64,1.368,20.72,77.91,38.1,896.0,1.0,Training
504,1.689,1.368,20.72,77.91,34.5,904.0,1.0,Training
505,1.483,1.368,20.72,77.91,39.9,916.0,1.0,Training
506,1.192,1.368,20.72,77.91,36.5,945.0,1.0,Training
507,0.819,1.368,20.72,77.91,41.1,964.0,1.0,Training
508,0.821,1.368,20.72,77.91,40.2,978.0,1.0,Training
509,0.542,1.368,20.72,77.91,38.8,1007.0,1.0,Training
510,0.689,1.368,20.72,77.91,40.3,1008.0,1.0,Training
511,0.462,1.368,20.72,77.91,38.8,1021.0,1.0,Training
512,0.456,1.368,20.72,77.91,38.6,1030.0,1.0,Validation
513,0.495,1.368,20.72,77.91,40.9,1034.0,1.0,Training
514,0.298,1.368,20.72,77.91,38.5,1054.0,1.0,Training
515,0.169,1.368,20.72,77.91,40.2,1103.0,1.0,Training
516,0.107,1.368,20.72,77.91,39.6,1132.0,1.0,Training
517,0.092,1.368,20.72,77.91,40.3,1161.0,1.0,Training
518,0.079,1.368,20.72,77.91,40.9,1162.0,1.0,Validation
519,0.096,1.368,20.72,77.91,38.7,1163.0,1.0,Training
520,0.04,1.368,20.72,77.91,40.9,1224.0,1.0,Training
521,0.038,1.368,20.72,77.91,38.8,1229.0,1.0,Training
522,8.311,2.038,20.58,77.38,19.8,662.0,1.5,Validation
523,6.77,2.038,20.58,77.38,20.0,670.0,1.5,Training
524,5.285,2.038,20.58,77.38,20.1,672.0,1.5,Validation
525,3.656,2.038,20.58,77.38,21.1,684.0,1.5,Training
526,2.811,2.038,20.58,77.38,18.8,701.0,1.5,Training
527,2.528,2.038,20.58,77.38,23.0,706.0,1.5,Training
529,1.72,2.038,20.58,77.38,19.7,717.0,1.5,Training
530,1.973,2.038,20.58,77.38,21.1,724.0,1.5,Training
531,1.709,2.038,20.58,77.38,18.7,743.0,1.5,Training
532,1.832,2.038,20.58,77.38,19.6,759.0,1.5,Training
534,1.678,2.038,20.58,77.38,21.0,810.0,1.5,Training
535,1.651,2.038,20.58,77.38,18.4,813.0,1.5,Training
536,2.052,2.038,20.58,77.38,19.6,832.0,1.5,Validation
537,1.761,2.038,20.58,77.38,19.1,837.0,1.5,Training
538,2.064,2.038,20.58,77.38,19.2,854.0,1.5,Validation
539,1.655,2.038,20.58,77.38,22.2,880.0,1.5,Training
540,1.662,2.038,20.58,77.38,23.4,894.0,1.5,Training
541,1.931,2.038,20.58,77.38,20.4,901.0,1.5,Validation
542,1.612,2.038,20.58,77.38,20.5,910.0,1.5,Training
544,0.816,2.038,20.58,77.38,23.2,989.0,1.5,Training
545,0.756,2.038,20.58,77.38,18.9,1004.0,1.5,Training
546,0.628,2.038,20.58,77.38,21.2,1014.0,1.5,Validation
547,0.522,2.038,20.58,77.38,21.7,1014.0,1.5,Validation
548,0.524,2.038,20.58,77.38,20.9,1020.0,1.5,Training
549,0.541,2.038,20.58,77.38,20.4,1021.0,1.5,Validation
550,0.371,2.038,20.58,77.38,22.4,1049.0,1.5,Training
551,0.279,2.038,20.58,77.38,21.9,1075.0,1.5,Validation
552,0.291,2.038,20.58,77.38,22.3,1088.0,1.5,Training
553,0.243,2.038,20.58,77.38,21.9,1101.0,1.5,Validation
554,0.14,2.038,20.58,77.38,23.4,1121.0,1.5,Training
555,0.13,2.038,20.58,77.38,20.5,1142.0,1.5,Training
556,0.155,2.038,20.58,77.38,18.9,1132.0,1.5,Training
557,0.119,2.038,20.58,77.38,20.3,1157.0,1.5,Validation
558,0.114,2.038,20.58,77.38,19.9,1160.0,1.5,Training
561,1.621,1.171,20.76,78.07,22.5,700.0,1.0,Training
562,1.334,1.171,20.76,78.07,20.6,717.0,1.0,Training
563,1.245,1.171,20.76,78.07,20.1,732.0,1.0,Validation
564,1.453,1.171,20.76,78.07,19.6,759.0,1.0,Training
565,1.457,1.171,20.76,78.07,20.3,804.0,1.0,Training
566,1.295,1.171,20.76,78.07,20.0,832.0,1.0,Training
567,1.674,1.171,20.76,78.07,19.8,857.0,1.0,Training
568,1.547,1.171,20.76,78.07,18.7,870.0,1.0,Training
569,1.362,1.171,20.76,78.07,18.7,926.0,1.0,Training
570,1.142,1.171,20.76,78.07,20.9,942.0,1.0,Training
571,1.037,1.171,20.76,78.07,20.1,956.0,1.0,Training
572,0.593,1.171,20.76,78.07,19.6,1016.0,1.0,Training
573,0.423,1.171,20.76,78.07,24.0,1044.0,1.0,Validation
574,0.387,1.171,20.76,78.07,20.8,1046.0,1.0,Training
575,0.343,1.171,20.76,78.07,20.0,1066.0,1.0,Training
576,0.292,1.171,20.76,78.07,19.0,1086.0,1.0,Training
577,0.221,1.171,20.76,78.07,20.3,1119.0,1.0,Training
578,0.161,1.171,20.76,78.07,19.8,1142.0,1.0,Training
579,0.103,1.171,20.76,78.07,19.8,1179.0,1.0,Validation
580,0.083,1.171,20.76,78.07,20.0,1180.0,1.0,Training
581,0.039,1.171,20.76,78.07,20.8,1260.0,1.0,Training
582,3.562,1.286,20.74,77.97,19.2,651.0,1.0,Training
583,1.557,1.286,20.74,77.97,19.8,689.0,1.0,Validation
584,1.161,1.286,20.74,77.97,18.5,715.0,1.0,Training
585,1.094,1.286,20.74,77.97,20.6,733.0,1.0,Validation
586,1.19,1.286,20.74,77.97,18.0,808.0,1.0,Training
587,0.99,1.286,20.74,77.97,21.4,811.0,1.0,Training
588,1.078,1.286,20.74,77.97,21.0,880.0,1.0,Training
589,1.192,1.286,20.74,77.97,20.2,904.0,1.0,Training
590,1.001,1.286,20.74,77.97,22.5,942.0,1.0,Training
592,0.376,1.286,20.74,77.97,21.4,1072.0,1.0,Validation
593,0.278,1.286,20.74,77.97,22.3,1097.0,1.0,Training
594,0.223,1.286,20.74,77.97,19.2,1112.0,1.0,Training
595,0.074,1.286,20.74,77.97,19.0,1212.0,1.0,Training
596,0.029,1.286,20.74,77.97,19.9,1290.0,1.0,Training
597,6.642,1.258,20.74,78.0,21.5,681.0,1.0,Training
598,5.995,1.258,20.74,78.0,20.4,687.0,1.0,Training
599,3.06,1.258,20.74,78.0,20.4,734.0,1.0,Training
600,3.332,1.258,20.74,78.0,20.6,805.0,1.0,Validation
601,2.686,1.258,20.74,78.0,20.0,869.0,1.0,Training
603,1.162,1.258,20.74,78.0,20.2,977.0,1.0,Training
604,1.038,1.258,20.74,78.0,20.0,989.0,1.0,Validation
605,0.563,1.258,20.74,78.0,20.4,1033.0,1.0,Training
606,0.303,1.258,20.74,78.0,21.5,1080.0,1.0,Training
607,0.135,1.258,20.74,78.0,20.3,1151.0,1.0,Training
608,0.07,1.258,20.74,78.0,20.5,1213.0,1.0,Training
609,0.045,1.258,20.74,78.0,20.8,1252.0,1.0,Training
610,0.027,1.258,20.74,78.0,21.9,1323.0,1.0,Training
611,6.9798,0.59,20.88,78.53,10.88,921.5,0.5,Training
612,3.2174,0.59,20.88,78.53,10.88,968.9,0.5,Validation
614,0.8717,0.59,20.88,78.53,10.88,1084.6,0.5,Validation
616,0.2536,0.59,20.88,78.53,10.88,1237.2,0.5,Training
618,7.232,0.59,20.88,78.53,10.88,785.2,0.5,Training
619,6.4533,0.59,20.88,78.53,10.88,844.1,0.5,Training
620,6.7579,0.59,20.88,78.53,10.88,881.9,0.5,Training
621,4.25,0.59,20.88,78.53,10.88,933.0,0.5,Validation
622,3.2964,0.59,20.88,78.53,10.88,952.6,0.5,Validation
623,0.3403,0.59,20.88,78.53,10.88,1161.7,0.5,Training
624,2.9961,0.59,20.88,78.53,10.88,965.6,0.5,Training
625,2.2723,0.59,20.88,78.53,10.88,999.8,0.5,Training
626,0.8375,0.59,20.88,78.53,10.88,1066.1,0.5,Validation
628,5.7043,1.18,20.75,78.07,10.88,773.2,1.0,Training
629,6.3575,1.18,20.75,78.07,10.88,829.0,1.0,Training
630,4.5319,1.18,20.75,78.07,10.88,891.7,1.0,Training
631,2.4805,1.18,20.75,78.07,10.88,952.1,1.0,Training
633,0.9814,1.18,20.75,78.07,10.88,1047.1,1.0,Training
634,0.5424,1.18,20.75,78.07,10.88,1102.0,1.0,Validation
635,0.3977,1.18,20.75,78.07,10.88,1141.7,1.0,Validation
636,0.2137,1.18,20.75,78.07,10.88,1226.5,1.0,Training
637,4.9193,1.76,20.63,77.61,10.88,795.9,1.5,Training
638,4.3233,1.76,20.63,77.61,10.88,749.4,1.5,Training
639,5.8276,1.76,20.63,77.61,10.88,832.7,1.5,Training
640,4.9722,1.76,20.63,77.61,10.88,883.7,1.5,Training
641,1.9295,1.76,20.63,77.61,10.88,960.8,1.5,Training
642,2.3592,1.76,20.63,77.61,10.88,962.7,1.5,Validation
644,0.4712,1.76,20.63,77.61,10.88,1109.6,1.5,Training
645,0.2169,1.76,20.63,77.61,10.88,1225.8,1.5,Training
646,10.0378,0.59,10.44,88.97,10.88,817.0,1.0,Training
647,8.8067,0.59,10.44,88.97,10.88,864.4,1.0,Training
648,6.7526,0.59,10.44,88.97,10.88,904.5,1.0,Validation
649,6.2996,0.59,10.44,88.97,10.88,922.1,1.0,Training
650,0.5574,0.59,10.44,88.97,10.88,1157.0,1.0,Training
651,3.5289,0.59,10.44,88.97,10.88,958.6,1.0,Training
652,1.5373,0.59,10.44,88.97,10.88,1044.6,1.0,Training
653,0.1539,0.59,10.44,88.97,10.88,1295.3,1.0,Validation
655,8.9756,0.59,10.44,88.97,10.88,908.8,1.0,Validation
656,4.4196,0.59,10.44,88.97,10.88,947.6,1.0,Validation
657,2.5072,0.59,10.44,88.97,10.88,1008.5,1.0,Training
658,1.0052,0.59,10.44,88.97,10.88,1099.5,1.0,Training
659,0.5186,0.59,10.44,88.97,10.88,1185.7,1.0,Training
660,0.2088,0.59,10.44,88.97,10.88,1302.0,1.0,Training
661,0.0827,0.59,10.44,88.97,10.88,1397.4,1.0,Training
662,5.4239,0.59,10.44,88.97,10.88,958.6,1.0,Validation
663,11.4041,0.59,10.44,88.97,10.88,907.0,1.0,Training
664,3.8677,0.59,10.44,88.97,10.88,1004.5,1.0,Validation
665,2.2017,0.59,10.44,88.97,10.88,1059.8,1.0,Validation
666,1.2128,0.59,10.44,88.97,10.88,1118.9,1.0,Validation
667,0.6199,0.59,10.44,88.97,10.88,1211.9,1.0,Training
668,0.2564,0.59,10.44,88.97,10.88,1335.3,1.0,Training
669,0.1167,0.59,10.44,88.97,10.88,1437.1,1.0,Training
670,11.3219,0.59,6.96,92.45,10.88,900.7,1.5,Training
671,7.2795,0.59,6.96,92.45,10.88,939.4,1.5,Training
672,3.3667,0.59,6.96,92.45,10.88,1030.8,1.5,Validation
673,5.1542,0.59,6.96,92.45,10.88,979.0,1.5,Training
674,1.2998,0.59,6.96,92.45,10.88,1129.6,1.5,Training
675,2.2588,0.59,6.96,92.45,10.88,1065.3,1.5,Training
676,0.4796,0.59,6.96,92.45,10.88,1272.7,1.5,Validation
677,0.6974,0.59,6.96,92.45,10.88,1191.8,1.5,Training
678,2.968,0.59,6.96,92.45,10.88,1039.0,1.5,Training
680,0.9277,0.59,6.96,92.45,10.88,1174.3,1.5,Validation
684,1.9642,0.59,6.96,92.45,10.88,1122.3,1.5,Validation
685,1.08,0.59,6.96,92.45,10.88,1197.7,1.5,Validation
686,0.5366,0.59,6.96,92.45,10.88,1256.5,1.5,Training
687,0.7992,0.59,6.96,92.45,10.88,1251.7,1.5,Validation
689,0.355,0.39,20.93,78.68,14.1,1169.0,0.3,Training
690,0.716,0.39,20.93,78.68,15.2,1105.4,0.3,Training
691,1.574,0.39,20.93,78.68,16.3,1034.3,0.3,Training
692,0.148,0.39,20.93,78.68,29.6,1195.6,0.3,Training
693,0.226,0.39,20.93,78.68,28.9,1171.8,0.3,Training
694,0.755,0.39,20.93,78.68,27.5,1061.5,0.3,Training
695,1.179,0.39,20.93,78.68,25.9,1036.8,0.3,Training
696,2.242,0.39,20.93,78.68,28.1,974.5,0.3,Training
697,3.889,0.39,20.93,78.68,24.8,928.5,0.3,Training
698,4.671,0.39,20.93,78.68,27.7,874.9,0.3,Training
699,4.025,0.39,20.93,78.68,30.4,854.6,0.3,Training
700,5.142,0.39,20.93,78.68,25.5,848.4,0.3,Training
701,4.777,0.39,20.93,78.68,31.5,814.8,0.3,Training
702,0.064,1.28,20.74,77.98,16.8,1235.7,1.0,Training
703,0.175,1.28,20.74,77.98,14.9,1174.3,1.0,Training
704,0.266,1.28,20.74,77.98,16.1,1110.6,1.0,Training
705,0.931,1.28,20.74,77.98,15.7,998.1,1.0,Training
706,3.865,1.28,20.74,77.98,14.7,876.9,1.0,Training
707,5.528,1.28,20.74,77.98,15.3,838.4,1.0,Training
708,5.535,1.28,20.74,77.98,13.1,750.0,1.0,Training
709,5.533,1.28,20.74,77.98,14.9,734.3,1.0,Training
711,8.176,1.28,20.74,77.98,16.2,702.1,1.0,Training
712,0.042,1.28,20.74,77.98,31.0,1194.5,1.0,Training
713,0.203,1.28,20.74,77.98,30.5,1087.2,1.0,Training
714,0.695,1.28,20.74,77.98,30.5,998.0,1.0,Training
715,1.759,1.28,20.74,77.98,29.4,925.7,1.0,Training
716,2.233,1.28,20.74,77.98,29.0,872.6,1.0,Training
717,3.109,1.276,20.74,77.984,23.3,874.0,1.0,Training
718,2.355,1.276,20.74,77.984,25.1,880.0,1.0,Training
719,1.23,1.276,20.74,77.984,31.4,934.0,1.0,Training
720,1.358,1.276,20.74,77.984,24.0,952.0,1.0,Training
722,1.412,1.276,20.74,77.984,21.7,963.0,1.0,Training
723,0.777,1.276,20.74,77.984,32.5,974.0,1.0,Training
724,0.984,1.276,20.74,77.984,21.3,987.0,1.0,Training
725,0.641,1.276,20.74,77.984,32.1,997.0,1.0,Training
726,0.4,1.276,20.74,77.984,36.1,1022.0,1.0,Training
727,0.539,1.276,20.74,77.984,21.9,1035.0,1.0,Training
728,0.486,1.276,20.74,77.984,22.0,1042.0,1.0,Validation
730,0.138,1.276,20.74,77.984,24.8,1130.0,1.0,Training
732,0.052,1.276,20.74,77.984,27.0,1192.0,1.0,Training
733,0.034,1.276,20.74,77.984,29.2,1220.0,1.0,Training
734,0.528,1.276,20.74,77.984,49.3,961.0,1.0,Training
735,0.286,1.276,20.74,77.984,50.9,1009.0,1.0,Training
737,0.08,1.276,20.74,77.984,47.8,1124.0,1.0,Training
738,1.82,0.615,10.0,89.385,18.9,1025.0,1.0,Training
740,1.109,0.615,10.0,89.385,19.7,1067.0,1.0,Training
741,1.137,0.615,10.0,89.385,17.7,1072.0,1.0,Training
742,1.005,0.615,10.0,89.385,18.3,1081.0,1.0,Validation
743,0.818,0.615,10.0,89.385,20.2,1092.0,1.0,Training
745,0.646,0.615,10.0,89.385,17.3,1124.0,1.0,Validation
746,0.569,0.615,10.0,89.385,17.7,1127.0,1.0,Training
748,2.584,1.276,20.74,77.984,21.8,753.0,1.0,Training
749,2.423,1.276,20.74,77.984,21.5,763.0,1.0,Validation
750,2.566,1.276,20.74,77.984,19.4,774.0,1.0,Validation
752,2.742,1.276,20.74,77.984,19.7,786.0,1.0,Training
753,2.628,1.276,20.74,77.984,20.8,808.0,1.0,Training
754,1.961,0.642,20.87,78.488,19.6,970.0,0.5,Training
755,0.917,0.642,20.87,78.488,21.0,1032.0,0.5,Training
756,0.873,0.642,20.87,78.488,19.9,1039.0,0.5,Training
757,0.53,0.642,20.87,78.488,19.9,1081.0,0.5,Training
758,0.463,0.642,20.87,78.488,22.2,1081.0,0.5,Training
759,0.11,0.642,20.87,78.488,22.1,1187.0,0.5,Validation
760,0.973,1.276,20.74,77.984,26.4,1000.0,1.0,Training
761,0.208,1.276,20.74,77.984,26.2,1100.0,1.0,Training
762,0.123,1.276,20.74,77.984,25.5,1137.0,1.0,Validation
763,0.131,1.276,20.74,77.984,21.8,1145.0,1.0,Training
764,0.072,1.276,20.74,77.984,26.1,1172.0,1.0,Training
765,0.07,1.276,20.74,77.984,21.9,1187.0,1.0,Training
766,0.064,1.276,20.74,77.984,22.2,1194.0,1.0,Validation
768,0.567,1.1282,21.0,77.8718,2.69,1290.0,1.01,Training
769,0.778,1.117,21.0,77.883,3.08,1232.0,1.0,Training
770,1.417,1.1058,21.0,77.8942,2.99,1147.0,0.99,Training
771,0.878,1.1058,21.0,77.8942,3.09,1210.0,0.99,Training
772,0.368,1.0723,21.0,77.9277,2.52,1331.0,0.96,Training
773,0.659,1.1952,21.0,77.8048,3.23,1221.0,1.07,Training
774,0.1095,1.0947,21.0,77.9053,6.64,1363.0,0.98,Training
775,0.268,1.1393,21.0,77.8607,6.08,1244.0,1.02,Training
776,0.1062,1.1729,21.0,77.8272,6.81,1364.0,1.05,Training
777,0.492,1.1282,21.0,77.8718,6.26,1168.0,1.01,Training
778,0.393,1.1952,21.0,77.8048,7.39,1168.0,1.07,Training
779,0.57,1.2399,21.0,77.7601,7.69,1127.0,1.11,Training
780,1.118,1.2846,21.0,77.7155,8.27,1070.0,1.15,Training
782,1.227,1.0723,21.0,77.9277,8.15,1069.0,0.96,Training
784,0.196,0.5027,21.0,78.4974,6.59,1278.0,0.45,Training
785,0.451,0.5585,21.0,78.4415,7.37,1173.0,0.5,Training
786,0.714,0.6032,21.0,78.3968,7.74,1126.0,0.54,Training
787,1.515,0.6367,21.0,78.3633,8.19,1053.0,0.57,Training
788,1.231,2.4462,21.0,76.5538,8.2,1070.0,2.19,Training
789,0.348,1.3828,21.0,77.6172,5.98,1201.0,1.07,Training
791,0.813,1.4732,21.0,77.5268,6.01,1128.0,1.14,Training
793,0.533,1.6575,21.0,77.3425,6.04,1175.0,1.18,Training
794,0.471,1.798,21.0,77.202,5.98,1193.0,1.28,Training
795,2.488,1.9104,21.0,77.0896,5.57,1065.0,1.36,Training
796,0.859,1.5732,21.0,77.4268,6.17,1136.0,1.12,Training
797,0.272,1.2034,21.0,77.7966,6.14,1210.0,1.0,Training
798,0.511,1.0951,21.0,77.9049,6.27,1148.0,0.91,Training
799,1.681,1.6246,21.0,77.3754,5.73,1055.0,1.35,Training
800,0.703,1.408,21.0,77.592,6.36,1123.0,1.17,Training
801,1.422,0.9463,21.0,78.0537,5.26,1095.0,0.81,Training
802,0.633,1.3085,21.0,77.6915,5.23,1162.0,1.12,Training
803,0.279,1.3085,21.0,77.6915,5.22,1225.0,1.12,Training
804,0.518,1.0982,21.0,77.9018,5.76,1165.0,0.94,Training
805,0.833,1.0398,21.0,77.9602,5.77,1133.0,0.89,Training
806,0.112,1.6929,21.0,0.0,16.1,1220.0,1.31,Training
807,0.257,1.9772,21.0,0.0,17.9,1120.0,1.53,Training
808,0.149,1.8351,21.0,0.0,17.0,1188.0,1.42,Training
809,0.729,0.7754,21.0,0.0,17.26,1054.0,0.6,Training
810,0.299,1.0855,21.0,0.0,17.3,1140.0,0.84,Training
811,0.296,1.3957,21.0,0.0,18.1,1105.0,1.08,Training
813,0.275,1.512,21.0,0.0,17.9,1108.0,1.17,Training
814,0.19,1.3698,21.0,0.0,34.11,1107.0,1.06,Training
815,0.187,1.2535,21.0,0.0,33.85,1092.0,0.97,Training
816,0.25,1.2148,21.0,0.0,34.59,1080.0,0.94,Training
817,0.418,1.4215,21.0,0.0,35.95,1022.0,1.1,Training
818,0.532,0.2511,4.0,0.0,11.96,1286.0,1.02,Validation
819,1.309,0.256,4.0,0.0,12.4,1205.0,1.04,Training
820,0.783,0.2585,4.0,0.0,12.26,1244.0,1.05,Validation
821,2.498,0.256,4.0,0.0,12.55,1155.0,1.04,Training
822,1.806,0.2634,4.0,0.0,12.42,1181.0,1.07,Training
823,0.483,0.2732,4.0,0.0,12.22,1290.0,1.11,Training
824,2.711,0.2511,4.0,0.0,12.35,1154.0,1.02,Validation
825,0.77,0.2486,4.0,0.0,12.66,1240.0,1.01,Validation
826,2.039,0.2486,4.0,0.0,12.87,1173.0,1.01,Validation
827,0.365,0.2732,4.0,0.0,15.12,1317.0,1.11,Training
828,0.232,0.2511,4.0,0.0,14.8,1374.0,1.02,Training
829,0.53,0.2732,4.0,0.0,15.42,1274.0,1.11,Training
830,0.79,0.2806,4.0,0.0,15.56,1229.0,1.14,Validation
831,1.05,0.2757,4.0,0.0,15.83,1198.0,1.12,Training
832,2.2,0.2782,4.0,0.0,15.98,1154.0,1.13,Training
833,0.653,0.1058,4.0,0.0,12.54,1231.0,0.43,Training
834,1.279,0.1206,4.0,0.0,12.65,1193.0,0.49,Training
835,1.403,0.1206,4.0,0.0,12.82,1182.0,0.49,Validation
836,2.12,0.1231,4.0,0.0,13.0,1157.0,0.5,Training
837,0.379,0.1206,4.0,0.0,12.24,1284.0,0.49,Training
838,0.215,0.1182,4.0,0.0,12.16,1334.0,0.48,Training
840,0.942,0.5095,4.0,0.0,12.27,1243.0,2.07,Training
841,0.403,0.5268,4.0,0.0,11.87,1324.0,2.14,Training
842,1.967,0.5194,4.0,0.0,12.4,1169.0,2.11,Training
843,0.873,0.512,4.0,0.0,12.1,1248.0,2.08,Validation
844,0.4,0.5169,4.0,0.0,11.61,1330.0,2.1,Validation
845,0.822,0.3077,4.0,0.0,53.8,1110.0,1.25,Training
846,0.599,0.2978,4.0,0.0,50.09,1147.0,1.21,Training
847,0.253,0.2978,4.0,0.0,49.28,1235.0,1.21,Training
848,1.573,0.2585,4.0,0.0,51.99,1067.0,1.05,Training
849,2.613,0.2609,4.0,0.0,52.21,1030.0,1.06,Training
850,0.343,1.2637,20.7429,77.9934,11.25,1169.0,0.99,Training
851,0.793,1.1122,20.7747,78.113,11.89,1103.0,0.87,Training
852,1.293,1.2007,20.7562,78.0432,12.8,1050.0,0.94,Training
853,1.593,1.5402,20.6848,77.7749,11.35,1034.0,1.21,Training
854,0.355,1.0996,20.7774,78.123,10.45,1174.0,0.86,Training
855,0.357,1.2259,20.7509,78.0232,10.54,1162.0,0.96,Validation
856,1.385,1.2385,20.7482,78.0133,11.59,1052.0,0.97,Validation
857,0.792,1.3141,20.7323,77.9536,11.25,1101.0,1.03,Training
858,0.233,1.3015,20.735,77.9635,10.57,1201.0,1.02,Validation
859,0.125,0.4761,20.9084,78.6155,10.34,1256.0,0.37,Training
860,0.43,0.5401,20.8949,78.565,11.2,1161.0,0.42,Training
861,0.51,0.5273,20.8976,78.5751,10.9,1148.0,0.41,Validation
862,1.3,0.5145,20.9003,78.5852,11.42,1087.0,0.4,Training
863,0.8,0.5273,20.8976,78.5751,11.28,1120.0,0.41,Training
864,0.255,0.4889,20.9057,78.6054,10.57,1200.0,0.38,Training
865,1.545,1.087,20.7801,78.133,14.8,1008.0,0.85,Training
866,0.517,1.2637,20.7429,77.9934,14.1,1109.0,0.99,Training
867,0.133,1.2385,20.7482,78.0133,13.0,1247.0,0.97,Training
868,0.18,1.3519,20.7244,77.9237,34.11,1107.0,1.06,Training
869,0.245,1.2007,20.7562,78.0432,34.59,1080.0,0.94,Training
870,0.415,1.4022,20.7138,77.884,35.95,1022.0,1.1,Training
871,0.125,0.4761,20.9084,78.6155,10.34,1256.0,0.37,Validation
872,0.43,0.5401,20.8949,78.565,11.2,1161.0,0.42,Validation
873,0.51,0.5273,20.8976,78.5751,10.9,1148.0,0.41,Validation
874,1.3,0.5145,20.9003,78.5852,11.42,1087.0,0.4,Validation
875,0.8,0.5273,20.8976,78.5751,11.28,1120.0,0.41,Validation
876,0.255,0.4889,20.9057,78.6054,10.57,1200.0,0.38,Validation
877,0.303,0.9554,21.0,0.0,15.8,1153.0,0.77,Training
878,0.452,1.3897,21.0,0.0,16.6,1072.0,1.12,Training
879,0.481,1.4517,21.0,0.0,17.05,1051.0,1.17,Training
880,0.152,0.9182,21.0,0.0,15.7,1209.0,0.74,Training
881,0.344,1.3276,21.0,0.0,16.4,1117.0,1.07,Training
883,0.417,0.943,21.0,0.0,15.8,1110.0,0.76,Training
884,0.274,1.551,21.0,0.0,16.35,1126.0,1.25,Training
885,0.314,1.6254,21.0,0.0,16.6,1112.0,1.31,Training
887,0.8,0.2434,4.0,0.0,12.81,1239.0,1.03,Training
888,1.673,0.2482,4.0,0.0,12.98,1190.0,1.05,Validation
889,0.523,0.234,4.0,0.0,12.39,1285.0,0.99,Training
890,2.711,0.2482,4.0,0.0,13.16,1145.0,1.05,Validation
891,0.267,0.2411,4.0,0.0,12.31,1356.0,1.02,Training
892,0.17,0.2245,4.0,0.0,11.78,1411.0,0.95,Training
893,0.363,0.2292,4.0,0.0,15.02,1318.0,0.97,Training
895,0.497,0.2411,4.0,0.0,15.33,1278.0,1.02,Training
896,0.76,0.2458,4.0,0.0,15.38,1229.0,1.04,Training
897,2.094,0.234,4.0,0.0,15.93,1161.0,0.99,Training
898,0.702,0.2363,4.0,0.0,12.65,1264.0,1.0,Training
899,1.535,0.2718,4.0,0.0,12.95,1199.0,1.15,Training
900,0.164,0.208,4.0,0.0,1.28,1483.0,0.88,Training
901,0.431,0.1938,4.0,0.0,1.34,1421.0,0.82,Training
902,1.185,0.2434,4.0,0.0,1.35,1338.0,1.03,Training
903,1.795,0.2647,4.0,0.0,1.38,1296.0,1.12,Training
904,1.02,0.2623,4.0,0.0,1.33,1356.0,1.11,Training
905,0.164,0.208,4.0,0.0,1.28,1483.0,0.88,Validation
906,0.431,0.1938,4.0,0.0,1.34,1421.0,0.82,Validation
907,1.185,0.2434,4.0,0.0,1.35,1338.0,1.03,Validation
909,1.02,0.2623,4.0,0.0,1.33,1356.0,1.11,Validation
910,0.296,1.4435,20.7051,77.8513,11.61,1166.0,1.18,Training
912,0.718,1.3591,20.7229,77.918,9.86,1109.0,1.11,Training
913,1.44,1.3832,20.7178,77.899,11.05,1031.0,1.13,Training
914,0.115,1.2987,20.7356,77.9658,9.51,1253.0,1.06,Training
915,0.21,1.3107,20.733,77.9562,10.24,1208.0,1.07,Training
916,0.565,1.4194,20.7102,77.8704,11.03,1118.0,1.16,Training
917,0.93,1.1897,20.7585,78.0518,11.65,1074.0,0.97,Training
918,1.221,1.2745,20.7407,77.9849,15.2,1011.0,1.04,Training
919,0.715,1.3712,20.7203,77.9085,14.4,1072.0,1.12,Training
921,0.458,1.4957,21.0,0.0,17.2,1061.0,1.25,Training
922,0.16,0.9573,21.0,0.0,15.8,1194.0,0.8,Training
923,0.506,1.2444,21.0,0.0,17.1,1053.0,1.04,Training
924,0.444,1.041,21.0,0.0,16.9,1085.0,0.87,Training
925,0.416,1.3162,21.0,0.0,17.2,1082.0,1.1,Training
926,1.754,0.2325,4.0,0.0,12.84,1185.0,1.02,Training
927,2.623,0.2393,4.0,0.0,13.11,1147.0,1.05,Training
928,0.8,0.237,4.0,0.0,12.75,1242.0,1.04,Validation
930,0.32,0.2165,4.0,0.0,12.06,1342.0,0.95,Training
931,0.237,0.2051,4.0,0.0,11.82,1386.0,0.9,Training
932,2.275,0.253,4.0,0.0,15.7,1146.0,1.11,Validation
933,1.24,0.2462,4.0,0.0,15.45,1181.0,1.08,Training
934,0.815,0.2621,4.0,0.0,15.26,1219.0,1.15,Training
935,0.507,0.2142,4.0,0.0,15.17,1278.0,0.94,Training
936,0.37,0.2416,4.0,0.0,14.95,1313.0,1.06,Training
937,0.23,0.2644,4.0,0.0,14.99,1374.0,1.16,Training
938,1.381,1.323,20.7305,77.9466,12.63,1024.0,1.12,Training
939,0.64,1.019,20.7943,78.1867,11.99,1118.0,0.86,Training
941,0.199,1.4859,20.6962,77.8179,30.63,1092.0,1.26,Training
942,0.517,1.0776,20.782,78.1404,32.36,1029.0,0.91,Training
943,1.452,1.4045,20.7133,77.8822,15.3,999.0,1.19,Training
944,0.498,1.4394,20.706,77.8546,14.6,1087.0,1.22,Training
945,1.285,1.4045,20.7133,77.8822,14.9,1015.0,1.19,Validation
946,0.377,1.5323,20.6865,77.7812,14.0,1138.0,1.3,Training
947,0.566,0.2508,4.0,0.0,12.51,1296.0,1.13,Validation
949,0.26,0.2419,4.0,0.0,12.35,1379.0,1.09,Training
950,0.192,0.2308,4.0,0.0,12.26,1410.0,1.04,Training
951,1.007,0.233,4.0,0.0,13.03,1217.0,1.05,Validation
952,1.228,0.1997,4.0,0.0,12.96,1209.0,0.9,Training
953,1.093,0.1997,4.0,0.0,13.07,1216.0,0.9,Validation
954,1.065,0.2352,4.0,0.0,12.99,1216.0,1.06,Training
957,0.061,0.1975,4.0,0.0,1.09,1610.0,0.89,Validation
960,0.515,0.2508,4.0,0.0,1.14,1436.0,1.13,Training
962,0.231,0.324,4.0,0.0,1.09,1537.0,1.46,Training
963,0.053,0.2996,4.0,0.0,1.14,1694.0,1.35,Training
964,0.349,1.2545,20.7449,78.0007,10.8,1152.0,1.09,Training
965,1.703,1.3566,20.7234,77.92,11.99,1010.0,1.18,Training
966,0.806,1.0837,20.7807,78.1356,11.24,1091.0,0.94,Training
967,0.144,1.1179,20.7735,78.1085,10.24,1233.0,0.97,Training
969,0.174,0.2124,4.0,0.0,1.16,1508.0,1.01,Training
970,0.041,0.1934,4.0,0.0,1.22,1608.0,0.92,Training
972,0.157,0.2418,4.0,0.0,1.26,1512.0,1.15,Training
973,0.382,0.1871,4.0,0.0,1.21,1442.0,0.89,Training
974,0.671,0.1955,4.0,0.0,1.28,1385.0,0.93,Training
975,0.088,0.1934,4.0,0.0,1.23,1572.0,0.92,Training
976,1.883,0.2145,4.0,0.0,1.43,1284.0,1.02,Training
977,1.277,1.0598,20.7858,78.1545,11.85,1030.0,0.97,Training
978,0.309,1.0057,20.7971,78.1972,10.65,1174.0,0.92,Training
979,1.037,1.049,20.788,78.163,11.21,1084.0,0.96,Validation
981,0.249,1.1354,20.7699,78.0947,10.47,1196.0,1.04,Training
983,20.07,0.51,9.9,89.59,16.641,841.7,1.0,Validation
984,21.52,0.51,9.9,89.59,17.027,847.4,1.0,Training
985,24.42,0.51,9.9,89.59,17.035,847.6,1.0,Training
986,17.71,0.51,9.9,89.59,17.527,856.7,1.0,Training
987,20.07,0.51,9.9,89.59,17.877,862.6,1.0,Validation
988,11.45,0.51,9.9,89.59,16.935,886.7,1.0,Training
989,9.69,0.51,9.9,89.59,17.271,891.9,1.0,Validation
990,7.34,0.51,9.9,89.59,16.399,924.7,1.0,Training
992,4.24,0.51,9.9,89.59,18.325,962.6,1.0,Training
993,5.15,0.51,9.9,89.59,18.889,973.4,1.0,Validation
994,4.08,0.51,9.9,89.59,16.167,982.9,1.0,Training
995,2.18,0.51,9.9,89.59,14.058,1015.4,1.0,Validation
996,2.42,0.51,9.9,89.59,14.306,1021.0,1.0,Training
997,1.85,0.51,9.9,89.59,17.014,1042.3,1.0,Training
999,1.35,0.51,9.9,89.59,16.452,1078.5,1.0,Training
1000,1.4,0.51,9.9,89.59,14.461,1078.9,1.0,Training
1001,0.92542,0.51,9.9,89.59,15.731,1128.2,1.0,Training
1002,0.53416,0.51,9.9,89.59,16.495,1210.6,1.0,Training
1003,0.36966,0.51,9.9,89.59,16.06,1271.9,1.0,Training
1004,0.38468,0.51,9.9,89.59,16.142,1274.6,1.0,Validation
1005,0.18554,0.51,9.9,89.59,16.666,1388.9,1.0,Training
1006,0.11695,0.51,9.9,89.59,18.31,1448.5,1.0,Training
1007,0.06834,0.51,9.9,89.59,18.176,1508.7,1.0,Training
1009,0.0269614,0.51,9.9,89.59,19.002,1712.1,1.0,Training
1010,7.94,1.0,9.8,89.2,16.9702,893.9,2.0,Training
1011,6.34,1.0,9.8,89.2,17.059,922.7,2.0,Training
1012,4.67,1.0,9.8,89.2,17.9277,944.8,2.0,Training
1013,4.12,1.0,9.8,89.2,18.2491,977.0,2.0,Training
1014,3.25,1.0,9.8,89.2,15.5522,999.2,2.0,Training
1015,2.0,1.0,9.8,89.2,15.9807,1038.3,2.0,Training
1016,1.48,1.0,9.8,89.2,14.125,1072.5,2.0,Training
1017,1.43,1.0,9.8,89.2,15.9668,1071.5,2.0,Validation
1018,1.2,1.0,9.8,89.2,16.1363,1075.8,2.0,Training
1019,0.925596,1.0,9.8,89.2,16.4639,1109.8,2.0,Training
1020,0.784838,1.0,9.8,89.2,16.3371,1134.8,2.0,Training
1021,0.71721,1.0,9.8,89.2,13.6671,1175.3,2.0,Training
1022,0.691245,1.0,9.8,89.2,15.6458,1180.2,2.0,Training
1023,0.590361,1.0,9.8,89.2,14.2725,1193.6,2.0,Training
1024,0.468979,1.0,9.8,89.2,14.3536,1267.7,2.0,Training
1025,0.37485,1.0,9.8,89.2,15.9366,1250.7,2.0,Validation
1026,0.373901,1.0,9.8,89.2,16.1852,1257.2,2.0,Training
1027,0.299207,1.0,9.8,89.2,16.7093,1296.3,2.0,Training
1028,0.269318,1.0,9.8,89.2,17.7899,1309.6,2.0,Training
1029,0.228643,1.0,9.8,89.2,16.7481,1353.0,2.0,Validation
1030,0.219633,1.0,9.8,89.2,16.6895,1351.9,2.0,Training
1031,0.18499,1.0,9.8,89.2,14.5907,1402.5,2.0,Training
1032,0.118375,1.0,9.8,89.2,15.8992,1458.7,2.0,Training
1033,0.0959756,1.0,9.8,89.2,11.39,1552.0,2.0,Training
1034,0.0718422,1.0,9.8,89.2,17.7198,1531.5,2.0,Training
1036,0.0491892,1.0,9.8,89.2,15.5223,1586.9,2.0,Training
1037,0.0482995,1.0,9.8,89.2,15.9881,1607.2,2.0,Validation
1038,0.041365,1.0,9.8,89.2,16.1256,1616.2,2.0,Training
1039,0.0344198,1.0,9.8,89.2,16.3754,1626.6,2.0,Validation
1040,0.467,1.224,20.751,78.025,11.1,1138.0,1.0,Training
1041,0.457,1.224,20.751,78.025,10.7,1148.0,1.0,Validation
1042,0.828,1.224,20.751,78.025,10.8,1086.0,1.0,Validation
1043,0.458,1.224,20.751,78.025,10.1,1162.0,1.0,Validation
1044,0.253,1.224,20.751,78.025,10.1,1194.0,1.0,Validation
1045,0.24,1.224,20.751,78.025,9.9,1214.0,1.0,Training
1046,0.222,1.224,20.751,78.025,9.7,1222.0,1.0,Validation
1047,0.802,1.224,20.751,78.025,10.3,1099.0,1.0,Training
1048,1.561,1.224,20.751,78.025,9.3,1046.0,1.0,Training
1049,0.367,1.224,20.751,78.025,10.6,1176.0,1.0,Training
1050,0.348,1.224,20.751,78.025,12.3,1156.0,1.0,Training
1051,0.806,1.224,20.751,78.025,10.6,1089.0,1.0,Validation
1052,0.67,1.224,20.751,78.025,10.0,1114.0,1.0,Validation
1053,1.301,1.224,20.751,78.025,10.6,1040.0,1.0,Validation
1054,1.532,1.224,20.751,78.025,10.0,1035.0,1.0,Training
1055,1.121,1.224,20.751,78.025,9.5,1067.0,1.0,Validation
1056,1.14,1.224,20.751,78.025,7.6,1085.0,1.0,Training
1057,0.342,1.224,20.751,78.025,9.9,1191.0,1.0,Training
1058,0.373,1.224,20.751,78.025,9.4,1191.0,1.0,Validation
1059,0.338,1.224,20.751,78.025,8.7,1204.0,1.0,Training
1060,1.053,1.224,20.751,78.025,11.5,1050.0,1.0,Training
1061,0.332,1.224,20.751,78.025,24.8,1076.0,1.0,Training
1062,0.16,1.224,20.751,78.025,23.7,1154.0,1.0,Training
1063,0.216,1.224,20.751,78.025,24.6,1125.0,1.0,Training
1065,0.974,1.224,20.751,78.025,24.4,966.0,1.0,Training
1066,0.71,1.224,20.751,78.025,25.0,987.0,1.0,Training
1067,0.525,1.224,20.751,78.025,24.8,1021.0,1.0,Training
1069,0.181,0.616,20.87,78.505,9.9,1252.0,0.5,Validation
1070,0.265,0.616,20.87,78.505,10.1,1208.0,0.5,Validation
1071,0.857,0.616,20.87,78.505,10.1,1106.0,0.5,Validation
1072,0.592,0.616,20.87,78.505,10.0,1144.0,0.5,Training
1073,0.53,0.616,20.87,78.505,10.5,1147.0,0.5,Validation
1074,0.833,0.616,20.87,78.505,11.3,1096.0,0.5,Training
1076,2.044,0.616,20.87,78.505,10.7,1022.0,0.5,Validation
1077,1.233,0.616,20.87,78.505,9.7,1078.0,0.5,Validation
1079,0.148,0.616,20.87,78.505,25.0,1193.0,0.5,Training
1080,0.316,0.616,20.87,78.505,25.1,1128.0,0.5,Validation
1081,1.001,0.616,20.87,78.505,26.1,1010.0,0.5,Validation
1082,0.539,0.616,20.87,78.505,25.8,1078.0,0.5,Training
1083,1.68,0.616,20.87,78.505,25.8,972.0,0.5,Training
1084,0.241,0.616,20.87,78.505,22.6,1160.0,0.5,Training
1085,3.081,0.616,20.87,78.505,20.0,790.0,0.5,Training
1086,2.699,0.616,20.87,78.505,20.2,828.0,0.5,Training
1088,3.311,0.616,20.87,78.505,19.6,883.0,0.5,Validation
1090,0.688,1.1521,20.7664,78.0815,10.6,1106.0,1.0,Training
1091,0.296,1.1521,20.7664,78.0815,10.2,1204.0,1.0,Validation
1092,0.175,1.1521,20.7664,78.0815,9.7,1264.0,1.0,Training
1093,1.039,1.1521,20.7664,78.0815,11.0,1052.0,1.0,Validation
1094,1.534,1.1521,20.7664,78.0815,10.5,1013.0,1.0,Training
1095,0.776,1.1521,20.7664,78.0815,10.9,1085.0,1.0,Training
1096,0.648,1.1521,20.7664,78.0815,10.3,1115.0,1.0,Validation
1097,0.557,1.1521,20.7664,78.0815,24.0,1025.0,1.0,Training
1098,0.656,1.1521,20.7664,78.0815,24.2,1005.0,1.0,Training
1100,0.283,1.1521,20.7664,78.0815,23.2,1115.0,1.0,Training
1101,0.197,1.1521,20.7664,78.0815,21.7,1170.0,1.0,Training
1102,0.848,1.1521,20.7664,78.0815,24.4,976.0,1.0,Training
1103,0.223,0.5794,20.8867,78.5339,9.7,1239.0,0.5,Validation
1104,1.058,0.5794,20.8867,78.5339,10.5,1082.0,0.5,Training
1105,2.141,0.5794,20.8867,78.5339,10.3,1024.0,0.5,Training
1106,0.455,0.5794,20.8867,78.5339,10.0,1164.0,0.5,Validation
1107,1.014,0.5794,20.8867,78.5339,9.7,1093.0,0.5,Training
1108,0.886,0.5794,20.8867,78.5339,9.4,1103.0,0.5,Validation
1109,1.258,0.5794,20.8867,78.5339,10.2,1065.0,0.5,Training
1110,0.343,0.5794,20.8867,78.5339,9.7,1199.0,0.5,Validation
1111,0.637,0.5794,20.8867,78.5339,10.2,1128.0,0.5,Validation
1112,1.333,0.5794,20.8867,78.5339,10.5,1056.0,0.5,Validation
1113,0.307,0.5794,20.8867,78.5339,25.3,1122.0,0.5,Training
1114,0.511,0.5794,20.8867,78.5339,24.7,1066.0,0.5,Training
1115,0.229,0.5794,20.8867,78.5339,24.1,1155.0,0.5,Training
1116,0.849,0.5794,20.8867,78.5339,25.7,1013.0,0.5,Training
1117,1.38,0.5794,20.8867,78.5339,26.4,977.0,0.5,Validation
1119,4.136,0.5794,20.8867,78.5339,16.0,785.0,0.5,Training
1120,0.337,0.5794,20.8867,78.5339,20.3,885.0,0.5,Training
767,0.028,1.276,20.74,77.984,23.7,1229.0,1.0,Test
106,0.036,2.56,20.46,76.98,10.39,1372.2,2.0,Test
1008,0.0398013,0.51,9.9,89.59,17.875,1663.7,1.0,Test
65,0.046,0.65,20.86,78.48,10.2,1343.6,0.5,Test
174,0.054,1.27,20.73,78.0,9.88,1441.9,1.0,Test
1035,0.0570556,1.0,9.8,89.2,18.6344,1565.6,2.0,Test
400,0.063,0.689,20.86,78.45,21.7,1273.0,0.5,Test
200,0.068,1.27,20.73,78.0,10.5,1431.9,1.0,Test
78,0.071,1.3,20.73,77.98,2.04,1519.8,1.0,Test
165,0.074,0.64,20.87,78.5,10.32,1420.7,0.5,Test
559,0.083,2.038,20.58,77.38,21.1,1185.0,1.5,Test
8,0.084,0.61,20.87,78.52,2.16,1501.0,0.5,Test
958,0.099,0.2042,4.0,0.0,1.15,1563.0,0.92,Test
731,0.101,1.276,20.74,77.984,29.4,1145.0,1.0,Test
233,0.108,1.25,20.74,78.01,3.26,1455.1,1.0,Test
736,0.115,1.276,20.74,77.984,50.5,1090.0,1.0,Test
24,0.119,1.25,20.74,78.01,1.95,1484.1,1.0,Test
940,0.134,1.4045,20.7133,77.8822,10.93,1229.0,1.19,Test
397,0.138,0.689,20.86,78.45,21.9,1196.0,0.5,Test
437,0.151,1.368,20.72,77.91,9.6,1210.0,1.0,Test
627,0.1575,0.59,20.88,78.53,10.88,1233.8,0.5,Test
14,0.159,0.61,20.87,78.52,9.69,1281.8,0.5,Test
617,0.1686,0.59,20.88,78.53,10.88,1301.4,0.5,Test
145,0.174,2.5,20.48,77.03,1.93,1377.9,2.0,Test
301,0.18,2.5,20.48,77.02,9.98,1268.7,2.0,Test
682,0.1929,0.59,6.96,92.45,10.88,1372.3,1.5,Test
280,0.207,1.27,20.73,78.0,3.04,1356.9,1.0,Test
894,0.217,0.2198,4.0,0.0,14.76,1373.0,0.93,Test
118,0.22,0.64,20.87,78.5,9.96,1227.4,0.5,Test
971,0.23,0.1913,4.0,0.0,1.21,1476.0,0.91,Test
358,0.242,2.5,20.48,77.03,9.93,1256.5,2.4,Test
171,0.246,1.27,20.73,78.0,9.48,1221.8,1.0,Test
792,0.257,1.3064,21.0,77.6936,5.92,1232.0,0.93,Test
781,0.265,1.3627,21.0,77.6373,7.34,1217.0,1.22,Test
729,0.278,1.276,20.74,77.984,28.3,1073.0,1.0,Test
812,0.288,1.3569,21.0,0.0,18.2,1112.0,1.05,Test
220,0.298,0.61,20.87,78.52,10.67,1234.3,0.5,Test
1064,0.305,1.224,20.751,78.025,24.5,1096.0,1.0,Test
1068,0.319,1.224,20.751,78.025,25.2,1083.0,1.0,Test
681,0.3358,0.59,6.96,92.45,10.88,1280.4,1.5,Test
961,0.35,0.213,4.0,0.0,1.12,1484.0,0.96,Test
125,0.353,1.27,20.73,78.0,2.0,1251.8,1.0,Test
920,0.367,1.1607,21.0,0.0,16.1,1116.0,0.97,Test
480,0.375,1.368,20.72,77.91,19.1,1083.0,1.0,Test
1078,0.379,0.616,20.87,78.505,9.6,1189.0,0.5,Test
688,0.4074,0.59,6.96,92.45,10.88,1329.9,1.5,Test
980,0.426,1.1893,20.7585,78.0521,10.75,1153.0,1.09,Test
882,0.438,1.3897,21.0,0.0,16.66,1073.0,1.12,Test
1099,0.454,1.1521,20.7664,78.0815,24.1,1060.0,1.0,Test
959,0.465,0.2441,4.0,0.0,1.08,1438.0,1.1,Test
1089,0.477,1.1521,20.7664,78.0815,9.8,1153.0,1.0,Test
270,0.497,0.64,20.86,78.5,9.85,1192.5,0.5,Test
790,0.517,1.4603,21.0,77.5397,6.12,1167.0,1.13,Test
615,0.5217,0.59,20.88,78.53,10.88,1147.6,0.5,Test
929,0.53,0.2325,4.0,0.0,12.44,1287.0,1.02,Test
314,0.54,1.27,20.73,78.0,9.99,1139.6,1.0,Test
372,0.575,0.346,20.94,78.72,21.9,1127.0,0.25,Test
886,0.611,0.9926,21.0,0.0,16.8,1051.0,0.8,Test
371,0.619,0.346,20.94,78.72,20.4,1092.0,0.25,Test
253,0.643,2.47,20.48,77.05,3.09,1214.1,2.0,Test
31,0.684,1.25,20.74,78.01,9.65,1084.4,1.0,Test
476,0.706,1.368,20.72,77.91,16.7,1043.0,1.0,Test
982,0.723,1.2863,20.7382,77.9756,11.36,1100.0,1.18,Test
744,0.732,0.615,10.0,89.385,17.7,1111.0,1.0,Test
591,0.782,1.286,20.74,77.97,21.8,1003.0,1.0,Test
1075,0.804,0.616,20.87,78.505,11.0,1098.0,0.5,Test
94,0.813,2.56,20.46,76.98,2.03,1209.3,2.0,Test
433,0.818,1.368,20.72,77.91,11.5,1046.0,1.0,Test
948,0.853,0.2308,4.0,0.0,12.87,1248.0,1.04,Test
412,0.877,1.368,20.72,77.91,8.3,1052.0,1.0,Test
228,0.934,1.25,20.74,78.01,2.89,1181.0,1.0,Test
123,0.954,1.27,20.73,78.0,2.08,1186.1,1.0,Test
157,1.002,0.64,20.87,78.5,10.33,1115.0,0.5,Test
543,1.024,2.038,20.58,77.38,20.2,972.0,1.5,Test
51,1.063,0.65,20.86,78.48,1.95,1185.7,0.5,Test
968,1.089,1.1749,20.7616,78.0636,11.64,1056.0,1.02,Test
643,1.1586,1.76,20.63,77.61,10.88,1034.9,1.5,Test
783,1.164,1.117,21.0,77.883,8.07,1070.0,1.0,Test
18,1.228,1.25,20.74,78.01,1.81,1095.0,1.0,Test
140,1.238,2.5,20.48,77.03,2.01,1104.5,2.0,Test
721,1.287,1.276,20.74,77.984,22.5,958.0,1.0,Test
50,1.335,0.65,20.86,78.48,2.03,1158.8,0.5,Test
739,1.34,0.615,10.0,89.385,17.5,1057.0,1.0,Test
175,1.404,2.5,20.48,77.03,10.25,1039.5,2.0,Test
241,1.438,1.25,20.74,78.01,10.38,1065.6,1.0,Test
533,1.481,2.038,20.58,77.38,20.6,774.0,1.5,Test
956,1.532,0.233,4.0,0.0,13.24,1202.0,1.05,Test
998,1.55,0.51,9.9,89.59,16.196,1070.8,1.0,Test
911,1.645,1.0684,20.784,78.1477,12.5,1024.0,0.87,Test
632,1.6625,1.18,20.75,78.07,10.88,996.1,1.0,Test
839,1.715,0.5268,4.0,0.0,12.59,1186.0,2.14,Test
679,1.7471,0.59,6.96,92.45,10.88,1103.6,1.5,Test
908,1.795,0.2647,4.0,0.0,1.38,1296.0,1.12,Test
466,1.843,1.368,20.72,77.91,22.8,871.0,1.0,Test
602,1.91,1.258,20.74,78.0,20.2,914.0,1.0,Test
955,1.978,0.2352,4.0,0.0,13.28,1181.0,1.06,Test
613,2.0852,0.59,20.88,78.53,10.88,1017.8,0.5,Test
528,2.331,2.038,20.58,77.38,23.5,710.0,1.5,Test
751,2.484,1.276,20.74,77.984,21.1,785.0,1.0,Test
560,2.676,1.171,20.76,78.07,20.2,673.0,1.0,Test
446,2.737,1.368,20.72,77.91,24.3,717.0,1.0,Test
1087,3.159,0.616,20.87,78.505,19.2,842.0,0.5,Test
747,3.286,1.276,20.74,77.984,21.7,715.0,1.0,Test
1118,3.633,0.5794,20.8867,78.5339,17.4,882.0,0.5,Test
683,4.5128,0.59,6.96,92.45,10.88,1058.0,1.5,Test
378,4.921,0.689,20.86,78.45,20.6,707.0,0.5,Test
991,5.55,0.51,9.9,89.59,17.158,939.8,1.0,Test
363,5.966,0.346,20.94,78.72,20.3,920.0,0.25,Test
362,6.863,0.346,20.94,78.72,20.8,897.0,0.25,Test
710,8.428,1.28,20.74,77.98,16.3,704.3,1.0,Test
324,9.97,2.5,20.48,77.02,9.97,1398.1,2.0,Test
654,11.0094,0.59,10.44,88.97,10.88,901.8,1.0,Test
