Point,IDT_ms,X_Fuel,X_O2,X_N2,P,T,n-i-alkanes,cyclic-alkanes,Aromatics,Formula_H,Set,IDT_ms_pred
1,1.62,0.61,20.87,78.52,1.96,1091.5,51.10131499,37.20345527,7.681035334,20.07,Training,1.5111000000000008
2,0.992,0.61,20.87,78.52,2.06,1157.9,51.10131499,37.20345527,7.681035334,20.07,Training,1.163
3,0.815,0.61,20.87,78.52,2.03,1210.0,51.10131499,37.20345527,7.681035334,20.07,Training,0.76495
4,0.619,0.61,20.87,78.52,1.98,1255.6,51.10131499,37.20345527,7.681035334,20.07,Training,0.6416000000000001
5,0.24,0.61,20.87,78.52,2.08,1327.2,51.10131499,37.20345527,7.681035334,20.07,Training,0.2817000000000001
6,0.171,0.61,20.87,78.52,1.96,1386.3,51.10131499,37.20345527,7.681035334,20.07,Training,0.1581
7,0.121,0.61,20.87,78.52,2.01,1457.9,51.10131499,37.20345527,7.681035334,20.07,Training,0.11955000000000003
9,0.077,0.61,20.87,78.52,2.04,1516.1,51.10131499,37.20345527,7.681035334,20.07,Training,0.06149999999999999
10,0.046,0.61,20.87,78.52,2.06,1585.2,51.10131499,37.20345527,7.681035334,20.07,Training,0.05194807000000001
11,2.388,0.61,20.87,78.52,10.5,1070.7,51.10131499,37.20345527,7.681035334,20.07,Training,1.6331199999999997
12,0.643,0.61,20.87,78.52,10.9,1109.6,51.10131499,37.20345527,7.681035334,20.07,Training,0.6900600000000002
13,0.344,0.61,20.87,78.52,9.31,1164.1,51.10131499,37.20345527,7.681035334,20.07,Training,0.4305000000000001
16,0.024,0.61,20.87,78.52,10.8,1382.9,51.10131499,37.20345527,7.681035334,20.07,Training,0.04170000000000004
19,1.1,1.25,20.74,78.01,2.1,1166.6,51.10131499,37.20345527,7.681035334,20.07,Training,1.0567500000000003
20,0.63,1.25,20.74,78.01,1.98,1261.5,51.10131499,37.20345527,7.681035334,20.07,Training,0.58455
21,0.398,1.25,20.74,78.01,2.04,1312.9,51.10131499,37.20345527,7.681035334,20.07,Training,0.32614999999999994
22,0.211,1.25,20.74,78.01,2.0,1370.4,51.10131499,37.20345527,7.681035334,20.07,Training,0.19559999999999997
23,0.126,1.25,20.74,78.01,2.1,1434.5,51.10131499,37.20345527,7.681035334,20.07,Training,0.12669999999999998
25,0.07,1.25,20.74,78.01,1.89,1484.1,51.10131499,37.20345527,7.681035334,20.07,Training,0.08645000000000003
26,0.041,1.25,20.74,78.01,2.05,1570.9,51.10131499,37.20345527,7.681035334,20.07,Training,0.05100000000000002
27,2.746,1.25,20.74,78.01,10.7,922.2,51.10131499,37.20345527,7.681035334,20.07,Training,3.7574799999999997
28,1.823,1.25,20.74,78.01,9.97,988.9,51.10131499,37.20345527,7.681035334,20.07,Training,1.8375150000000002
30,0.693,1.25,20.74,78.01,9.32,1069.5,51.10131499,37.20345527,7.681035334,20.07,Training,1.0084500000000003
32,0.358,1.25,20.74,78.01,10.0,1151.0,51.10131499,37.20345527,7.681035334,20.07,Training,0.4575
33,0.213,1.25,20.74,78.01,10.2,1211.2,51.10131499,37.20345527,7.681035334,20.07,Training,0.25215
34,0.126,1.25,20.74,78.01,9.91,1290.0,51.10131499,37.20345527,7.681035334,20.07,Training,0.13169999999999996
35,0.055,1.25,20.74,78.01,9.44,1355.9,51.10131499,37.20345527,7.681035334,20.07,Training,0.0614
36,0.013,1.25,20.74,78.01,10.14,1439.4,51.10131499,37.20345527,7.681035334,20.07,Training,0.029400000000007767
37,1.552,2.47,20.48,77.05,2.0,1150.3,51.10131499,37.20345527,7.681035334,20.07,Training,1.3060999999999998
38,0.957,2.47,20.48,77.05,1.97,1194.0,51.10131499,37.20345527,7.681035334,20.07,Training,0.9033500000000002
39,0.827,2.47,20.48,77.05,1.98,1246.0,51.10131499,37.20345527,7.681035334,20.07,Training,0.7566999999999999
40,0.448,2.47,20.48,77.05,2.08,1325.5,51.10131499,37.20345527,7.681035334,20.07,Training,0.32900000000000007
41,0.208,2.47,20.48,77.05,2.08,1426.7,51.10131499,37.20345527,7.681035334,20.07,Training,0.1752
42,0.163,2.47,20.48,77.05,1.93,1477.1,51.10131499,37.20345527,7.681035334,20.07,Training,0.14719999999999997
43,0.081,2.47,20.48,77.05,2.0,1553.6,51.10131499,37.20345527,7.681035334,20.07,Training,0.08854878
44,1.81,2.47,20.48,77.05,11.1,1041.4,51.10131499,37.20345527,7.681035334,20.07,Training,1.516215
45,0.916,2.47,20.48,77.05,9.55,1080.8,51.10131499,37.20345527,7.681035334,20.07,Training,1.3633500000000005
46,0.289,2.47,20.48,77.05,10.36,1161.2,51.10131499,37.20345527,7.681035334,20.07,Training,0.32410000000000005
47,0.198,2.47,20.48,77.05,10.24,1211.5,51.10131499,37.20345527,7.681035334,20.07,Training,0.21254499999999998
49,0.067,2.47,20.48,77.05,9.3,1356.6,51.10131499,37.20345527,7.681035334,20.07,Training,0.06285
52,0.759,0.65,20.86,78.48,1.91,1195.8,11.60252,87.21426,0.72511,22.0,Training,0.7339000000000002
53,0.389,0.65,20.86,78.48,1.9,1266.4,11.60252,87.21426,0.72511,22.0,Training,0.4504000000000001
54,0.204,0.65,20.86,78.48,2.07,1345.5,11.60252,87.21426,0.72511,22.0,Training,0.1954000000000001
55,0.149,0.65,20.86,78.48,1.96,1386.9,11.60252,87.21426,0.72511,22.0,Training,0.14531000000000002
56,0.12,0.65,20.86,78.48,1.97,1432.7,11.60252,87.21426,0.72511,22.0,Training,0.12450000000000006
57,0.058,0.65,20.86,78.48,1.99,1498.1,11.60252,87.21426,0.72511,22.0,Training,0.05340000000000002
60,0.799,0.65,20.86,78.48,10.2,1110.7,11.60252,87.21426,0.72511,22.0,Training,0.7579999999999999
61,0.345,0.65,20.86,78.48,9.57,1172.9,11.60252,87.21426,0.72511,22.0,Training,0.38514999999999994
63,0.156,0.65,20.86,78.48,10.67,1251.4,11.60252,87.21426,0.72511,22.0,Training,0.17915000000000003
64,0.096,0.65,20.86,78.48,9.82,1289.3,11.60252,87.21426,0.72511,22.0,Training,0.12775
66,0.04,0.65,20.86,78.48,10.56,1363.2,11.60252,87.21426,0.72511,22.0,Training,0.070635
68,2.042,1.3,20.73,77.98,1.98,1085.9,11.60252,87.21426,0.72511,22.0,Training,1.7140500000000003
70,1.188,1.3,20.73,77.98,2.09,1128.0,11.60252,87.21426,0.72511,22.0,Training,1.2443499999999998
72,0.661,1.3,20.73,77.98,2.02,1206.8,11.60252,87.21426,0.72511,22.0,Training,0.64295
74,0.467,1.3,20.73,77.98,1.93,1282.0,11.60252,87.21426,0.72511,22.0,Training,0.41839999999999994
75,0.297,1.3,20.73,77.98,2.05,1368.0,11.60252,87.21426,0.72511,22.0,Training,0.2269
76,0.186,1.3,20.73,77.98,2.01,1414.8,11.60252,87.21426,0.72511,22.0,Training,0.1724
77,0.142,1.3,20.73,77.98,1.92,1471.3,11.60252,87.21426,0.72511,22.0,Training,0.12245
79,0.056,1.3,20.73,77.98,2.0,1600.7,11.60252,87.21426,0.72511,22.0,Training,0.05800000000000003
80,0.035,1.3,20.73,77.98,1.96,1683.8,11.60252,87.21426,0.72511,22.0,Training,0.053198069999993325
81,1.493,1.3,20.73,77.98,10.69,1028.1,11.60252,87.21426,0.72511,22.0,Training,1.4506
84,0.399,1.3,20.73,77.98,10.89,1114.9,11.60252,87.21426,0.72511,22.0,Training,0.5074000000000002
86,0.242,1.3,20.73,77.98,9.56,1177.6,11.60252,87.21426,0.72511,22.0,Training,0.28955
88,0.146,1.3,20.73,77.98,9.59,1247.2,11.60252,87.21426,0.72511,22.0,Training,0.19329999999999997
90,0.063,1.3,20.73,77.98,10.8,1306.3,11.60252,87.21426,0.72511,22.0,Training,0.08844999999999997
92,0.945,2.56,20.46,76.98,2.07,1169.5,11.60252,87.21426,0.72511,22.0,Training,1.29805
96,0.434,2.56,20.46,76.98,2.0,1300.2,11.60252,87.21426,0.72511,22.0,Training,0.4758499999999999
97,0.281,2.56,20.46,76.98,1.99,1347.0,11.60252,87.21426,0.72511,22.0,Training,0.2928
98,0.175,2.56,20.46,76.98,2.0,1402.6,11.60252,87.21426,0.72511,22.0,Training,0.19365
99,0.142,2.56,20.46,76.98,2.08,1487.5,11.60252,87.21426,0.72511,22.0,Training,0.17095000000000007
100,0.092,2.56,20.46,76.98,1.98,1544.4,11.60252,87.21426,0.72511,22.0,Training,0.13469999999999965
101,1.875,2.56,20.46,76.98,9.68,1020.8,11.60252,87.21426,0.72511,22.0,Training,1.711
102,0.731,2.56,20.46,76.98,10.65,1075.0,11.60252,87.21426,0.72511,22.0,Training,0.8472999999999999
103,0.338,2.56,20.46,76.98,9.38,1136.9,11.60252,87.21426,0.72511,22.0,Training,1.0057500000000004
104,0.151,2.56,20.46,76.98,10.38,1218.1,11.60252,87.21426,0.72511,22.0,Training,0.22849999999999993
105,0.085,2.56,20.46,76.98,9.63,1279.5,11.60252,87.21426,0.72511,22.0,Training,0.21265
107,1.472,0.64,20.87,78.5,1.92,1131.9,32.882455,56.48979,8.091765,21.035,Training,1.40815
109,0.368,0.64,20.87,78.5,2.1,1229.6,32.882455,56.48979,8.091765,21.035,Training,0.47345000000000015
110,0.271,0.64,20.87,78.5,2.02,1294.0,32.882455,56.48979,8.091765,21.035,Training,0.33735000000000004
111,0.198,0.64,20.87,78.5,2.09,1336.4,32.882455,56.48979,8.091765,21.035,Training,0.2180000000000001
112,0.08,0.64,20.87,78.5,2.02,1408.6,32.882455,56.48979,8.091765,21.035,Training,0.11035000000000002
113,0.034,0.64,20.87,78.5,2.02,1511.2,32.882455,56.48979,8.091765,21.035,Training,0.047500000000000014
114,1.82,0.64,20.87,78.5,9.42,1025.2,32.882455,56.48979,8.091765,21.035,Training,1.7817749999999997
115,0.77,0.64,20.87,78.5,10.44,1099.3,32.882455,56.48979,8.091765,21.035,Training,0.92631
117,0.361,0.64,20.87,78.5,9.78,1174.0,32.882455,56.48979,8.091765,21.035,Training,0.37549999999999994
119,0.166,0.64,20.87,78.5,9.99,1266.7,32.882455,56.48979,8.091765,21.035,Training,0.19069999999999998
120,0.07,0.64,20.87,78.5,10.17,1310.0,32.882455,56.48979,8.091765,21.035,Training,0.12649999999999997
121,0.032,0.64,20.87,78.5,10.14,1357.7,32.882455,56.48979,8.091765,21.035,Training,0.04845000000000003
122,1.322,1.27,20.73,78.0,2.07,1123.1,32.882455,56.48979,8.091765,21.035,Training,1.3100499999999997
126,0.533,1.27,20.73,78.0,2.09,1251.9,32.882455,56.48979,8.091765,21.035,Training,0.529
127,0.235,1.27,20.73,78.0,2.02,1308.3,32.882455,56.48979,8.091765,21.035,Training,0.29530000000000006
128,0.15,1.27,20.73,78.0,2.02,1409.2,32.882455,56.48979,8.091765,21.035,Training,0.13655
129,0.095,1.27,20.73,78.0,1.9,1456.7,32.882455,56.48979,8.091765,21.035,Training,0.1028
130,0.052,1.27,20.73,78.0,2.06,1532.2,32.882455,56.48979,8.091765,21.035,Training,0.045850000000000016
131,0.035,1.27,20.73,78.0,2.09,1591.1,32.882455,56.48979,8.091765,21.035,Training,0.04170000000000003
133,1.02,1.27,20.73,78.0,9.57,1087.7,32.882455,56.48979,8.091765,21.035,Training,1.44405
134,0.401,1.27,20.73,78.0,10.21,1129.8,32.882455,56.48979,8.091765,21.035,Training,0.5791999999999999
135,0.342,1.27,20.73,78.0,9.25,1161.7,32.882455,56.48979,8.091765,21.035,Training,0.35214999999999996
136,0.249,1.27,20.73,78.0,9.47,1202.1,32.882455,56.48979,8.091765,21.035,Training,0.2891000000000001
137,0.122,1.27,20.73,78.0,10.14,1307.7,32.882455,56.48979,8.091765,21.035,Training,0.12319999999999998
138,0.046,1.27,20.73,78.0,9.55,1371.7,32.882455,56.48979,8.091765,21.035,Training,0.04750000000000004
139,0.012,1.27,20.73,78.0,10.63,1470.8,32.882455,56.48979,8.091765,21.035,Training,0.0308
141,0.687,2.5,20.48,77.03,1.92,1180.5,32.882455,56.48979,8.091765,21.035,Training,0.7122999999999998
142,0.665,2.5,20.48,77.03,1.97,1223.5,32.882455,56.48979,8.091765,21.035,Training,0.6127999999999999
143,0.393,2.5,20.48,77.03,2.1,1271.9,32.882455,56.48979,8.091765,21.035,Training,0.37925000000000003
146,0.08,2.5,20.48,77.03,2.07,1526.9,32.882455,56.48979,8.091765,21.035,Training,0.09035
147,0.068,2.5,20.48,77.03,1.93,1576.1,32.882455,56.48979,8.091765,21.035,Training,0.09465000000000008
148,1.36,2.5,20.48,77.03,10.23,1038.5,32.882455,56.48979,8.091765,21.035,Training,1.4085999999999999
150,0.484,2.5,20.48,77.03,10.57,1092.2,32.882455,56.48979,8.091765,21.035,Training,1.4986000000000006
152,0.246,2.5,20.48,77.03,10.22,1170.7,32.882455,56.48979,8.091765,21.035,Training,0.2913500000000001
153,0.197,2.5,20.48,77.03,10.12,1221.6,32.882455,56.48979,8.091765,21.035,Training,0.19655
154,0.137,2.5,20.48,77.03,9.45,1270.7,32.882455,56.48979,8.091765,21.035,Training,0.15460000000000002
155,0.076,2.5,20.48,77.03,9.48,1320.8,32.882455,56.48979,8.091765,21.035,Training,0.09590000000000001
156,0.046,2.5,20.48,77.03,10.2,1373.5,32.882455,56.48979,8.091765,21.035,Training,0.05785000000000004
159,0.624,0.64,20.87,78.5,9.81,1147.1,22.00894,69.88772,3.61921,20.649,Training,0.5611999999999998
161,0.372,0.64,20.87,78.5,9.81,1190.0,22.00894,69.88772,3.61921,20.649,Training,0.37829999999999997
162,0.272,0.64,20.87,78.5,10.01,1230.4,22.00894,69.88772,3.61921,20.649,Training,0.2551500000000001
163,0.206,0.64,20.87,78.5,9.57,1274.8,22.00894,69.88772,3.61921,20.649,Training,0.19565
164,0.118,0.64,20.87,78.5,9.94,1346.6,22.00894,69.88772,3.61921,20.649,Training,0.10959999999999999
166,0.036,0.64,20.87,78.5,10.3,1521.3,22.00894,69.88772,3.61921,20.649,Training,0.041600000000000005
167,1.296,1.27,20.73,78.0,10.27,1060.9,22.00894,69.88772,3.61921,20.649,Training,1.30964
168,0.93,1.27,20.73,78.0,9.72,1086.8,22.00894,69.88772,3.61921,20.649,Training,0.9681
170,0.408,1.27,20.73,78.0,10.31,1164.4,22.00894,69.88772,3.61921,20.649,Training,0.3877000000000001
172,0.116,1.27,20.73,78.0,10.24,1313.9,22.00894,69.88772,3.61921,20.649,Training,0.12735000000000002
173,0.086,1.27,20.73,78.0,9.49,1367.3,22.00894,69.88772,3.61921,20.649,Training,0.08401000000000003
176,0.948,2.5,20.48,77.03,10.34,1063.3,22.00894,69.88772,3.61921,20.649,Training,1.16665
177,0.446,2.5,20.48,77.03,10.77,1132.2,22.00894,69.88772,3.61921,20.649,Training,0.43735
178,0.276,2.5,20.48,77.03,9.73,1186.5,22.00894,69.88772,3.61921,20.649,Training,0.28995
179,0.148,2.5,20.48,77.03,9.73,1285.1,22.00894,69.88772,3.61921,20.649,Training,0.14535000000000003
180,0.07,2.5,20.48,77.03,9.82,1388.9,22.00894,69.88772,3.61921,20.649,Training,0.06515000000000003
181,0.052,2.5,20.48,77.03,10.61,1437.0,22.00894,69.88772,3.61921,20.649,Training,0.04630000000000002
182,0.04,2.5,20.48,77.03,10.56,1486.1,22.00894,69.88772,3.61921,20.649,Training,0.042700000000000016
184,1.027,0.64,20.87,78.5,10.24,1111.0,36.82759,52.37689,4.31528,21.421,Training,0.8295099999999999
185,0.5,0.64,20.87,78.5,10.25,1161.9,36.82759,52.37689,4.31528,21.421,Training,0.46519999999999995
186,0.352,0.64,20.87,78.5,9.43,1227.4,36.82759,52.37689,4.31528,21.421,Training,0.2750000000000001
189,0.152,0.64,20.87,78.5,10.5,1328.8,36.82759,52.37689,4.31528,21.421,Training,0.13925000000000007
190,0.098,0.64,20.87,78.5,10.09,1405.7,36.82759,52.37689,4.31528,21.421,Training,0.08180000000000003
191,0.069,0.64,20.87,78.5,9.59,1470.2,36.82759,52.37689,4.31528,21.421,Training,0.0627
194,0.835,1.27,20.73,78.0,9.84,1091.0,36.82759,52.37689,4.31528,21.421,Training,0.9590500000000003
195,0.464,1.27,20.73,78.0,10.12,1155.7,36.82759,52.37689,4.31528,21.421,Training,0.42620000000000013
196,0.323,1.27,20.73,78.0,10.14,1207.1,36.82759,52.37689,4.31528,21.421,Training,0.3224000000000001
197,0.222,1.27,20.73,78.0,10.02,1251.1,36.82759,52.37689,4.31528,21.421,Training,0.18249999999999997
198,0.16,1.27,20.73,78.0,10.03,1301.8,36.82759,52.37689,4.31528,21.421,Training,0.1509
199,0.108,1.27,20.73,78.0,9.97,1357.9,36.82759,52.37689,4.31528,21.421,Training,0.09840000000000004
201,0.044,1.27,20.73,78.0,10.24,1517.0,36.82759,52.37689,4.31528,21.421,Training,0.0464649750000043
203,0.491,2.5,20.48,77.03,10.35,1114.9,36.82759,52.37689,4.31528,21.421,Training,0.5617
205,0.321,2.5,20.48,77.03,10.34,1165.2,36.82759,52.37689,4.31528,21.421,Training,0.32160000000000005
206,0.184,2.5,20.48,77.03,10.06,1253.3,36.82759,52.37689,4.31528,21.421,Training,0.16945000000000007
207,0.107,2.5,20.48,77.03,9.8,1348.3,36.82759,52.37689,4.31528,21.421,Training,0.10715
208,0.065,2.5,20.48,77.03,10.54,1443.5,36.82759,52.37689,4.31528,21.421,Training,0.06285000000000428
209,0.05,2.5,20.48,77.03,9.91,1493.8,36.82759,52.37689,4.31528,21.421,Training,0.056350000000000025
211,1.278,0.61,20.87,78.52,2.84,1171.5,54.16239,25.76532,15.45842,20.07,Training,1.2173000000000003
213,0.628,0.61,20.87,78.52,3.22,1237.6,54.16239,25.76532,15.45842,20.07,Training,0.6217500000000001
214,0.372,0.61,20.87,78.52,3.02,1304.5,54.16239,25.76532,15.45842,20.07,Training,0.33630000000000004
216,0.158,0.61,20.87,78.52,3.05,1411.6,54.16239,25.76532,15.45842,20.07,Training,0.14479999999999998
217,0.114,0.61,20.87,78.52,3.01,1451.9,54.16239,25.76532,15.45842,20.07,Training,0.11305000000000004
218,0.073,0.61,20.87,78.52,3.06,1513.3,54.16239,25.76532,15.45842,20.07,Training,0.06575
219,0.244,0.61,20.87,78.52,11.2,1261.3,54.16239,25.76532,15.45842,20.07,Training,0.22502895000000012
221,0.176,0.61,20.87,78.52,10.01,1300.3,54.16239,25.76532,15.45842,20.07,Training,0.16455000000000003
222,1.496,0.61,20.87,78.52,9.73,1087.5,54.16239,25.76532,15.45842,20.07,Training,1.722330000000001
224,0.09,0.61,20.87,78.52,9.89,1392.7,54.16239,25.76532,15.45842,20.07,Training,0.08475000000000002
225,0.062,0.61,20.87,78.52,9.98,1448.9,54.16239,25.76532,15.45842,20.07,Training,0.06415000000000003
226,0.704,0.61,20.87,78.52,9.3,1144.2,54.16239,25.76532,15.45842,20.07,Training,0.6729500000000002
227,0.5,0.61,20.87,78.52,9.84,1172.0,54.16239,25.76532,15.45842,20.07,Training,0.50533
230,0.106,1.25,20.74,78.01,3.32,1466.8,54.16239,25.76532,15.45842,20.07,Training,0.08190000000000003
231,0.24,1.25,20.74,78.01,2.73,1342.5,54.16239,25.76532,15.45842,20.07,Training,0.26525000000000004
234,0.396,1.25,20.74,78.01,2.97,1293.7,54.16239,25.76532,15.45842,20.07,Training,0.3702999999999999
236,0.724,1.25,20.74,78.01,3.13,1221.3,54.16239,25.76532,15.45842,20.07,Training,0.7005000000000001
237,1.464,1.25,20.74,78.01,3.1,1156.0,54.16239,25.76532,15.45842,20.07,Training,1.3003499999999997
238,0.188,1.25,20.74,78.01,2.92,1383.1,54.16239,25.76532,15.45842,20.07,Training,0.16625
239,0.646,1.25,20.74,78.01,10.67,1130.2,54.16239,25.76532,15.45842,20.07,Training,0.6090850000000003
240,0.492,1.25,20.74,78.01,9.19,1158.2,54.16239,25.76532,15.45842,20.07,Training,0.4475650000000001
242,0.114,1.25,20.74,78.01,10.35,1319.8,54.16239,25.76532,15.45842,20.07,Training,0.11190000000000003
243,0.058,1.25,20.74,78.01,10.26,1416.4,54.16239,25.76532,15.45842,20.07,Training,0.05778500000000003
244,0.3,1.25,20.74,78.01,10.05,1202.8,54.16239,25.76532,15.45842,20.07,Training,0.29029999999999995
247,0.514,2.47,20.48,77.05,3.3,1248.5,54.16239,25.76532,15.45842,20.07,Training,0.5925
248,1.418,2.47,20.48,77.05,3.27,1137.1,54.16239,25.76532,15.45842,20.07,Training,1.2724849999999996
250,0.251,2.47,20.48,77.05,3.16,1328.5,54.16239,25.76532,15.45842,20.07,Training,0.2628000000000001
251,0.166,2.47,20.48,77.05,2.97,1394.6,54.16239,25.76532,15.45842,20.07,Training,0.16475
252,0.08,2.47,20.48,77.05,3.11,1474.3,54.16239,25.76532,15.45842,20.07,Training,0.11125000000000003
254,0.81,2.47,20.48,77.05,2.92,1187.0,54.16239,25.76532,15.45842,20.07,Training,0.8976500000000001
255,0.346,2.47,20.48,77.05,9.43,1171.8,54.16239,25.76532,15.45842,20.07,Training,0.4192
256,0.482,2.47,20.48,77.05,10.97,1115.8,54.16239,25.76532,15.45842,20.07,Training,0.5212699999999999
257,1.021,2.47,20.48,77.05,10.34,1063.5,54.16239,25.76532,15.45842,20.07,Training,1.2060000000000004
258,0.166,2.47,20.48,77.05,10.85,1241.1,54.16239,25.76532,15.45842,20.07,Training,0.177635
259,0.056,2.47,20.48,77.05,10.22,1392.9,54.16239,25.76532,15.45842,20.07,Training,0.059050000000000026
260,0.084,2.47,20.48,77.05,10.54,1329.8,54.16239,25.76532,15.45842,20.07,Training,0.10627000000000003
262,1.519,0.64,20.86,78.5,2.95,1141.1,98.89731,1.09586,0.00683,24.82,Training,1.4274999999999998
263,0.849,0.64,20.86,78.5,3.03,1205.1,98.89731,1.09586,0.00683,24.82,Training,0.7628000000000001
264,0.51,0.64,20.86,78.5,3.05,1259.3,98.89731,1.09586,0.00683,24.82,Training,0.4954499999999999
265,0.259,0.64,20.86,78.5,2.98,1320.9,98.89731,1.09586,0.00683,24.82,Training,0.26430000000000003
266,0.138,0.64,20.86,78.5,3.04,1409.0,98.89731,1.09586,0.00683,24.82,Training,0.1318
267,0.071,0.64,20.86,78.5,2.9,1475.0,98.89731,1.09586,0.00683,24.82,Training,0.08314999999999997
268,1.54,0.64,20.86,78.5,10.03,1081.3,98.89731,1.09586,0.00683,24.82,Training,1.5225999999999997
269,0.985,0.64,20.86,78.5,9.57,1128.9,98.89731,1.09586,0.00683,24.82,Training,0.8512209999999998
271,0.27,0.64,20.86,78.5,10.35,1248.8,98.89731,1.09586,0.00683,24.82,Training,0.24754499999999996
273,0.145,0.64,20.86,78.5,10.43,1324.4,98.89731,1.09586,0.00683,24.82,Training,0.1475400000000001
274,0.093,0.64,20.86,78.5,9.7,1380.2,98.89731,1.09586,0.00683,24.82,Training,0.0927995
275,0.068,0.64,20.86,78.5,9.84,1439.1,98.89731,1.09586,0.00683,24.82,Training,0.06445000000000001
276,1.18,1.27,20.73,78.0,3.02,1173.0,98.89731,1.09586,0.00683,24.82,Training,1.08545
278,0.655,1.27,20.73,78.0,3.02,1224.0,98.89731,1.09586,0.00683,24.82,Training,0.6641499999999999
279,0.326,1.27,20.73,78.0,2.94,1288.8,98.89731,1.09586,0.00683,24.82,Training,0.3632499999999999
281,0.124,1.27,20.73,78.0,3.04,1408.3,98.89731,1.09586,0.00683,24.82,Training,0.12715000000000007
282,0.06,1.27,20.73,78.0,3.0,1499.8,98.89731,1.09586,0.00683,24.82,Training,0.06325000000000001
283,1.18,1.27,20.73,78.0,9.91,1096.4,98.89731,1.09586,0.00683,24.82,Training,1.076571
284,0.57,1.27,20.73,78.0,9.93,1146.8,98.89731,1.09586,0.00683,24.82,Training,0.5462000000000001
285,0.38,1.27,20.73,78.0,9.86,1192.8,98.89731,1.09586,0.00683,24.82,Training,0.39503
286,0.226,1.27,20.73,78.0,9.98,1248.9,98.89731,1.09586,0.00683,24.82,Training,0.21667999999999998
287,0.17,1.27,20.73,78.0,9.99,1299.2,98.89731,1.09586,0.00683,24.82,Training,0.16144999999999998
288,0.099,1.27,20.73,78.0,10.2,1361.5,98.89731,1.09586,0.00683,24.82,Training,0.0986495
289,0.065,1.27,20.73,78.0,10.06,1423.7,98.89731,1.09586,0.00683,24.82,Training,0.0678500000000043
290,1.47,2.5,20.48,77.02,2.96,1143.8,98.89731,1.09586,0.00683,24.82,Training,1.5667499999999999
292,0.49,2.5,20.48,77.02,3.04,1257.0,98.89731,1.09586,0.00683,24.82,Training,0.53385
293,0.299,2.5,20.48,77.02,2.96,1313.4,98.89731,1.09586,0.00683,24.82,Training,0.26415000000000005
294,0.192,2.5,20.48,77.02,2.93,1365.5,98.89731,1.09586,0.00683,24.82,Training,0.21405000000000005
295,0.13,2.5,20.48,77.02,2.88,1414.1,98.89731,1.09586,0.00683,24.82,Training,0.17425000000000004
296,0.072,2.5,20.48,77.02,2.97,1494.4,98.89731,1.09586,0.00683,24.82,Training,0.10614999999999962
297,1.34,2.5,20.48,77.02,9.89,1045.8,98.89731,1.09586,0.00683,24.82,Training,1.5764500000000001
298,0.783,2.5,20.48,77.02,10.08,1103.4,98.89731,1.09586,0.00683,24.82,Training,0.7684499999999999
299,0.405,2.5,20.48,77.02,10.07,1173.3,98.89731,1.09586,0.00683,24.82,Training,0.49115
300,0.245,2.5,20.48,77.02,10.19,1224.4,98.89731,1.09586,0.00683,24.82,Training,0.27014999999999995
302,0.12,2.5,20.48,77.02,10.44,1323.9,98.89731,1.09586,0.00683,24.82,Training,0.19604999999999984
303,0.064,2.5,20.48,77.02,10.32,1419.0,98.89731,1.09586,0.00683,24.82,Training,0.09299999999999976
304,1.5,0.64,20.86,78.5,10.01,1100.6,66.12003412,19.17117334,11.32820999,21.29,Training,1.1586800000000002
305,0.734,0.64,20.86,78.5,9.92,1146.0,66.12003412,19.17117334,11.32820999,21.29,Training,0.6770500000000008
306,0.436,0.64,20.86,78.5,9.84,1191.6,66.12003412,19.17117334,11.32820999,21.29,Training,0.41588
307,0.226,0.64,20.86,78.5,10.18,1269.8,66.12003412,19.17117334,11.32820999,21.29,Training,0.20490000000000005
308,0.152,0.64,20.86,78.5,10.26,1314.7,66.12003412,19.17117334,11.32820999,21.29,Training,0.14955000000000004
309,0.101,0.64,20.86,78.5,9.59,1373.2,66.12003412,19.17117334,11.32820999,21.29,Training,0.0806
310,0.062,0.64,20.86,78.5,10.49,1431.3,66.12003412,19.17117334,11.32820999,21.29,Training,0.061700000000000026
311,0.048,0.64,20.86,78.5,10.33,1473.0,66.12003412,19.17117334,11.32820999,21.29,Training,0.048400000000000026
312,1.296,1.27,20.73,78.0,9.91,1076.0,66.12003412,19.17117334,11.32820999,21.29,Training,1.1612850000000001
315,0.302,1.27,20.73,78.0,10.18,1208.8,66.12003412,19.17117334,11.32820999,21.29,Training,0.264485
316,0.174,1.27,20.73,78.0,9.52,1272.5,66.12003412,19.17117334,11.32820999,21.29,Training,0.1754
317,0.082,1.27,20.73,78.0,10.38,1357.2,66.12003412,19.17117334,11.32820999,21.29,Training,0.07370000000000002
318,0.057,1.27,20.73,78.0,10.12,1407.4,66.12003412,19.17117334,11.32820999,21.29,Training,0.059650000000000016
319,9.7,2.5,20.48,77.02,9.7,1087.3,66.12003412,19.17117334,11.32820999,21.29,Training,8.78585
320,9.57,2.5,20.48,77.02,9.57,1130.5,66.12003412,19.17117334,11.32820999,21.29,Training,8.284249999999998
321,9.99,2.5,20.48,77.02,9.99,1199.8,66.12003412,19.17117334,11.32820999,21.29,Training,9.496350000000005
322,10.14,2.5,20.48,77.02,10.14,1257.0,66.12003412,19.17117334,11.32820999,21.29,Training,9.142599999999998
323,10.27,2.5,20.48,77.02,10.27,1335.4,66.12003412,19.17117334,11.32820999,21.29,Training,8.6549
325,10.05,2.5,20.48,77.02,10.05,1453.3,66.12003412,19.17117334,11.32820999,21.29,Training,8.589450000000001
327,0.959,0.64,20.87,78.5,10.5,1122.4,97.36303,2.57103,0.07964,28.93,Training,0.7797619999999998
328,0.616,0.64,20.87,78.5,9.29,1163.0,97.36303,2.57103,0.07964,28.93,Training,0.5573500000000001
329,0.304,0.64,20.87,78.5,9.8,1238.8,97.36303,2.57103,0.07964,28.93,Training,0.29305000000000003
330,0.104,0.64,20.87,78.5,10.18,1360.7,97.36303,2.57103,0.07964,28.93,Training,0.10060950000000002
331,0.064,0.64,20.87,78.5,9.68,1477.3,97.36303,2.57103,0.07964,28.93,Training,0.059050000000000005
332,1.288,1.27,20.73,78.0,9.43,1074.3,97.36303,2.57103,0.07964,28.93,Training,1.2958500000000002
333,0.548,1.27,20.73,78.0,10.01,1150.4,97.36303,2.57103,0.07964,28.93,Training,0.5429
334,0.344,1.27,20.73,78.0,10.27,1213.6,97.36303,2.57103,0.07964,28.93,Training,0.30928500000000003
335,0.174,1.27,20.73,78.0,9.92,1295.5,97.36303,2.57103,0.07964,28.93,Training,0.16144999999999998
336,0.089,1.27,20.73,78.0,10.08,1405.1,97.36303,2.57103,0.07964,28.93,Training,0.0847095
337,0.053,1.27,20.73,78.0,9.91,1493.3,97.36303,2.57103,0.07964,28.93,Training,0.05590000000000305
338,1.215,2.5,20.48,77.03,10.18,1067.0,97.36303,2.57103,0.07964,28.93,Training,1.2908
339,0.684,2.5,20.48,77.03,10.14,1105.7,97.36303,2.57103,0.07964,28.93,Training,0.7523999999999998
340,0.266,2.5,20.48,77.03,10.12,1205.5,97.36303,2.57103,0.07964,28.93,Training,0.3027
341,0.119,2.5,20.48,77.03,10.12,1306.5,97.36303,2.57103,0.07964,28.93,Training,0.13255000000000003
342,0.04,2.5,20.48,77.03,9.85,1470.2,97.36303,2.57103,0.07964,28.93,Training,0.05210000000000001
343,1.592,0.64,20.87,78.5,9.71,1086.7,85.64918,8.76981,4.1087,26.77,Training,1.4801
344,0.754,0.64,20.87,78.5,9.77,1138.8,85.64918,8.76981,4.1087,26.77,Training,0.7182850000000001
345,0.504,0.64,20.87,78.5,9.55,1176.8,85.64918,8.76981,4.1087,26.77,Training,0.5030300000000001
346,0.298,0.64,20.87,78.5,9.7,1233.2,85.64918,8.76981,4.1087,26.77,Training,0.2874
347,0.104,0.64,20.87,78.5,9.69,1330.9,85.64918,8.76981,4.1087,26.77,Training,0.12839
348,0.072,0.64,20.87,78.5,9.82,1388.7,85.64918,8.76981,4.1087,26.77,Training,0.07371000000000001
349,0.053,0.64,20.87,78.5,9.74,1432.2,85.64918,8.76981,4.1087,26.77,Training,0.061900000000000004
350,1.572,1.27,20.73,78.0,10.41,1066.5,85.64918,8.76981,4.1087,26.77,Training,1.3961199999999998
351,0.818,1.27,20.73,78.0,9.72,1112.2,85.64918,8.76981,4.1087,26.77,Training,0.80402
352,0.37,1.27,20.73,78.0,9.74,1187.0,85.64918,8.76981,4.1087,26.77,Training,0.43124999999999986
353,0.134,1.27,20.73,78.0,9.8,1288.6,85.64918,8.76981,4.1087,26.77,Training,0.14214999999999997
354,0.055,1.27,20.73,78.0,9.82,1388.8,85.64918,8.76981,4.1087,26.77,Training,0.06571000000000002
355,1.802,2.5,20.48,77.03,10.27,1060.5,85.64918,8.76981,4.1087,26.77,Training,1.7572
357,0.354,2.5,20.48,77.03,9.92,1195.9,85.64918,8.76981,4.1087,26.77,Training,0.35364999999999996
359,0.124,2.5,20.48,77.03,10.56,1329.9,85.64918,8.76981,4.1087,26.77,Training,0.11645
360,0.054,2.5,20.48,77.03,9.69,1449.5,85.64918,8.76981,4.1087,26.77,Training,0.059849999999999993
361,7.565,0.346,20.94,78.72,21.1,892.0,49.0,32.0,16.0,19.91,Training,7.159425000000001
364,4.608,0.346,20.94,78.72,18.9,924.0,49.0,32.0,16.0,19.91,Training,5.5188000000000015
367,1.525,0.346,20.94,78.72,21.3,1016.0,49.0,32.0,16.0,19.91,Training,1.2600500000000003
368,1.067,0.346,20.94,78.72,18.7,1041.0,49.0,32.0,16.0,19.91,Training,1.1107500000000001
369,1.094,0.346,20.94,78.72,22.3,1055.0,49.0,32.0,16.0,19.91,Training,1.0243500000000003
373,0.45,0.346,20.94,78.72,20.7,1133.0,49.0,32.0,16.0,19.91,Training,0.3700750000000002
374,0.272,0.346,20.94,78.72,20.9,1179.0,49.0,32.0,16.0,19.91,Training,0.26577500000000015
375,0.153,0.346,20.94,78.72,21.1,1230.0,49.0,32.0,16.0,19.91,Training,0.14823000000000008
377,0.075,0.346,20.94,78.72,20.5,1305.0,49.0,32.0,16.0,19.91,Training,0.11013999999999997
379,3.035,0.689,20.86,78.45,20.8,743.0,49.0,32.0,16.0,19.91,Training,3.2269
380,3.594,0.689,20.86,78.45,19.6,785.0,49.0,32.0,16.0,19.91,Training,3.310400000000001
382,3.358,0.689,20.86,78.45,21.6,854.0,49.0,32.0,16.0,19.91,Training,3.2959499999999995
383,3.202,0.689,20.86,78.45,18.3,879.0,49.0,32.0,16.0,19.91,Training,3.147449999999999
385,2.165,0.689,20.86,78.45,20.1,950.0,49.0,32.0,16.0,19.91,Training,1.9132999999999993
386,1.239,0.689,20.86,78.45,18.5,995.0,49.0,32.0,16.0,19.91,Training,1.2028000000000003
388,0.997,0.689,20.86,78.45,17.5,1031.0,49.0,32.0,16.0,19.91,Training,1.0271000000000003
391,0.609,0.689,20.86,78.45,20.8,1083.0,49.0,32.0,16.0,19.91,Training,0.5811499999999999
392,0.37,0.689,20.86,78.45,20.2,1113.0,49.0,32.0,16.0,19.91,Training,0.3531000000000001
394,0.196,0.689,20.86,78.45,21.0,1160.0,49.0,32.0,16.0,19.91,Training,0.1938999999999995
395,0.18,0.689,20.86,78.45,19.0,1179.0,49.0,32.0,16.0,19.91,Training,0.17864999999999953
396,0.156,0.689,20.86,78.45,22.5,1182.0,49.0,32.0,16.0,19.91,Training,0.1631499999999995
398,0.107,0.689,20.86,78.45,20.5,1215.0,49.0,32.0,16.0,19.91,Training,0.12310000000000015
399,0.069,0.689,20.86,78.45,21.8,1263.0,49.0,32.0,16.0,19.91,Training,0.09555000000000012
401,0.056,0.689,20.86,78.45,21.4,1304.0,49.0,32.0,16.0,19.91,Training,0.07739000000000006
403,7.204,1.368,20.72,77.91,7.7,866.0,49.0,32.0,16.0,19.91,Training,6.204819999999999
405,5.07,1.368,20.72,77.91,8.8,907.0,49.0,32.0,16.0,19.91,Training,4.99342
407,2.486,1.368,20.72,77.91,8.4,968.0,49.0,32.0,16.0,19.91,Training,2.2787199999999994
410,1.811,1.368,20.72,77.91,8.1,1018.0,49.0,32.0,16.0,19.91,Training,1.58685
414,0.538,1.368,20.72,77.91,7.8,1097.0,49.0,32.0,16.0,19.91,Training,0.6751
416,0.371,1.368,20.72,77.91,6.1,1143.0,49.0,32.0,16.0,19.91,Training,0.4580850000000001
417,0.158,1.368,20.72,77.91,7.3,1233.0,49.0,32.0,16.0,19.91,Training,0.18333499999999997
418,0.118,1.368,20.72,77.91,8.3,1270.0,49.0,32.0,16.0,19.91,Training,0.1295
419,0.07,1.368,20.72,77.91,8.3,1327.0,49.0,32.0,16.0,19.91,Training,0.08415000000000002
420,0.041,1.368,20.72,77.91,8.2,1381.0,49.0,32.0,16.0,19.91,Training,0.05810000000000001
421,5.617,1.368,20.72,77.91,12.7,744.0,49.0,32.0,16.0,19.91,Training,5.513115000000001
423,6.762,1.368,20.72,77.91,10.7,792.0,49.0,32.0,16.0,19.91,Training,6.264150000000001
425,4.261,1.368,20.72,77.91,10.1,866.0,49.0,32.0,16.0,19.91,Training,4.963619999999999
426,2.803,1.368,20.72,77.91,11.5,904.0,49.0,32.0,16.0,19.91,Training,4.12039
429,1.668,1.368,20.72,77.91,12.0,978.0,49.0,32.0,16.0,19.91,Training,1.5429749999999998
431,1.169,1.368,20.72,77.91,11.6,1021.0,49.0,32.0,16.0,19.91,Training,1.3235000000000003
434,0.559,1.368,20.72,77.91,11.2,1077.0,49.0,32.0,16.0,19.91,Training,0.7846999999999998
435,0.298,1.368,20.72,77.91,10.6,1136.0,49.0,32.0,16.0,19.91,Training,0.3944850000000001
442,5.821,1.368,20.72,77.91,21.3,681.0,49.0,32.0,16.0,19.91,Training,4.458899999999999
445,3.204,1.368,20.72,77.91,23.4,704.0,49.0,32.0,16.0,19.91,Training,2.934850000000001
449,1.842,1.368,20.72,77.91,20.9,750.0,49.0,32.0,16.0,19.91,Training,2.2295499999999993
455,1.616,1.368,20.72,77.91,21.5,802.0,49.0,32.0,16.0,19.91,Training,1.8663249999999998
456,1.625,1.368,20.72,77.91,23.2,803.0,49.0,32.0,16.0,19.91,Training,1.8236250000000003
461,2.038,1.368,20.72,77.91,20.5,836.0,49.0,32.0,16.0,19.91,Training,2.04755
465,1.908,1.368,20.72,77.91,21.8,851.0,49.0,32.0,16.0,19.91,Training,1.9005250000000005
467,2.032,1.368,20.72,77.91,21.6,882.0,49.0,32.0,16.0,19.91,Training,1.9130250000000004
470,1.675,1.368,20.72,77.91,22.7,940.0,49.0,32.0,16.0,19.91,Training,1.4230000000000003
471,1.354,1.368,20.72,77.91,21.1,955.0,49.0,32.0,16.0,19.91,Training,1.429925
474,1.05,1.368,20.72,77.91,18.9,991.0,49.0,32.0,16.0,19.91,Training,1.0289500000000003
477,0.563,1.368,20.72,77.91,21.6,1046.0,49.0,32.0,16.0,19.91,Training,0.5604000000000001
481,0.318,1.368,20.72,77.91,18.4,1092.0,49.0,32.0,16.0,19.91,Training,0.30055
485,0.225,1.368,20.72,77.91,17.7,1117.0,49.0,32.0,16.0,19.91,Training,0.25334999999999996
486,0.185,1.368,20.72,77.91,19.2,1126.0,49.0,32.0,16.0,19.91,Training,0.18045000000000005
488,0.176,1.368,20.72,77.91,18.1,1143.0,49.0,32.0,16.0,19.91,Training,0.15960000000000002
492,0.095,1.368,20.72,77.91,16.5,1197.0,49.0,32.0,16.0,19.91,Training,0.1622500000000004
493,0.077,1.368,20.72,77.91,16.8,1222.0,49.0,32.0,16.0,19.91,Training,0.07495000000000035
494,1.885,1.368,20.72,77.91,36.6,741.0,49.0,32.0,16.0,19.91,Training,1.7651500000000007
495,1.707,1.368,20.72,77.91,40.3,763.0,49.0,32.0,16.0,19.91,Training,1.69585
496,1.644,1.368,20.72,77.91,38.5,812.0,49.0,32.0,16.0,19.91,Training,1.6320749999999997
498,1.727,1.368,20.72,77.91,40.1,848.0,49.0,32.0,16.0,19.91,Training,1.6274000000000002
499,1.423,1.368,20.72,77.91,36.9,852.0,49.0,32.0,16.0,19.91,Training,1.5099000000000005
503,1.64,1.368,20.72,77.91,38.1,896.0,49.0,32.0,16.0,19.91,Training,1.5782
504,1.689,1.368,20.72,77.91,34.5,904.0,49.0,32.0,16.0,19.91,Training,1.6145000000000005
505,1.483,1.368,20.72,77.91,39.9,916.0,49.0,32.0,16.0,19.91,Training,1.5353000000000003
506,1.192,1.368,20.72,77.91,36.5,945.0,49.0,32.0,16.0,19.91,Training,1.1408500000000001
507,0.819,1.368,20.72,77.91,41.1,964.0,49.0,32.0,16.0,19.91,Training,0.8865500000000014
510,0.689,1.368,20.72,77.91,40.3,1008.0,49.0,32.0,16.0,19.91,Training,0.6249000000000001
511,0.462,1.368,20.72,77.91,38.8,1021.0,49.0,32.0,16.0,19.91,Training,0.42269999999999996
514,0.298,1.368,20.72,77.91,38.5,1054.0,49.0,32.0,16.0,19.91,Training,0.34429999999999994
516,0.107,1.368,20.72,77.91,39.6,1132.0,49.0,32.0,16.0,19.91,Training,0.13220000000000004
517,0.092,1.368,20.72,77.91,40.3,1161.0,49.0,32.0,16.0,19.91,Training,0.09615000000000003
520,0.04,1.368,20.72,77.91,40.9,1224.0,49.0,32.0,16.0,19.91,Training,0.04030000000000081
521,0.038,1.368,20.72,77.91,38.8,1229.0,49.0,32.0,16.0,19.91,Training,0.049000000000000814
523,6.77,2.038,20.58,77.38,20.0,670.0,49.0,32.0,16.0,19.91,Training,6.294549999999998
525,3.656,2.038,20.58,77.38,21.1,684.0,49.0,32.0,16.0,19.91,Training,3.9499000000000004
527,2.528,2.038,20.58,77.38,23.0,706.0,49.0,32.0,16.0,19.91,Training,2.5252
529,1.72,2.038,20.58,77.38,19.7,717.0,49.0,32.0,16.0,19.91,Training,2.3769499999999995
532,1.832,2.038,20.58,77.38,19.6,759.0,49.0,32.0,16.0,19.91,Training,2.0558
536,2.052,2.038,20.58,77.38,19.6,832.0,49.0,32.0,16.0,19.91,Training,1.9918
538,2.064,2.038,20.58,77.38,19.2,854.0,49.0,32.0,16.0,19.91,Training,2.0098000000000007
539,1.655,2.038,20.58,77.38,22.2,880.0,49.0,32.0,16.0,19.91,Training,1.7165250000000005
542,1.612,2.038,20.58,77.38,20.5,910.0,49.0,32.0,16.0,19.91,Training,1.7669500000000007
544,0.816,2.038,20.58,77.38,23.2,989.0,49.0,32.0,16.0,19.91,Training,0.9269000000000001
545,0.756,2.038,20.58,77.38,18.9,1004.0,49.0,32.0,16.0,19.91,Training,0.8719500000000002
548,0.524,2.038,20.58,77.38,20.9,1020.0,49.0,32.0,16.0,19.91,Training,0.5869500000000001
550,0.371,2.038,20.58,77.38,22.4,1049.0,49.0,32.0,16.0,19.91,Training,0.4209
552,0.291,2.038,20.58,77.38,22.3,1088.0,49.0,32.0,16.0,19.91,Training,0.7522000000000008
558,0.114,2.038,20.58,77.38,19.9,1160.0,49.0,32.0,16.0,19.91,Training,0.12950000000000003
561,1.621,1.171,20.76,78.07,22.5,700.0,100.0,0.0,0.0,24.9,Training,2.2066000000000003
563,1.245,1.171,20.76,78.07,20.1,732.0,100.0,0.0,0.0,24.9,Training,1.6570000000000005
566,1.295,1.171,20.76,78.07,20.0,832.0,100.0,0.0,0.0,24.9,Training,1.4280000000000002
568,1.547,1.171,20.76,78.07,18.7,870.0,100.0,0.0,0.0,24.9,Training,1.3924500000000004
569,1.362,1.171,20.76,78.07,18.7,926.0,100.0,0.0,0.0,24.9,Training,1.3342
570,1.142,1.171,20.76,78.07,20.9,942.0,100.0,0.0,0.0,24.9,Training,1.2432749999999997
572,0.593,1.171,20.76,78.07,19.6,1016.0,100.0,0.0,0.0,24.9,Training,0.7138000000000001
573,0.423,1.171,20.76,78.07,24.0,1044.0,100.0,0.0,0.0,24.9,Training,0.45055000000000006
576,0.292,1.171,20.76,78.07,19.0,1086.0,100.0,0.0,0.0,24.9,Training,0.36386999999999997
577,0.221,1.171,20.76,78.07,20.3,1119.0,100.0,0.0,0.0,24.9,Training,0.2740209999999981
580,0.083,1.171,20.76,78.07,20.0,1180.0,100.0,0.0,0.0,24.9,Training,0.17082100000000006
581,0.039,1.171,20.76,78.07,20.8,1260.0,100.0,0.0,0.0,24.9,Training,0.07934999999999998
582,3.562,1.286,20.74,77.97,19.2,651.0,99.0,1.0,0.0,22.88,Training,3.855399999999999
583,1.557,1.286,20.74,77.97,19.8,689.0,99.0,1.0,0.0,22.88,Training,2.3189
584,1.161,1.286,20.74,77.97,18.5,715.0,99.0,1.0,0.0,22.88,Training,1.3889000000000005
585,1.094,1.286,20.74,77.97,20.6,733.0,99.0,1.0,0.0,22.88,Training,1.1640500000000003
586,1.19,1.286,20.74,77.97,18.0,808.0,99.0,1.0,0.0,22.88,Training,1.2383000000000004
587,0.99,1.286,20.74,77.97,21.4,811.0,99.0,1.0,0.0,22.88,Training,1.10125
588,1.078,1.286,20.74,77.97,21.0,880.0,99.0,1.0,0.0,22.88,Training,1.08585
590,1.001,1.286,20.74,77.97,22.5,942.0,99.0,1.0,0.0,22.88,Training,1.0534499999999998
593,0.278,1.286,20.74,77.97,22.3,1097.0,99.0,1.0,0.0,22.88,Training,0.27675
594,0.223,1.286,20.74,77.97,19.2,1112.0,99.0,1.0,0.0,22.88,Training,0.26587099999999997
595,0.074,1.286,20.74,77.97,19.0,1212.0,99.0,1.0,0.0,22.88,Training,0.07810000000000002
596,0.029,1.286,20.74,77.97,19.9,1290.0,99.0,1.0,0.0,22.88,Training,0.04540000000000001
598,5.995,1.258,20.74,78.0,20.4,687.0,82.5,16.6,0.9,23.57,Training,5.562950000000001
599,3.06,1.258,20.74,78.0,20.4,734.0,82.5,16.6,0.9,23.57,Training,2.898250000000001
600,3.332,1.258,20.74,78.0,20.6,805.0,82.5,16.6,0.9,23.57,Training,2.8582000000000005
601,2.686,1.258,20.74,78.0,20.0,869.0,82.5,16.6,0.9,23.57,Training,2.497850000000003
603,1.162,1.258,20.74,78.0,20.2,977.0,82.5,16.6,0.9,23.57,Training,1.440075
605,0.563,1.258,20.74,78.0,20.4,1033.0,82.5,16.6,0.9,23.57,Training,0.5926500000000001
606,0.303,1.258,20.74,78.0,21.5,1080.0,82.5,16.6,0.9,23.57,Training,0.34145000000000003
607,0.135,1.258,20.74,78.0,20.3,1151.0,82.5,16.6,0.9,23.57,Training,0.180771
609,0.045,1.258,20.74,78.0,20.8,1252.0,82.5,16.6,0.9,23.57,Training,0.07436999999999998
610,0.027,1.258,20.74,78.0,21.9,1323.0,82.5,16.6,0.9,23.57,Training,0.052599999999999994
614,0.8717,0.59,20.88,78.53,10.88,1084.6,67.8,17.8,14.4,23.2,Training,1.0875350000000001
616,0.2536,0.59,20.88,78.53,10.88,1237.2,67.8,17.8,14.4,23.2,Training,0.2612299999999999
618,7.232,0.59,20.88,78.53,10.88,785.2,67.8,17.8,14.4,23.2,Training,6.734907500000002
620,6.7579,0.59,20.88,78.53,10.88,881.9,67.8,17.8,14.4,23.2,Training,5.855732500000002
622,3.2964,0.59,20.88,78.53,10.88,952.6,67.8,17.8,14.4,23.2,Training,2.883545
623,0.3403,0.59,20.88,78.53,10.88,1161.7,67.8,17.8,14.4,23.2,Training,0.4611100000000008
625,2.2723,0.59,20.88,78.53,10.88,999.8,67.8,17.8,14.4,23.2,Training,2.042405
628,5.7043,1.18,20.75,78.07,10.88,773.2,67.8,17.8,14.4,23.2,Training,5.772820000000002
629,6.3575,1.18,20.75,78.07,10.88,829.0,67.8,17.8,14.4,23.2,Training,5.975565000000001
630,4.5319,1.18,20.75,78.07,10.88,891.7,67.8,17.8,14.4,23.2,Training,5.2302750000000024
631,2.4805,1.18,20.75,78.07,10.88,952.1,67.8,17.8,14.4,23.2,Training,2.41413
633,0.9814,1.18,20.75,78.07,10.88,1047.1,67.8,17.8,14.4,23.2,Training,1.212225
634,0.5424,1.18,20.75,78.07,10.88,1102.0,67.8,17.8,14.4,23.2,Training,0.6362700000000002
635,0.3977,1.18,20.75,78.07,10.88,1141.7,67.8,17.8,14.4,23.2,Training,0.4676600000000001
636,0.2137,1.18,20.75,78.07,10.88,1226.5,67.8,17.8,14.4,23.2,Training,0.22469499999999992
637,4.9193,1.76,20.63,77.61,10.88,795.9,67.8,17.8,14.4,23.2,Training,5.263005000000001
638,4.3233,1.76,20.63,77.61,10.88,749.4,67.8,17.8,14.4,23.2,Training,4.6809375000000015
640,4.9722,1.76,20.63,77.61,10.88,883.7,67.8,17.8,14.4,23.2,Training,4.870825000000001
641,1.9295,1.76,20.63,77.61,10.88,960.8,67.8,17.8,14.4,23.2,Training,2.08412
644,0.4712,1.76,20.63,77.61,10.88,1109.6,67.8,17.8,14.4,23.2,Training,0.53559
645,0.2169,1.76,20.63,77.61,10.88,1225.8,67.8,17.8,14.4,23.2,Training,0.21317499999999986
646,10.0378,0.59,10.44,88.97,10.88,817.0,67.8,17.8,14.4,23.2,Training,12.603577500000002
647,8.8067,0.59,10.44,88.97,10.88,864.4,67.8,17.8,14.4,23.2,Training,12.364230000000004
651,3.5289,0.59,10.44,88.97,10.88,958.6,67.8,17.8,14.4,23.2,Training,3.5821799999999997
652,1.5373,0.59,10.44,88.97,10.88,1044.6,67.8,17.8,14.4,23.2,Training,1.91596
655,8.9756,0.59,10.44,88.97,10.88,908.8,67.8,17.8,14.4,23.2,Training,9.124334999999999
657,2.5072,0.59,10.44,88.97,10.88,1008.5,67.8,17.8,14.4,23.2,Training,2.3594249999999994
658,1.0052,0.59,10.44,88.97,10.88,1099.5,67.8,17.8,14.4,23.2,Training,0.9405200000000001
659,0.5186,0.59,10.44,88.97,10.88,1185.7,67.8,17.8,14.4,23.2,Training,0.5056872500000001
660,0.2088,0.59,10.44,88.97,10.88,1302.0,67.8,17.8,14.4,23.2,Training,0.26823890000000006
661,0.0827,0.59,10.44,88.97,10.88,1397.4,67.8,17.8,14.4,23.2,Training,0.08409832
668,0.2564,0.59,10.44,88.97,10.88,1335.3,67.8,17.8,14.4,23.2,Training,0.2543116500000001
670,11.3219,0.59,6.96,92.45,10.88,900.7,67.8,17.8,14.4,23.2,Training,9.928972500000006
671,7.2795,0.59,6.96,92.45,10.88,939.4,67.8,17.8,14.4,23.2,Training,6.0613
673,5.1542,0.59,6.96,92.45,10.88,979.0,67.8,17.8,14.4,23.2,Training,4.943360000000002
674,1.2998,0.59,6.96,92.45,10.88,1129.6,67.8,17.8,14.4,23.2,Training,1.021966000000001
677,0.6974,0.59,6.96,92.45,10.88,1191.8,67.8,17.8,14.4,23.2,Training,0.6474500000000002
678,2.968,0.59,6.96,92.45,10.88,1039.0,67.8,17.8,14.4,23.2,Training,2.4976700000000007
686,0.5366,0.59,6.96,92.45,10.88,1256.5,67.8,17.8,14.4,23.2,Training,0.47034499999999996
689,0.355,0.39,20.93,78.68,14.1,1169.0,49.0,32.0,16.0,21.0,Training,0.3627
690,0.716,0.39,20.93,78.68,15.2,1105.4,49.0,32.0,16.0,21.0,Training,0.7372397999999998
691,1.574,0.39,20.93,78.68,16.3,1034.3,49.0,32.0,16.0,21.0,Training,1.3800500000000007
693,0.226,0.39,20.93,78.68,28.9,1171.8,49.0,32.0,16.0,21.0,Training,0.2529249999999991
694,0.755,0.39,20.93,78.68,27.5,1061.5,49.0,32.0,16.0,21.0,Training,0.9655500000000006
695,1.179,0.39,20.93,78.68,25.9,1036.8,49.0,32.0,16.0,21.0,Training,1.1026000000000002
696,2.242,0.39,20.93,78.68,28.1,974.5,49.0,32.0,16.0,21.0,Training,2.03797
697,3.889,0.39,20.93,78.68,24.8,928.5,49.0,32.0,16.0,21.0,Training,3.852750000000002
698,4.671,0.39,20.93,78.68,27.7,874.9,49.0,32.0,16.0,21.0,Training,4.612800000000002
699,4.025,0.39,20.93,78.68,30.4,854.6,49.0,32.0,16.0,21.0,Training,4.592600000000002
700,5.142,0.39,20.93,78.68,25.5,848.4,49.0,32.0,16.0,21.0,Training,4.796700000000002
701,4.777,0.39,20.93,78.68,31.5,814.8,49.0,32.0,16.0,21.0,Training,4.696650000000001
702,0.064,1.28,20.74,77.98,16.8,1235.7,49.0,32.0,16.0,21.0,Training,0.08215000000000003
703,0.175,1.28,20.74,77.98,14.9,1174.3,49.0,32.0,16.0,21.0,Training,0.2533999999999999
704,0.266,1.28,20.74,77.98,16.1,1110.6,49.0,32.0,16.0,21.0,Training,0.3914500000000001
705,0.931,1.28,20.74,77.98,15.7,998.1,49.0,32.0,16.0,21.0,Training,1.2321650000000002
706,3.865,1.28,20.74,77.98,14.7,876.9,49.0,32.0,16.0,21.0,Training,4.472615000000001
707,5.528,1.28,20.74,77.98,15.3,838.4,49.0,32.0,16.0,21.0,Training,5.3347250000000015
708,5.535,1.28,20.74,77.98,13.1,750.0,49.0,32.0,16.0,21.0,Training,5.339465
709,5.533,1.28,20.74,77.98,14.9,734.3,49.0,32.0,16.0,21.0,Training,5.422065
711,8.176,1.28,20.74,77.98,16.2,702.1,49.0,32.0,16.0,21.0,Training,6.382215000000001
712,0.042,1.28,20.74,77.98,31.0,1194.5,49.0,32.0,16.0,21.0,Training,0.04545000000000001
713,0.203,1.28,20.74,77.98,30.5,1087.2,49.0,32.0,16.0,21.0,Training,0.7067000000000014
714,0.695,1.28,20.74,77.98,30.5,998.0,49.0,32.0,16.0,21.0,Training,0.7852500000000002
715,1.759,1.28,20.74,77.98,29.4,925.7,49.0,32.0,16.0,21.0,Training,1.7355
716,2.233,1.28,20.74,77.98,29.0,872.6,49.0,32.0,16.0,21.0,Training,2.2563999999999993
717,3.109,1.276,20.74,77.984,23.3,874.0,49.0,32.0,16.0,19.91,Training,2.6483500000000024
718,2.355,1.276,20.74,77.984,25.1,880.0,49.0,32.0,16.0,19.91,Training,2.2844000000000033
719,1.23,1.276,20.74,77.984,31.4,934.0,49.0,32.0,16.0,19.91,Training,1.6496000000000046
720,1.358,1.276,20.74,77.984,24.0,952.0,49.0,32.0,16.0,19.91,Training,1.3467500000000001
722,1.412,1.276,20.74,77.984,21.7,963.0,49.0,32.0,16.0,19.91,Training,1.3679499999999996
723,0.777,1.276,20.74,77.984,32.5,974.0,49.0,32.0,16.0,19.91,Training,0.9769500000000015
726,0.4,1.276,20.74,77.984,36.1,1022.0,49.0,32.0,16.0,19.91,Training,0.39405
727,0.539,1.276,20.74,77.984,21.9,1035.0,49.0,32.0,16.0,19.91,Training,0.5399000000000002
730,0.138,1.276,20.74,77.984,24.8,1130.0,49.0,32.0,16.0,19.91,Training,0.15444999999999995
732,0.052,1.276,20.74,77.984,27.0,1192.0,49.0,32.0,16.0,19.91,Training,0.059050000000000026
733,0.034,1.276,20.74,77.984,29.2,1220.0,49.0,32.0,16.0,19.91,Training,0.04730000000000001
734,0.528,1.276,20.74,77.984,49.3,961.0,49.0,32.0,16.0,19.91,Training,0.7860500000000017
735,0.286,1.276,20.74,77.984,50.9,1009.0,49.0,32.0,16.0,19.91,Training,0.48530000000000095
737,0.08,1.276,20.74,77.984,47.8,1124.0,49.0,32.0,16.0,19.91,Training,0.14934999999999773
738,1.82,0.615,10.0,89.385,18.9,1025.0,49.0,32.0,16.0,19.91,Training,1.6302
740,1.109,0.615,10.0,89.385,19.7,1067.0,49.0,32.0,16.0,19.91,Training,1.2062
741,1.137,0.615,10.0,89.385,17.7,1072.0,49.0,32.0,16.0,19.91,Training,1.2132000000000003
746,0.569,0.615,10.0,89.385,17.7,1127.0,49.0,32.0,16.0,19.91,Training,0.6168297999999999
748,2.584,1.276,20.74,77.984,21.8,753.0,49.0,32.0,16.0,19.91,Training,2.6666000000000007
752,2.742,1.276,20.74,77.984,19.7,786.0,49.0,32.0,16.0,19.91,Training,2.73605
756,0.873,0.642,20.87,78.488,19.9,1039.0,49.0,32.0,16.0,19.91,Training,0.9684000000000001
758,0.463,0.642,20.87,78.488,22.2,1081.0,49.0,32.0,16.0,19.91,Training,0.5095500000000002
760,0.973,1.276,20.74,77.984,26.4,1000.0,49.0,32.0,16.0,19.91,Training,0.9164000000000002
761,0.208,1.276,20.74,77.984,26.2,1100.0,49.0,32.0,16.0,19.91,Training,0.23710000000000006
763,0.131,1.276,20.74,77.984,21.8,1145.0,49.0,32.0,16.0,19.91,Training,0.14364999999999997
765,0.07,1.276,20.74,77.984,21.9,1187.0,49.0,32.0,16.0,19.91,Training,0.08790000000000003
768,0.567,1.1282,21.0,77.8718,2.69,1290.0,99.6,0.0,0.0,26.4,Training,0.43555000000000005
769,0.778,1.117,21.0,77.883,3.08,1232.0,99.6,0.0,0.0,26.4,Training,0.6188
770,1.417,1.1058,21.0,77.8942,2.99,1147.0,99.6,0.0,0.0,26.4,Training,1.3889500000000001
772,0.368,1.0723,21.0,77.9277,2.52,1331.0,99.6,0.0,0.0,26.4,Training,0.30580000000000007
775,0.268,1.1393,21.0,77.8607,6.08,1244.0,99.6,0.0,0.0,26.4,Training,0.2777158999999999
776,0.1062,1.1729,21.0,77.8272,6.81,1364.0,99.6,0.0,0.0,26.4,Training,0.114726
777,0.492,1.1282,21.0,77.8718,6.26,1168.0,99.6,0.0,0.0,26.4,Training,0.4950850000000001
779,0.57,1.2399,21.0,77.7601,7.69,1127.0,99.6,0.0,0.0,26.4,Training,0.6548000000000002
780,1.118,1.2846,21.0,77.7155,8.27,1070.0,99.6,0.0,0.0,26.4,Training,1.3078
782,1.227,1.0723,21.0,77.9277,8.15,1069.0,99.6,0.0,0.0,26.4,Training,1.3147000000000002
784,0.196,0.5027,21.0,78.4974,6.59,1278.0,99.6,0.0,0.0,26.4,Training,0.22145589999999996
785,0.451,0.5585,21.0,78.4415,7.37,1173.0,99.6,0.0,0.0,26.4,Training,0.45780000000000004
786,0.714,0.6032,21.0,78.3968,7.74,1126.0,99.6,0.0,0.0,26.4,Training,0.7770710000000002
787,1.515,0.6367,21.0,78.3633,8.19,1053.0,99.6,0.0,0.0,26.4,Training,1.75591
788,1.231,2.4462,21.0,76.5538,8.2,1070.0,99.6,0.0,0.0,26.4,Training,1.2817
789,0.348,1.3828,21.0,77.6172,5.98,1201.0,82.5,16.6,0.9,23.57,Training,0.364945
791,0.813,1.4732,21.0,77.5268,6.01,1128.0,82.5,16.6,0.9,23.57,Training,0.7251550000000001
793,0.533,1.6575,21.0,77.3425,6.04,1175.0,99.0,1.0,0.0,22.88,Training,0.5075350000000002
794,0.471,1.798,21.0,77.202,5.98,1193.0,99.0,1.0,0.0,22.88,Training,0.454685
795,2.488,1.9104,21.0,77.0896,5.57,1065.0,99.0,1.0,0.0,22.88,Training,2.00465
796,0.859,1.5732,21.0,77.4268,6.17,1136.0,99.0,1.0,0.0,22.88,Training,0.600755
797,0.272,1.2034,21.0,77.7966,6.14,1210.0,98.0,2.0,0.0,24.6,Training,0.29695
798,0.511,1.0951,21.0,77.9049,6.27,1148.0,98.0,2.0,0.0,24.6,Training,0.5624849999999999
799,1.681,1.6246,21.0,77.3754,5.73,1055.0,98.0,2.0,0.0,24.6,Training,1.77105
800,0.703,1.408,21.0,77.592,6.36,1123.0,98.0,2.0,0.0,24.6,Training,0.71307
801,1.422,0.9463,21.0,78.0537,5.26,1095.0,90.0,10.0,0.0,25.5,Training,1.2181100000000002
802,0.633,1.3085,21.0,77.6915,5.23,1162.0,90.0,10.0,0.0,25.5,Training,0.6845849999999999
803,0.279,1.3085,21.0,77.6915,5.22,1225.0,90.0,10.0,0.0,25.5,Training,0.37754999999999994
804,0.518,1.0982,21.0,77.9018,5.76,1165.0,90.0,10.0,0.0,25.5,Training,0.5419849999999999
805,0.833,1.0398,21.0,77.9602,5.77,1133.0,90.0,10.0,0.0,25.5,Training,0.7409
806,0.112,1.6929,21.0,0.0,16.1,1220.0,38.66,41.81,19.52,22.0,Training,0.12535000000000013
807,0.257,1.9772,21.0,0.0,17.9,1120.0,38.66,41.81,19.52,22.0,Training,0.26095
808,0.149,1.8351,21.0,0.0,17.0,1188.0,38.66,41.81,19.52,22.0,Training,0.32935000000000003
809,0.729,0.7754,21.0,0.0,17.26,1054.0,38.66,41.81,19.52,22.0,Training,0.7307
810,0.299,1.0855,21.0,0.0,17.3,1140.0,38.66,41.81,19.52,22.0,Training,0.2974500000000001
811,0.296,1.3957,21.0,0.0,18.1,1105.0,38.66,41.81,19.52,22.0,Training,0.3284000000000001
814,0.19,1.3698,21.0,0.0,34.11,1107.0,38.66,41.81,19.52,22.0,Training,0.2132000000000002
816,0.25,1.2148,21.0,0.0,34.59,1080.0,38.66,41.81,19.52,22.0,Training,0.2971500000000004
817,0.418,1.4215,21.0,0.0,35.95,1022.0,38.66,41.81,19.52,22.0,Training,0.45059999999999995
818,0.532,0.2511,4.0,0.0,11.96,1286.0,38.66,41.81,19.52,22.0,Training,0.6782
820,0.783,0.2585,4.0,0.0,12.26,1244.0,38.66,41.81,19.52,22.0,Training,0.7876
826,2.039,0.2486,4.0,0.0,12.87,1173.0,38.66,41.81,19.52,22.0,Training,1.9078500000000003
827,0.365,0.2732,4.0,0.0,15.12,1317.0,38.66,41.81,19.52,22.0,Training,0.47680000000000017
828,0.232,0.2511,4.0,0.0,14.8,1374.0,38.66,41.81,19.52,22.0,Training,0.26745000000000013
829,0.53,0.2732,4.0,0.0,15.42,1274.0,38.66,41.81,19.52,22.0,Training,0.51495
830,0.79,0.2806,4.0,0.0,15.56,1229.0,38.66,41.81,19.52,22.0,Training,0.7622500000000001
832,2.2,0.2782,4.0,0.0,15.98,1154.0,38.66,41.81,19.52,22.0,Training,1.9422900000000003
833,0.653,0.1058,4.0,0.0,12.54,1231.0,38.66,41.81,19.52,22.0,Training,0.7313000000000001
835,1.403,0.1206,4.0,0.0,12.82,1182.0,38.66,41.81,19.52,22.0,Training,1.4745499999999998
838,0.215,0.1182,4.0,0.0,12.16,1334.0,38.66,41.81,19.52,22.0,Training,0.27895
840,0.942,0.5095,4.0,0.0,12.27,1243.0,38.66,41.81,19.52,22.0,Training,0.8283999999999999
841,0.403,0.5268,4.0,0.0,11.87,1324.0,38.66,41.81,19.52,22.0,Training,0.34710000000000013
842,1.967,0.5194,4.0,0.0,12.4,1169.0,38.66,41.81,19.52,22.0,Training,1.7250699999999999
845,0.822,0.3077,4.0,0.0,53.8,1110.0,38.66,41.81,19.52,22.0,Training,0.8632
846,0.599,0.2978,4.0,0.0,50.09,1147.0,38.66,41.81,19.52,22.0,Training,0.9722400000000002
847,0.253,0.2978,4.0,0.0,49.28,1235.0,38.66,41.81,19.52,22.0,Training,0.5044
849,2.613,0.2609,4.0,0.0,52.21,1030.0,38.66,41.81,19.52,22.0,Training,1.965300000000001
850,0.343,1.2637,20.7429,77.9934,11.25,1169.0,38.66,41.81,19.52,22.0,Training,0.3537649999999999
851,0.793,1.1122,20.7747,78.113,11.89,1103.0,38.66,41.81,19.52,22.0,Training,0.7448699999999997
853,1.593,1.5402,20.6848,77.7749,11.35,1034.0,38.66,41.81,19.52,22.0,Training,1.4714699999999996
854,0.355,1.0996,20.7774,78.123,10.45,1174.0,38.66,41.81,19.52,22.0,Training,0.39820000000000005
856,1.385,1.2385,20.7482,78.0133,11.59,1052.0,38.66,41.81,19.52,22.0,Training,1.3168900000000001
857,0.792,1.3141,20.7323,77.9536,11.25,1101.0,38.66,41.81,19.52,22.0,Training,0.6566399999999999
859,0.125,0.4761,20.9084,78.6155,10.34,1256.0,38.66,41.81,19.52,22.0,Training,0.14775000000000002
860,0.43,0.5401,20.8949,78.565,11.2,1161.0,38.66,41.81,19.52,22.0,Training,0.4323299999999999
862,1.3,0.5145,20.9003,78.5852,11.42,1087.0,38.66,41.81,19.52,22.0,Training,1.1657300000000006
863,0.8,0.5273,20.8976,78.5751,11.28,1120.0,38.66,41.81,19.52,22.0,Training,0.78691
864,0.255,0.4889,20.9057,78.6054,10.57,1200.0,38.66,41.81,19.52,22.0,Training,0.27414999999999934
865,1.545,1.087,20.7801,78.133,14.8,1008.0,38.66,41.81,19.52,22.0,Training,1.3964150000000002
866,0.517,1.2637,20.7429,77.9934,14.1,1109.0,38.66,41.81,19.52,22.0,Training,0.5323000000000001
867,0.133,1.2385,20.7482,78.0133,13.0,1247.0,38.66,41.81,19.52,22.0,Training,0.17639999999999997
868,0.18,1.3519,20.7244,77.9237,34.11,1107.0,38.66,41.81,19.52,22.0,Training,0.20610000000000023
869,0.245,1.2007,20.7562,78.0432,34.59,1080.0,38.66,41.81,19.52,22.0,Training,0.28855000000000036
870,0.415,1.4022,20.7138,77.884,35.95,1022.0,38.66,41.81,19.52,22.0,Training,0.42255
877,0.303,0.9554,21.0,0.0,15.8,1153.0,49.0,32.0,16.0,21.7,Training,0.32915
878,0.452,1.3897,21.0,0.0,16.6,1072.0,49.0,32.0,16.0,21.7,Training,0.6097999999999999
880,0.152,0.9182,21.0,0.0,15.7,1209.0,49.0,32.0,16.0,21.7,Training,0.21573499999999998
881,0.344,1.3276,21.0,0.0,16.4,1117.0,49.0,32.0,16.0,21.7,Training,0.32935
883,0.417,0.943,21.0,0.0,15.8,1110.0,49.0,32.0,16.0,21.7,Training,0.4415499999999999
885,0.314,1.6254,21.0,0.0,16.6,1112.0,49.0,32.0,16.0,21.7,Training,0.32194999999999996
887,0.8,0.2434,4.0,0.0,12.81,1239.0,49.0,32.0,16.0,21.7,Training,0.7562000000000002
888,1.673,0.2482,4.0,0.0,12.98,1190.0,49.0,32.0,16.0,21.7,Training,1.5803500000000004
889,0.523,0.234,4.0,0.0,12.39,1285.0,49.0,32.0,16.0,21.7,Training,0.6710499999999998
890,2.711,0.2482,4.0,0.0,13.16,1145.0,49.0,32.0,16.0,21.7,Training,2.4427499999999998
891,0.267,0.2411,4.0,0.0,12.31,1356.0,49.0,32.0,16.0,21.7,Training,0.2689000000000001
892,0.17,0.2245,4.0,0.0,11.78,1411.0,49.0,32.0,16.0,21.7,Training,0.24975000000000003
893,0.363,0.2292,4.0,0.0,15.02,1318.0,49.0,32.0,16.0,21.7,Training,0.3556
895,0.497,0.2411,4.0,0.0,15.33,1278.0,49.0,32.0,16.0,21.7,Training,0.53445
896,0.76,0.2458,4.0,0.0,15.38,1229.0,49.0,32.0,16.0,21.7,Training,0.7567999999999999
897,2.094,0.234,4.0,0.0,15.93,1161.0,49.0,32.0,16.0,21.7,Training,2.09055
900,0.164,0.208,4.0,0.0,1.28,1483.0,49.0,32.0,16.0,21.7,Training,0.2625
901,0.431,0.1938,4.0,0.0,1.34,1421.0,49.0,32.0,16.0,21.7,Training,0.46335
903,1.795,0.2647,4.0,0.0,1.38,1296.0,49.0,32.0,16.0,21.7,Training,1.3669499999999999
904,1.02,0.2623,4.0,0.0,1.33,1356.0,49.0,32.0,16.0,21.7,Training,0.8742999999999999
910,0.296,1.4435,20.7051,77.8513,11.61,1166.0,49.0,32.0,16.0,21.7,Training,0.28839999999999993
912,0.718,1.3591,20.7229,77.918,9.86,1109.0,49.0,32.0,16.0,21.7,Training,0.7041000000000001
913,1.44,1.3832,20.7178,77.899,11.05,1031.0,49.0,32.0,16.0,21.7,Training,1.3897500000000005
914,0.115,1.2987,20.7356,77.9658,9.51,1253.0,49.0,32.0,16.0,21.7,Training,0.1218
915,0.21,1.3107,20.733,77.9562,10.24,1208.0,49.0,32.0,16.0,21.7,Training,0.23444999999999996
917,0.93,1.1897,20.7585,78.0518,11.65,1074.0,49.0,32.0,16.0,21.7,Training,0.9549500000000001
918,1.221,1.2745,20.7407,77.9849,15.2,1011.0,49.0,32.0,16.0,21.7,Training,1.2488000000000001
919,0.715,1.3712,20.7203,77.9085,14.4,1072.0,49.0,32.0,16.0,21.7,Training,0.84945
921,0.458,1.4957,21.0,0.0,17.2,1061.0,32.0,47.4,20.6,22.3,Training,0.4823000000000002
922,0.16,0.9573,21.0,0.0,15.8,1194.0,32.0,47.4,20.6,22.3,Training,0.17735000000000017
923,0.506,1.2444,21.0,0.0,17.1,1053.0,32.0,47.4,20.6,22.3,Training,0.5567500000000002
924,0.444,1.041,21.0,0.0,16.9,1085.0,32.0,47.4,20.6,22.3,Training,0.4825500000000001
926,1.754,0.2325,4.0,0.0,12.84,1185.0,32.0,47.4,20.6,22.3,Training,1.6635500000000005
928,0.8,0.237,4.0,0.0,12.75,1242.0,32.0,47.4,20.6,22.3,Training,0.7640000000000002
930,0.32,0.2165,4.0,0.0,12.06,1342.0,32.0,47.4,20.6,22.3,Training,0.30385000000000006
931,0.237,0.2051,4.0,0.0,11.82,1386.0,32.0,47.4,20.6,22.3,Training,0.2800500000000001
932,2.275,0.253,4.0,0.0,15.7,1146.0,32.0,47.4,20.6,22.3,Training,2.1471999999999993
934,0.815,0.2621,4.0,0.0,15.26,1219.0,32.0,47.4,20.6,22.3,Training,0.7491999999999999
935,0.507,0.2142,4.0,0.0,15.17,1278.0,32.0,47.4,20.6,22.3,Training,0.53995
936,0.37,0.2416,4.0,0.0,14.95,1313.0,32.0,47.4,20.6,22.3,Training,0.36710000000000004
937,0.23,0.2644,4.0,0.0,14.99,1374.0,32.0,47.4,20.6,22.3,Training,0.4033000000000002
938,1.381,1.323,20.7305,77.9466,12.63,1024.0,32.0,47.4,20.6,22.3,Training,1.3666500000000001
939,0.64,1.019,20.7943,78.1867,11.99,1118.0,32.0,47.4,20.6,22.3,Training,0.6415
941,0.199,1.4859,20.6962,77.8179,30.63,1092.0,32.0,47.4,20.6,22.3,Training,0.20740000000000008
942,0.517,1.0776,20.782,78.1404,32.36,1029.0,32.0,47.4,20.6,22.3,Training,0.44395
943,1.452,1.4045,20.7133,77.8822,15.3,999.0,32.0,47.4,20.6,22.3,Training,1.441565
944,0.498,1.4394,20.706,77.8546,14.6,1087.0,32.0,47.4,20.6,22.3,Training,0.6621000000000001
946,0.377,1.5323,20.6865,77.7812,14.0,1138.0,32.0,47.4,20.6,22.3,Training,0.39725
947,0.566,0.2508,4.0,0.0,12.51,1296.0,39.0,60.7,0.3,24.1,Training,0.8235500000000002
949,0.26,0.2419,4.0,0.0,12.35,1379.0,39.0,60.7,0.3,24.1,Training,0.27255
951,1.007,0.233,4.0,0.0,13.03,1217.0,39.0,60.7,0.3,24.1,Training,0.9510499999999997
957,0.061,0.1975,4.0,0.0,1.09,1610.0,39.0,60.7,0.3,24.1,Training,0.18505
960,0.515,0.2508,4.0,0.0,1.14,1436.0,39.0,60.7,0.3,24.1,Training,0.44484999999999997
962,0.231,0.324,4.0,0.0,1.09,1537.0,39.0,60.7,0.3,24.1,Training,0.17053164999999998
963,0.053,0.2996,4.0,0.0,1.14,1694.0,39.0,60.7,0.3,24.1,Training,0.1508000000000001
964,0.349,1.2545,20.7449,78.0007,10.8,1152.0,39.0,60.7,0.3,24.1,Training,0.35465
965,1.703,1.3566,20.7234,77.92,11.99,1010.0,39.0,60.7,0.3,24.1,Training,1.5666000000000002
967,0.144,1.1179,20.7735,78.1085,10.24,1233.0,39.0,60.7,0.3,24.1,Training,0.21545000000000006
969,0.174,0.2124,4.0,0.0,1.16,1508.0,53.1,46.2,0.7,25.6,Training,0.3845999999999998
970,0.041,0.1934,4.0,0.0,1.22,1608.0,53.1,46.2,0.7,25.6,Training,0.2623999999999997
973,0.382,0.1871,4.0,0.0,1.21,1442.0,53.1,46.2,0.7,25.6,Training,0.46225
974,0.671,0.1955,4.0,0.0,1.28,1385.0,53.1,46.2,0.7,25.6,Training,0.5539
976,1.883,0.2145,4.0,0.0,1.43,1284.0,53.1,46.2,0.7,25.6,Training,1.5004799999999998
977,1.277,1.0598,20.7858,78.1545,11.85,1030.0,53.1,46.2,0.7,25.6,Training,1.3828200000000006
978,0.309,1.0057,20.7971,78.1972,10.65,1174.0,53.1,46.2,0.7,25.6,Training,0.34082999999999997
979,1.037,1.049,20.788,78.163,11.21,1084.0,53.1,46.2,0.7,25.6,Training,1.0930350000000002
981,0.249,1.1354,20.7699,78.0947,10.47,1196.0,53.1,46.2,0.7,25.6,Training,0.270265
984,21.52,0.51,9.9,89.59,17.027,847.4,99.6,0.0,0.0,26.4,Training,19.037415
985,24.42,0.51,9.9,89.59,17.035,847.6,99.6,0.0,0.0,26.4,Training,19.762415000000004
988,11.45,0.51,9.9,89.59,16.935,886.7,99.6,0.0,0.0,26.4,Training,11.107290000000003
990,7.34,0.51,9.9,89.59,16.399,924.7,99.6,0.0,0.0,26.4,Training,8.129170000000004
992,4.24,0.51,9.9,89.59,18.325,962.6,99.6,0.0,0.0,26.4,Training,3.9447000000000028
994,4.08,0.51,9.9,89.59,16.167,982.9,99.6,0.0,0.0,26.4,Training,4.112419999999999
996,2.42,0.51,9.9,89.59,14.306,1021.0,99.6,0.0,0.0,26.4,Training,2.3606600000000006
997,1.85,0.51,9.9,89.59,17.014,1042.3,99.6,0.0,0.0,26.4,Training,1.7574798000000003
1000,1.4,0.51,9.9,89.59,14.461,1078.9,99.6,0.0,0.0,26.4,Training,1.3941298000000015
1001,0.92542,0.51,9.9,89.59,15.731,1128.2,99.6,0.0,0.0,26.4,Training,0.9524251000000001
1002,0.53416,0.51,9.9,89.59,16.495,1210.6,99.6,0.0,0.0,26.4,Training,0.3525459000000001
1003,0.36966,0.51,9.9,89.59,16.06,1271.9,99.6,0.0,0.0,26.4,Training,0.34022965000000016
1005,0.18554,0.51,9.9,89.59,16.666,1388.9,99.6,0.0,0.0,26.4,Training,0.14177000000000003
1006,0.11695,0.51,9.9,89.59,18.31,1448.5,99.6,0.0,0.0,26.4,Training,0.08891911000000002
1007,0.06834,0.51,9.9,89.59,18.176,1508.7,99.6,0.0,0.0,26.4,Training,0.06722893000000002
1009,0.0269614,0.51,9.9,89.59,19.002,1712.1,99.6,0.0,0.0,26.4,Training,0.04626639500000002
1011,6.34,1.0,9.8,89.2,17.059,922.7,99.6,0.0,0.0,26.4,Training,10.221530000000001
1013,4.12,1.0,9.8,89.2,18.2491,977.0,99.6,0.0,0.0,26.4,Training,3.8447000000000005
1014,3.25,1.0,9.8,89.2,15.5522,999.2,99.6,0.0,0.0,26.4,Training,2.61834
1015,2.0,1.0,9.8,89.2,15.9807,1038.3,99.6,0.0,0.0,26.4,Training,1.8261649999999996
1016,1.48,1.0,9.8,89.2,14.125,1072.5,99.6,0.0,0.0,26.4,Training,1.465715
1018,1.2,1.0,9.8,89.2,16.1363,1075.8,99.6,0.0,0.0,26.4,Training,1.1027298
1019,0.925596,1.0,9.8,89.2,16.4639,1109.8,99.6,0.0,0.0,26.4,Training,0.7904347
1021,0.71721,1.0,9.8,89.2,13.6671,1175.3,99.6,0.0,0.0,26.4,Training,0.62394975
1022,0.691245,1.0,9.8,89.2,15.6458,1180.2,99.6,0.0,0.0,26.4,Training,0.63212425
1024,0.468979,1.0,9.8,89.2,14.3536,1267.7,99.6,0.0,0.0,26.4,Training,0.4000285000000002
1026,0.373901,1.0,9.8,89.2,16.1852,1257.2,99.6,0.0,0.0,26.4,Training,0.38261840000000014
1028,0.269318,1.0,9.8,89.2,17.7899,1309.6,99.6,0.0,0.0,26.4,Training,0.2680439500000001
1030,0.219633,1.0,9.8,89.2,16.6895,1351.9,99.6,0.0,0.0,26.4,Training,0.2166164
1031,0.18499,1.0,9.8,89.2,14.5907,1402.5,99.6,0.0,0.0,26.4,Training,0.16268000999999999
1032,0.118375,1.0,9.8,89.2,15.8992,1458.7,99.6,0.0,0.0,26.4,Training,0.11699340999999999
1033,0.0959756,1.0,9.8,89.2,11.39,1552.0,99.6,0.0,0.0,26.4,Training,0.08803159500000002
1034,0.0718422,1.0,9.8,89.2,17.7198,1531.5,99.6,0.0,0.0,26.4,Training,0.08437612500000002
1037,0.0482995,1.0,9.8,89.2,15.9881,1607.2,99.6,0.0,0.0,26.4,Training,0.069629275
1043,0.458,1.224,20.751,78.025,10.1,1162.0,52.7,30.8,16.5,26.4,Training,0.43435000000000007
1045,0.24,1.224,20.751,78.025,9.9,1214.0,52.7,30.8,16.5,26.4,Training,0.24593500000000001
1047,0.802,1.224,20.751,78.025,10.3,1099.0,52.7,30.8,16.5,26.4,Training,0.8366699999999998
1050,0.348,1.224,20.751,78.025,12.3,1156.0,52.7,30.8,16.5,26.4,Training,0.418485
1053,1.301,1.224,20.751,78.025,10.6,1040.0,52.7,30.8,16.5,26.4,Training,1.2884249999999997
1055,1.121,1.224,20.751,78.025,9.5,1067.0,52.7,30.8,16.5,26.4,Training,1.1790199999999997
1056,1.14,1.224,20.751,78.025,7.6,1085.0,52.7,30.8,16.5,26.4,Training,1.1404499999999997
1058,0.373,1.224,20.751,78.025,9.4,1191.0,52.7,30.8,16.5,26.4,Training,0.3819000000000001
1061,0.332,1.224,20.751,78.025,24.8,1076.0,52.7,30.8,16.5,26.4,Training,0.3812
1063,0.216,1.224,20.751,78.025,24.6,1125.0,52.7,30.8,16.5,26.4,Training,0.1855499999999981
1066,0.71,1.224,20.751,78.025,25.0,987.0,52.7,30.8,16.5,26.4,Training,0.9485000000000001
1067,0.525,1.224,20.751,78.025,24.8,1021.0,52.7,30.8,16.5,26.4,Training,0.49965000000000015
1069,0.181,0.616,20.87,78.505,9.9,1252.0,52.7,30.8,16.5,26.4,Training,0.19377999999999995
1070,0.265,0.616,20.87,78.505,10.1,1208.0,52.7,30.8,16.5,26.4,Training,0.27224999999999994
1071,0.857,0.616,20.87,78.505,10.1,1106.0,52.7,30.8,16.5,26.4,Training,0.8832999999999999
1072,0.592,0.616,20.87,78.505,10.0,1144.0,52.7,30.8,16.5,26.4,Training,0.6085000000000003
1076,2.044,0.616,20.87,78.505,10.7,1022.0,52.7,30.8,16.5,26.4,Training,1.93098
1079,0.148,0.616,20.87,78.505,25.0,1193.0,52.7,30.8,16.5,26.4,Training,0.17247499999999918
1080,0.316,0.616,20.87,78.505,25.1,1128.0,52.7,30.8,16.5,26.4,Training,0.3054750000000001
1081,1.001,0.616,20.87,78.505,26.1,1010.0,52.7,30.8,16.5,26.4,Training,0.9629500000000001
1082,0.539,0.616,20.87,78.505,25.8,1078.0,52.7,30.8,16.5,26.4,Training,0.54505
1084,0.241,0.616,20.87,78.505,22.6,1160.0,52.7,30.8,16.5,26.4,Training,0.23567499999999916
1085,3.081,0.616,20.87,78.505,20.0,790.0,52.7,30.8,16.5,26.4,Training,3.1403000000000008
1088,3.311,0.616,20.87,78.505,19.6,883.0,52.7,30.8,16.5,26.4,Training,3.22515
1092,0.175,1.1521,20.7664,78.0815,9.7,1264.0,37.7,62.1,0.2,24.1,Training,0.17439999999999997
1094,1.534,1.1521,20.7664,78.0815,10.5,1013.0,37.7,62.1,0.2,24.1,Training,1.6231999999999998
1095,0.776,1.1521,20.7664,78.0815,10.9,1085.0,37.7,62.1,0.2,24.1,Training,0.929505
1098,0.656,1.1521,20.7664,78.0815,24.2,1005.0,37.7,62.1,0.2,24.1,Training,0.7964150000000003
1100,0.283,1.1521,20.7664,78.0815,23.2,1115.0,37.7,62.1,0.2,24.1,Training,0.2706999999999981
1101,0.197,1.1521,20.7664,78.0815,21.7,1170.0,37.7,62.1,0.2,24.1,Training,0.16235000000000005
1108,0.886,0.5794,20.8867,78.5339,9.4,1103.0,37.7,62.1,0.2,24.1,Training,0.8875099999999998
1110,0.343,0.5794,20.8867,78.5339,9.7,1199.0,37.7,62.1,0.2,24.1,Training,0.7908999999999995
1112,1.333,0.5794,20.8867,78.5339,10.5,1056.0,37.7,62.1,0.2,24.1,Training,1.7033200000000002
1113,0.307,0.5794,20.8867,78.5339,25.3,1122.0,37.7,62.1,0.2,24.1,Training,0.30550000000000066
1114,0.511,0.5794,20.8867,78.5339,24.7,1066.0,37.7,62.1,0.2,24.1,Training,0.6817500000000001
1115,0.229,0.5794,20.8867,78.5339,24.1,1155.0,37.7,62.1,0.2,24.1,Training,0.24017500000000014
1116,0.849,0.5794,20.8867,78.5339,25.7,1013.0,37.7,62.1,0.2,24.1,Training,0.9157000000000002
1119,4.136,0.5794,20.8867,78.5339,16.0,785.0,37.7,62.1,0.2,24.1,Training,4.329017500000001
1120,0.337,0.5794,20.8867,78.5339,20.3,885.0,37.7,62.1,0.2,24.1,Training,1.81515
