Point,IDT_ms,X_Fuel,X_O2,X_N2,P,T,iso-alkanes,monicyclic-alkanes,polycyclic-alkanes,Aromatics,Others,Formula_H,Set
1,1.62,0.61,20.87,78.52,1.96,1091.5,28.8996301,26.27306416,10.93039112,7.681035334,4.0141944,20.07,Training
2,0.992,0.61,20.87,78.52,2.06,1157.9,28.8996301,26.27306416,10.93039112,7.681035334,4.0141944,20.07,Training
3,0.815,0.61,20.87,78.52,2.03,1210.0,28.8996301,26.27306416,10.93039112,7.681035334,4.0141944,20.07,Training
5,0.24,0.61,20.87,78.52,2.08,1327.2,28.8996301,26.27306416,10.93039112,7.681035334,4.0141944,20.07,Training
6,0.171,0.61,20.87,78.52,1.96,1386.3,28.8996301,26.27306416,10.93039112,7.681035334,4.0141944,20.07,Training
7,0.121,0.61,20.87,78.52,2.01,1457.9,28.8996301,26.27306416,10.93039112,7.681035334,4.0141944,20.07,Training
9,0.077,0.61,20.87,78.52,2.04,1516.1,28.8996301,26.27306416,10.93039112,7.681035334,4.0141944,20.07,Training
11,2.388,0.61,20.87,78.52,10.5,1070.7,28.8996301,26.27306416,10.93039112,7.681035334,4.0141944,20.07,Training
12,0.643,0.61,20.87,78.52,10.9,1109.6,28.8996301,26.27306416,10.93039112,7.681035334,4.0141944,20.07,Validation
13,0.344,0.61,20.87,78.52,9.31,1164.1,28.8996301,26.27306416,10.93039112,7.681035334,4.0141944,20.07,Training
14,0.159,0.61,20.87,78.52,9.69,1281.8,28.8996301,26.27306416,10.93039112,7.681035334,4.0141944,20.07,Training
15,0.03,0.61,20.87,78.52,10.7,1372.1,28.8996301,26.27306416,10.93039112,7.681035334,4.0141944,20.07,Validation
16,0.024,0.61,20.87,78.52,10.8,1382.9,28.8996301,26.27306416,10.93039112,7.681035334,4.0141944,20.07,Training
17,0.025,0.61,20.87,78.52,10.6,1386.5,28.8996301,26.27306416,10.93039112,7.681035334,4.0141944,20.07,Validation
18,1.228,1.25,20.74,78.01,1.81,1095.0,28.8996301,26.27306416,10.93039112,7.681035334,4.0141944,20.07,Training
19,1.1,1.25,20.74,78.01,2.1,1166.6,28.8996301,26.27306416,10.93039112,7.681035334,4.0141944,20.07,Training
20,0.63,1.25,20.74,78.01,1.98,1261.5,28.8996301,26.27306416,10.93039112,7.681035334,4.0141944,20.07,Validation
21,0.398,1.25,20.74,78.01,2.04,1312.9,28.8996301,26.27306416,10.93039112,7.681035334,4.0141944,20.07,Training
22,0.211,1.25,20.74,78.01,2.0,1370.4,28.8996301,26.27306416,10.93039112,7.681035334,4.0141944,20.07,Training
23,0.126,1.25,20.74,78.01,2.1,1434.5,28.8996301,26.27306416,10.93039112,7.681035334,4.0141944,20.07,Validation
24,0.119,1.25,20.74,78.01,1.95,1484.1,28.8996301,26.27306416,10.93039112,7.681035334,4.0141944,20.07,Training
25,0.07,1.25,20.74,78.01,1.89,1484.1,28.8996301,26.27306416,10.93039112,7.681035334,4.0141944,20.07,Validation
26,0.041,1.25,20.74,78.01,2.05,1570.9,28.8996301,26.27306416,10.93039112,7.681035334,4.0141944,20.07,Training
27,2.746,1.25,20.74,78.01,10.7,922.2,28.8996301,26.27306416,10.93039112,7.681035334,4.0141944,20.07,Training
28,1.823,1.25,20.74,78.01,9.97,988.9,28.8996301,26.27306416,10.93039112,7.681035334,4.0141944,20.07,Training
29,1.475,1.25,20.74,78.01,9.42,1011.4,28.8996301,26.27306416,10.93039112,7.681035334,4.0141944,20.07,Validation
30,0.693,1.25,20.74,78.01,9.32,1069.5,28.8996301,26.27306416,10.93039112,7.681035334,4.0141944,20.07,Validation
31,0.684,1.25,20.74,78.01,9.65,1084.4,28.8996301,26.27306416,10.93039112,7.681035334,4.0141944,20.07,Training
32,0.358,1.25,20.74,78.01,10.0,1151.0,28.8996301,26.27306416,10.93039112,7.681035334,4.0141944,20.07,Training
33,0.213,1.25,20.74,78.01,10.2,1211.2,28.8996301,26.27306416,10.93039112,7.681035334,4.0141944,20.07,Training
34,0.126,1.25,20.74,78.01,9.91,1290.0,28.8996301,26.27306416,10.93039112,7.681035334,4.0141944,20.07,Training
35,0.055,1.25,20.74,78.01,9.44,1355.9,28.8996301,26.27306416,10.93039112,7.681035334,4.0141944,20.07,Training
36,0.013,1.25,20.74,78.01,10.14,1439.4,28.8996301,26.27306416,10.93039112,7.681035334,4.0141944,20.07,Training
37,1.552,2.47,20.48,77.05,2.0,1150.3,28.8996301,26.27306416,10.93039112,7.681035334,4.0141944,20.07,Training
38,0.957,2.47,20.48,77.05,1.97,1194.0,28.8996301,26.27306416,10.93039112,7.681035334,4.0141944,20.07,Validation
39,0.827,2.47,20.48,77.05,1.98,1246.0,28.8996301,26.27306416,10.93039112,7.681035334,4.0141944,20.07,Training
40,0.448,2.47,20.48,77.05,2.08,1325.5,28.8996301,26.27306416,10.93039112,7.681035334,4.0141944,20.07,Training
41,0.208,2.47,20.48,77.05,2.08,1426.7,28.8996301,26.27306416,10.93039112,7.681035334,4.0141944,20.07,Training
42,0.163,2.47,20.48,77.05,1.93,1477.1,28.8996301,26.27306416,10.93039112,7.681035334,4.0141944,20.07,Training
43,0.081,2.47,20.48,77.05,2.0,1553.6,28.8996301,26.27306416,10.93039112,7.681035334,4.0141944,20.07,Training
44,1.81,2.47,20.48,77.05,11.1,1041.4,28.8996301,26.27306416,10.93039112,7.681035334,4.0141944,20.07,Validation
45,0.916,2.47,20.48,77.05,9.55,1080.8,28.8996301,26.27306416,10.93039112,7.681035334,4.0141944,20.07,Training
46,0.289,2.47,20.48,77.05,10.36,1161.2,28.8996301,26.27306416,10.93039112,7.681035334,4.0141944,20.07,Training
47,0.198,2.47,20.48,77.05,10.24,1211.5,28.8996301,26.27306416,10.93039112,7.681035334,4.0141944,20.07,Training
48,0.082,2.47,20.48,77.05,9.43,1332.9,28.8996301,26.27306416,10.93039112,7.681035334,4.0141944,20.07,Training
50,1.335,0.65,20.86,78.48,2.03,1158.8,4.11973,37.34012,49.87414,0.72511,0.45811,22.0,Validation
51,1.063,0.65,20.86,78.48,1.95,1185.7,4.11973,37.34012,49.87414,0.72511,0.45811,22.0,Training
52,0.759,0.65,20.86,78.48,1.91,1195.8,4.11973,37.34012,49.87414,0.72511,0.45811,22.0,Validation
53,0.389,0.65,20.86,78.48,1.9,1266.4,4.11973,37.34012,49.87414,0.72511,0.45811,22.0,Training
54,0.204,0.65,20.86,78.48,2.07,1345.5,4.11973,37.34012,49.87414,0.72511,0.45811,22.0,Validation
55,0.149,0.65,20.86,78.48,1.96,1386.9,4.11973,37.34012,49.87414,0.72511,0.45811,22.0,Training
56,0.12,0.65,20.86,78.48,1.97,1432.7,4.11973,37.34012,49.87414,0.72511,0.45811,22.0,Validation
57,0.058,0.65,20.86,78.48,1.99,1498.1,4.11973,37.34012,49.87414,0.72511,0.45811,22.0,Validation
58,0.059,0.65,20.86,78.48,2.02,1513.3,4.11973,37.34012,49.87414,0.72511,0.45811,22.0,Training
59,1.7,0.65,20.86,78.48,10.16,1076.9,4.11973,37.34012,49.87414,0.72511,0.45811,22.0,Training
60,0.799,0.65,20.86,78.48,10.2,1110.7,4.11973,37.34012,49.87414,0.72511,0.45811,22.0,Validation
61,0.345,0.65,20.86,78.48,9.57,1172.9,4.11973,37.34012,49.87414,0.72511,0.45811,22.0,Training
62,0.193,0.65,20.86,78.48,10.48,1236.1,4.11973,37.34012,49.87414,0.72511,0.45811,22.0,Validation
63,0.156,0.65,20.86,78.48,10.67,1251.4,4.11973,37.34012,49.87414,0.72511,0.45811,22.0,Training
64,0.096,0.65,20.86,78.48,9.82,1289.3,4.11973,37.34012,49.87414,0.72511,0.45811,22.0,Validation
65,0.046,0.65,20.86,78.48,10.2,1343.6,4.11973,37.34012,49.87414,0.72511,0.45811,22.0,Validation
66,0.04,0.65,20.86,78.48,10.56,1363.2,4.11973,37.34012,49.87414,0.72511,0.45811,22.0,Training
67,0.039,0.65,20.86,78.48,10.5,1373.9,4.11973,37.34012,49.87414,0.72511,0.45811,22.0,Validation
68,2.042,1.3,20.73,77.98,1.98,1085.9,4.11973,37.34012,49.87414,0.72511,0.45811,22.0,Validation
69,1.335,1.3,20.73,77.98,2.06,1115.5,4.11973,37.34012,49.87414,0.72511,0.45811,22.0,Training
70,1.188,1.3,20.73,77.98,2.09,1128.0,4.11973,37.34012,49.87414,0.72511,0.45811,22.0,Validation
71,0.959,1.3,20.73,77.98,1.91,1137.5,4.11973,37.34012,49.87414,0.72511,0.45811,22.0,Validation
72,0.661,1.3,20.73,77.98,2.02,1206.8,4.11973,37.34012,49.87414,0.72511,0.45811,22.0,Training
73,0.584,1.3,20.73,77.98,1.91,1273.7,4.11973,37.34012,49.87414,0.72511,0.45811,22.0,Training
74,0.467,1.3,20.73,77.98,1.93,1282.0,4.11973,37.34012,49.87414,0.72511,0.45811,22.0,Validation
75,0.297,1.3,20.73,77.98,2.05,1368.0,4.11973,37.34012,49.87414,0.72511,0.45811,22.0,Training
76,0.186,1.3,20.73,77.98,2.01,1414.8,4.11973,37.34012,49.87414,0.72511,0.45811,22.0,Validation
77,0.142,1.3,20.73,77.98,1.92,1471.3,4.11973,37.34012,49.87414,0.72511,0.45811,22.0,Training
78,0.071,1.3,20.73,77.98,2.04,1519.8,4.11973,37.34012,49.87414,0.72511,0.45811,22.0,Validation
79,0.056,1.3,20.73,77.98,2.0,1600.7,4.11973,37.34012,49.87414,0.72511,0.45811,22.0,Training
80,0.035,1.3,20.73,77.98,1.96,1683.8,4.11973,37.34012,49.87414,0.72511,0.45811,22.0,Training
81,1.493,1.3,20.73,77.98,10.69,1028.1,4.11973,37.34012,49.87414,0.72511,0.45811,22.0,Training
83,0.602,1.3,20.73,77.98,10.37,1090.2,4.11973,37.34012,49.87414,0.72511,0.45811,22.0,Validation
84,0.399,1.3,20.73,77.98,10.89,1114.9,4.11973,37.34012,49.87414,0.72511,0.45811,22.0,Training
85,0.371,1.3,20.73,77.98,10.31,1124.9,4.11973,37.34012,49.87414,0.72511,0.45811,22.0,Validation
86,0.242,1.3,20.73,77.98,9.56,1177.6,4.11973,37.34012,49.87414,0.72511,0.45811,22.0,Training
87,0.174,1.3,20.73,77.98,10.05,1224.6,4.11973,37.34012,49.87414,0.72511,0.45811,22.0,Validation
88,0.146,1.3,20.73,77.98,9.59,1247.2,4.11973,37.34012,49.87414,0.72511,0.45811,22.0,Training
89,0.104,1.3,20.73,77.98,10.95,1270.0,4.11973,37.34012,49.87414,0.72511,0.45811,22.0,Validation
90,0.063,1.3,20.73,77.98,10.8,1306.3,4.11973,37.34012,49.87414,0.72511,0.45811,22.0,Validation
91,0.042,1.3,20.73,77.98,10.78,1343.2,4.11973,37.34012,49.87414,0.72511,0.45811,22.0,Training
92,0.945,2.56,20.46,76.98,2.07,1169.5,4.11973,37.34012,49.87414,0.72511,0.45811,22.0,Training
94,0.813,2.56,20.46,76.98,2.03,1209.3,4.11973,37.34012,49.87414,0.72511,0.45811,22.0,Validation
95,0.46,2.56,20.46,76.98,2.1,1284.8,4.11973,37.34012,49.87414,0.72511,0.45811,22.0,Validation
96,0.434,2.56,20.46,76.98,2.0,1300.2,4.11973,37.34012,49.87414,0.72511,0.45811,22.0,Training
97,0.281,2.56,20.46,76.98,1.99,1347.0,4.11973,37.34012,49.87414,0.72511,0.45811,22.0,Validation
98,0.175,2.56,20.46,76.98,2.0,1402.6,4.11973,37.34012,49.87414,0.72511,0.45811,22.0,Training
99,0.142,2.56,20.46,76.98,2.08,1487.5,4.11973,37.34012,49.87414,0.72511,0.45811,22.0,Training
100,0.092,2.56,20.46,76.98,1.98,1544.4,4.11973,37.34012,49.87414,0.72511,0.45811,22.0,Validation
101,1.875,2.56,20.46,76.98,9.68,1020.8,4.11973,37.34012,49.87414,0.72511,0.45811,22.0,Training
103,0.338,2.56,20.46,76.98,9.38,1136.9,4.11973,37.34012,49.87414,0.72511,0.45811,22.0,Training
104,0.151,2.56,20.46,76.98,10.38,1218.1,4.11973,37.34012,49.87414,0.72511,0.45811,22.0,Training
105,0.085,2.56,20.46,76.98,9.63,1279.5,4.11973,37.34012,49.87414,0.72511,0.45811,22.0,Training
107,1.472,0.64,20.87,78.5,1.92,1131.9,17.79624,28.991035,27.498755,8.091765,2.53599,21.035,Training
108,0.806,0.64,20.87,78.5,2.09,1179.2,17.79624,28.991035,27.498755,8.091765,2.53599,21.035,Validation
109,0.368,0.64,20.87,78.5,2.1,1229.6,17.79624,28.991035,27.498755,8.091765,2.53599,21.035,Training
110,0.271,0.64,20.87,78.5,2.02,1294.0,17.79624,28.991035,27.498755,8.091765,2.53599,21.035,Training
111,0.198,0.64,20.87,78.5,2.09,1336.4,17.79624,28.991035,27.498755,8.091765,2.53599,21.035,Validation
112,0.08,0.64,20.87,78.5,2.02,1408.6,17.79624,28.991035,27.498755,8.091765,2.53599,21.035,Training
113,0.034,0.64,20.87,78.5,2.02,1511.2,17.79624,28.991035,27.498755,8.091765,2.53599,21.035,Training
114,1.82,0.64,20.87,78.5,9.42,1025.2,17.79624,28.991035,27.498755,8.091765,2.53599,21.035,Training
115,0.77,0.64,20.87,78.5,10.44,1099.3,17.79624,28.991035,27.498755,8.091765,2.53599,21.035,Training
116,0.444,0.64,20.87,78.5,10.23,1134.9,17.79624,28.991035,27.498755,8.091765,2.53599,21.035,Validation
117,0.361,0.64,20.87,78.5,9.78,1174.0,17.79624,28.991035,27.498755,8.091765,2.53599,21.035,Training
118,0.22,0.64,20.87,78.5,9.96,1227.4,17.79624,28.991035,27.498755,8.091765,2.53599,21.035,Training
120,0.07,0.64,20.87,78.5,10.17,1310.0,17.79624,28.991035,27.498755,8.091765,2.53599,21.035,Training
121,0.032,0.64,20.87,78.5,10.14,1357.7,17.79624,28.991035,27.498755,8.091765,2.53599,21.035,Validation
122,1.322,1.27,20.73,78.0,2.07,1123.1,17.79624,28.991035,27.498755,8.091765,2.53599,21.035,Training
123,0.954,1.27,20.73,78.0,2.08,1186.1,17.79624,28.991035,27.498755,8.091765,2.53599,21.035,Training
125,0.353,1.27,20.73,78.0,2.0,1251.8,17.79624,28.991035,27.498755,8.091765,2.53599,21.035,Training
126,0.533,1.27,20.73,78.0,2.09,1251.9,17.79624,28.991035,27.498755,8.091765,2.53599,21.035,Validation
127,0.235,1.27,20.73,78.0,2.02,1308.3,17.79624,28.991035,27.498755,8.091765,2.53599,21.035,Training
129,0.095,1.27,20.73,78.0,1.9,1456.7,17.79624,28.991035,27.498755,8.091765,2.53599,21.035,Training
130,0.052,1.27,20.73,78.0,2.06,1532.2,17.79624,28.991035,27.498755,8.091765,2.53599,21.035,Training
131,0.035,1.27,20.73,78.0,2.09,1591.1,17.79624,28.991035,27.498755,8.091765,2.53599,21.035,Training
132,1.2,1.27,20.73,78.0,10.07,1052.8,17.79624,28.991035,27.498755,8.091765,2.53599,21.035,Training
133,1.02,1.27,20.73,78.0,9.57,1087.7,17.79624,28.991035,27.498755,8.091765,2.53599,21.035,Validation
134,0.401,1.27,20.73,78.0,10.21,1129.8,17.79624,28.991035,27.498755,8.091765,2.53599,21.035,Training
135,0.342,1.27,20.73,78.0,9.25,1161.7,17.79624,28.991035,27.498755,8.091765,2.53599,21.035,Training
136,0.249,1.27,20.73,78.0,9.47,1202.1,17.79624,28.991035,27.498755,8.091765,2.53599,21.035,Training
137,0.122,1.27,20.73,78.0,10.14,1307.7,17.79624,28.991035,27.498755,8.091765,2.53599,21.035,Training
138,0.046,1.27,20.73,78.0,9.55,1371.7,17.79624,28.991035,27.498755,8.091765,2.53599,21.035,Training
139,0.012,1.27,20.73,78.0,10.63,1470.8,17.79624,28.991035,27.498755,8.091765,2.53599,21.035,Training
140,1.238,2.5,20.48,77.03,2.01,1104.5,17.79624,28.991035,27.498755,8.091765,2.53599,21.035,Training
141,0.687,2.5,20.48,77.03,1.92,1180.5,17.79624,28.991035,27.498755,8.091765,2.53599,21.035,Validation
142,0.665,2.5,20.48,77.03,1.97,1223.5,17.79624,28.991035,27.498755,8.091765,2.53599,21.035,Training
143,0.393,2.5,20.48,77.03,2.1,1271.9,17.79624,28.991035,27.498755,8.091765,2.53599,21.035,Training
144,0.245,2.5,20.48,77.03,1.96,1288.7,17.79624,28.991035,27.498755,8.091765,2.53599,21.035,Validation
146,0.08,2.5,20.48,77.03,2.07,1526.9,17.79624,28.991035,27.498755,8.091765,2.53599,21.035,Validation
147,0.068,2.5,20.48,77.03,1.93,1576.1,17.79624,28.991035,27.498755,8.091765,2.53599,21.035,Training
148,1.36,2.5,20.48,77.03,10.23,1038.5,17.79624,28.991035,27.498755,8.091765,2.53599,21.035,Training
150,0.484,2.5,20.48,77.03,10.57,1092.2,17.79624,28.991035,27.498755,8.091765,2.53599,21.035,Training
151,0.421,2.5,20.48,77.03,10.44,1117.9,17.79624,28.991035,27.498755,8.091765,2.53599,21.035,Validation
153,0.197,2.5,20.48,77.03,10.12,1221.6,17.79624,28.991035,27.498755,8.091765,2.53599,21.035,Training
154,0.137,2.5,20.48,77.03,9.45,1270.7,17.79624,28.991035,27.498755,8.091765,2.53599,21.035,Training
155,0.076,2.5,20.48,77.03,9.48,1320.8,17.79624,28.991035,27.498755,8.091765,2.53599,21.035,Validation
156,0.046,2.5,20.48,77.03,10.2,1373.5,17.79624,28.991035,27.498755,8.091765,2.53599,21.035,Training
157,1.002,0.64,20.87,78.5,10.33,1115.0,11.06656,33.24736,36.64036,3.61921,4.4842,20.649,Training
158,0.692,0.64,20.87,78.5,10.84,1137.6,11.06656,33.24736,36.64036,3.61921,4.4842,20.649,Validation
159,0.624,0.64,20.87,78.5,9.81,1147.1,11.06656,33.24736,36.64036,3.61921,4.4842,20.649,Validation
160,0.524,0.64,20.87,78.5,9.26,1167.6,11.06656,33.24736,36.64036,3.61921,4.4842,20.649,Training
161,0.372,0.64,20.87,78.5,9.81,1190.0,11.06656,33.24736,36.64036,3.61921,4.4842,20.649,Validation
162,0.272,0.64,20.87,78.5,10.01,1230.4,11.06656,33.24736,36.64036,3.61921,4.4842,20.649,Training
164,0.118,0.64,20.87,78.5,9.94,1346.6,11.06656,33.24736,36.64036,3.61921,4.4842,20.649,Training
165,0.074,0.64,20.87,78.5,10.32,1420.7,11.06656,33.24736,36.64036,3.61921,4.4842,20.649,Training
166,0.036,0.64,20.87,78.5,10.3,1521.3,11.06656,33.24736,36.64036,3.61921,4.4842,20.649,Training
167,1.296,1.27,20.73,78.0,10.27,1060.9,11.06656,33.24736,36.64036,3.61921,4.4842,20.649,Validation
168,0.93,1.27,20.73,78.0,9.72,1086.8,11.06656,33.24736,36.64036,3.61921,4.4842,20.649,Training
169,0.71,1.27,20.73,78.0,10.13,1105.7,11.06656,33.24736,36.64036,3.61921,4.4842,20.649,Validation
170,0.408,1.27,20.73,78.0,10.31,1164.4,11.06656,33.24736,36.64036,3.61921,4.4842,20.649,Training
171,0.246,1.27,20.73,78.0,9.48,1221.8,11.06656,33.24736,36.64036,3.61921,4.4842,20.649,Training
172,0.116,1.27,20.73,78.0,10.24,1313.9,11.06656,33.24736,36.64036,3.61921,4.4842,20.649,Training
173,0.086,1.27,20.73,78.0,9.49,1367.3,11.06656,33.24736,36.64036,3.61921,4.4842,20.649,Training
174,0.054,1.27,20.73,78.0,9.88,1441.9,11.06656,33.24736,36.64036,3.61921,4.4842,20.649,Training
175,1.404,2.5,20.48,77.03,10.25,1039.5,11.06656,33.24736,36.64036,3.61921,4.4842,20.649,Training
177,0.446,2.5,20.48,77.03,10.77,1132.2,11.06656,33.24736,36.64036,3.61921,4.4842,20.649,Training
179,0.148,2.5,20.48,77.03,9.73,1285.1,11.06656,33.24736,36.64036,3.61921,4.4842,20.649,Training
180,0.07,2.5,20.48,77.03,9.82,1388.9,11.06656,33.24736,36.64036,3.61921,4.4842,20.649,Training
181,0.052,2.5,20.48,77.03,10.61,1437.0,11.06656,33.24736,36.64036,3.61921,4.4842,20.649,Training
182,0.04,2.5,20.48,77.03,10.56,1486.1,11.06656,33.24736,36.64036,3.61921,4.4842,20.649,Validation
183,1.17,0.64,20.87,78.5,9.85,1093.3,20.76559,28.82611,23.55078,4.31528,6.4803,21.421,Training
184,1.027,0.64,20.87,78.5,10.24,1111.0,20.76559,28.82611,23.55078,4.31528,6.4803,21.421,Validation
185,0.5,0.64,20.87,78.5,10.25,1161.9,20.76559,28.82611,23.55078,4.31528,6.4803,21.421,Training
187,0.25,0.64,20.87,78.5,10.01,1260.3,20.76559,28.82611,23.55078,4.31528,6.4803,21.421,Training
188,0.166,0.64,20.87,78.5,10.26,1315.4,20.76559,28.82611,23.55078,4.31528,6.4803,21.421,Validation
189,0.152,0.64,20.87,78.5,10.5,1328.8,20.76559,28.82611,23.55078,4.31528,6.4803,21.421,Training
191,0.069,0.64,20.87,78.5,9.59,1470.2,20.76559,28.82611,23.55078,4.31528,6.4803,21.421,Training
192,0.054,0.64,20.87,78.5,10.04,1502.8,20.76559,28.82611,23.55078,4.31528,6.4803,21.421,Validation
193,1.128,1.27,20.73,78.0,10.55,1072.3,20.76559,28.82611,23.55078,4.31528,6.4803,21.421,Training
194,0.835,1.27,20.73,78.0,9.84,1091.0,20.76559,28.82611,23.55078,4.31528,6.4803,21.421,Validation
195,0.464,1.27,20.73,78.0,10.12,1155.7,20.76559,28.82611,23.55078,4.31528,6.4803,21.421,Training
196,0.323,1.27,20.73,78.0,10.14,1207.1,20.76559,28.82611,23.55078,4.31528,6.4803,21.421,Training
197,0.222,1.27,20.73,78.0,10.02,1251.1,20.76559,28.82611,23.55078,4.31528,6.4803,21.421,Validation
198,0.16,1.27,20.73,78.0,10.03,1301.8,20.76559,28.82611,23.55078,4.31528,6.4803,21.421,Training
200,0.068,1.27,20.73,78.0,10.5,1431.9,20.76559,28.82611,23.55078,4.31528,6.4803,21.421,Training
201,0.044,1.27,20.73,78.0,10.24,1517.0,20.76559,28.82611,23.55078,4.31528,6.4803,21.421,Training
203,0.491,2.5,20.48,77.03,10.35,1114.9,20.76559,28.82611,23.55078,4.31528,6.4803,21.421,Training
204,0.399,2.5,20.48,77.03,9.98,1148.9,20.76559,28.82611,23.55078,4.31528,6.4803,21.421,Training
205,0.321,2.5,20.48,77.03,10.34,1165.2,20.76559,28.82611,23.55078,4.31528,6.4803,21.421,Validation
206,0.184,2.5,20.48,77.03,10.06,1253.3,20.76559,28.82611,23.55078,4.31528,6.4803,21.421,Training
207,0.107,2.5,20.48,77.03,9.8,1348.3,20.76559,28.82611,23.55078,4.31528,6.4803,21.421,Training
208,0.065,2.5,20.48,77.03,10.54,1443.5,20.76559,28.82611,23.55078,4.31528,6.4803,21.421,Validation
209,0.05,2.5,20.48,77.03,9.91,1493.8,20.76559,28.82611,23.55078,4.31528,6.4803,21.421,Training
210,1.462,0.61,20.87,78.52,2.77,1155.0,31.47275,20.64195,5.12337,15.45842,4.61387,20.07,Validation
211,1.278,0.61,20.87,78.52,2.84,1171.5,31.47275,20.64195,5.12337,15.45842,4.61387,20.07,Training
212,0.848,0.61,20.87,78.52,3.01,1202.1,31.47275,20.64195,5.12337,15.45842,4.61387,20.07,Validation
213,0.628,0.61,20.87,78.52,3.22,1237.6,31.47275,20.64195,5.12337,15.45842,4.61387,20.07,Training
214,0.372,0.61,20.87,78.52,3.02,1304.5,31.47275,20.64195,5.12337,15.45842,4.61387,20.07,Training
215,0.236,0.61,20.87,78.52,3.2,1339.3,31.47275,20.64195,5.12337,15.45842,4.61387,20.07,Validation
216,0.158,0.61,20.87,78.52,3.05,1411.6,31.47275,20.64195,5.12337,15.45842,4.61387,20.07,Training
217,0.114,0.61,20.87,78.52,3.01,1451.9,31.47275,20.64195,5.12337,15.45842,4.61387,20.07,Validation
218,0.073,0.61,20.87,78.52,3.06,1513.3,31.47275,20.64195,5.12337,15.45842,4.61387,20.07,Training
219,0.244,0.61,20.87,78.52,11.2,1261.3,31.47275,20.64195,5.12337,15.45842,4.61387,20.07,Training
220,0.298,0.61,20.87,78.52,10.67,1234.3,31.47275,20.64195,5.12337,15.45842,4.61387,20.07,Validation
221,0.176,0.61,20.87,78.52,10.01,1300.3,31.47275,20.64195,5.12337,15.45842,4.61387,20.07,Training
222,1.496,0.61,20.87,78.52,9.73,1087.5,31.47275,20.64195,5.12337,15.45842,4.61387,20.07,Training
223,0.774,0.61,20.87,78.52,8.79,1135.3,31.47275,20.64195,5.12337,15.45842,4.61387,20.07,Validation
224,0.09,0.61,20.87,78.52,9.89,1392.7,31.47275,20.64195,5.12337,15.45842,4.61387,20.07,Training
225,0.062,0.61,20.87,78.52,9.98,1448.9,31.47275,20.64195,5.12337,15.45842,4.61387,20.07,Training
226,0.704,0.61,20.87,78.52,9.3,1144.2,31.47275,20.64195,5.12337,15.45842,4.61387,20.07,Training
227,0.5,0.61,20.87,78.52,9.84,1172.0,31.47275,20.64195,5.12337,15.45842,4.61387,20.07,Validation
228,0.934,1.25,20.74,78.01,2.89,1181.0,31.47275,20.64195,5.12337,15.45842,4.61387,20.07,Validation
229,0.28,1.25,20.74,78.01,3.17,1331.5,31.47275,20.64195,5.12337,15.45842,4.61387,20.07,Training
230,0.106,1.25,20.74,78.01,3.32,1466.8,31.47275,20.64195,5.12337,15.45842,4.61387,20.07,Training
231,0.24,1.25,20.74,78.01,2.73,1342.5,31.47275,20.64195,5.12337,15.45842,4.61387,20.07,Validation
232,0.084,1.25,20.74,78.01,3.0,1499.3,31.47275,20.64195,5.12337,15.45842,4.61387,20.07,Validation
233,0.108,1.25,20.74,78.01,3.26,1455.1,31.47275,20.64195,5.12337,15.45842,4.61387,20.07,Validation
234,0.396,1.25,20.74,78.01,2.97,1293.7,31.47275,20.64195,5.12337,15.45842,4.61387,20.07,Validation
235,0.426,1.25,20.74,78.01,3.24,1282.5,31.47275,20.64195,5.12337,15.45842,4.61387,20.07,Training
236,0.724,1.25,20.74,78.01,3.13,1221.3,31.47275,20.64195,5.12337,15.45842,4.61387,20.07,Training
237,1.464,1.25,20.74,78.01,3.1,1156.0,31.47275,20.64195,5.12337,15.45842,4.61387,20.07,Training
238,0.188,1.25,20.74,78.01,2.92,1383.1,31.47275,20.64195,5.12337,15.45842,4.61387,20.07,Training
239,0.646,1.25,20.74,78.01,10.67,1130.2,31.47275,20.64195,5.12337,15.45842,4.61387,20.07,Validation
240,0.492,1.25,20.74,78.01,9.19,1158.2,31.47275,20.64195,5.12337,15.45842,4.61387,20.07,Training
241,1.438,1.25,20.74,78.01,10.38,1065.6,31.47275,20.64195,5.12337,15.45842,4.61387,20.07,Training
243,0.058,1.25,20.74,78.01,10.26,1416.4,31.47275,20.64195,5.12337,15.45842,4.61387,20.07,Training
244,0.3,1.25,20.74,78.01,10.05,1202.8,31.47275,20.64195,5.12337,15.45842,4.61387,20.07,Training
245,0.217,1.25,20.74,78.01,9.91,1245.2,31.47275,20.64195,5.12337,15.45842,4.61387,20.07,Validation
246,0.07,1.25,20.74,78.01,10.65,1389.2,31.47275,20.64195,5.12337,15.45842,4.61387,20.07,Validation
247,0.514,2.47,20.48,77.05,3.3,1248.5,31.47275,20.64195,5.12337,15.45842,4.61387,20.07,Training
248,1.418,2.47,20.48,77.05,3.27,1137.1,31.47275,20.64195,5.12337,15.45842,4.61387,20.07,Training
249,0.39,2.47,20.48,77.05,2.9,1281.7,31.47275,20.64195,5.12337,15.45842,4.61387,20.07,Validation
250,0.251,2.47,20.48,77.05,3.16,1328.5,31.47275,20.64195,5.12337,15.45842,4.61387,20.07,Training
251,0.166,2.47,20.48,77.05,2.97,1394.6,31.47275,20.64195,5.12337,15.45842,4.61387,20.07,Training
252,0.08,2.47,20.48,77.05,3.11,1474.3,31.47275,20.64195,5.12337,15.45842,4.61387,20.07,Training
253,0.643,2.47,20.48,77.05,3.09,1214.1,31.47275,20.64195,5.12337,15.45842,4.61387,20.07,Training
254,0.81,2.47,20.48,77.05,2.92,1187.0,31.47275,20.64195,5.12337,15.45842,4.61387,20.07,Validation
255,0.346,2.47,20.48,77.05,9.43,1171.8,31.47275,20.64195,5.12337,15.45842,4.61387,20.07,Training
256,0.482,2.47,20.48,77.05,10.97,1115.8,31.47275,20.64195,5.12337,15.45842,4.61387,20.07,Training
258,0.166,2.47,20.48,77.05,10.85,1241.1,31.47275,20.64195,5.12337,15.45842,4.61387,20.07,Training
259,0.056,2.47,20.48,77.05,10.22,1392.9,31.47275,20.64195,5.12337,15.45842,4.61387,20.07,Training
260,0.084,2.47,20.48,77.05,10.54,1329.8,31.47275,20.64195,5.12337,15.45842,4.61387,20.07,Training
261,0.278,2.47,20.48,77.05,10.2,1209.5,31.47275,20.64195,5.12337,15.45842,4.61387,20.07,Validation
262,1.519,0.64,20.86,78.5,2.95,1141.1,84.94848,0.99754,0.09832,0.00683,0.0,24.82,Training
264,0.51,0.64,20.86,78.5,3.05,1259.3,84.94848,0.99754,0.09832,0.00683,0.0,24.82,Training
265,0.259,0.64,20.86,78.5,2.98,1320.9,84.94848,0.99754,0.09832,0.00683,0.0,24.82,Training
266,0.138,0.64,20.86,78.5,3.04,1409.0,84.94848,0.99754,0.09832,0.00683,0.0,24.82,Training
267,0.071,0.64,20.86,78.5,2.9,1475.0,84.94848,0.99754,0.09832,0.00683,0.0,24.82,Training
268,1.54,0.64,20.86,78.5,10.03,1081.3,84.94848,0.99754,0.09832,0.00683,0.0,24.82,Training
269,0.985,0.64,20.86,78.5,9.57,1128.9,84.94848,0.99754,0.09832,0.00683,0.0,24.82,Validation
270,0.497,0.64,20.86,78.5,9.85,1192.5,84.94848,0.99754,0.09832,0.00683,0.0,24.82,Training
271,0.27,0.64,20.86,78.5,10.35,1248.8,84.94848,0.99754,0.09832,0.00683,0.0,24.82,Validation
272,0.222,0.64,20.86,78.5,10.29,1276.1,84.94848,0.99754,0.09832,0.00683,0.0,24.82,Training
273,0.145,0.64,20.86,78.5,10.43,1324.4,84.94848,0.99754,0.09832,0.00683,0.0,24.82,Validation
274,0.093,0.64,20.86,78.5,9.7,1380.2,84.94848,0.99754,0.09832,0.00683,0.0,24.82,Training
275,0.068,0.64,20.86,78.5,9.84,1439.1,84.94848,0.99754,0.09832,0.00683,0.0,24.82,Training
276,1.18,1.27,20.73,78.0,3.02,1173.0,84.94848,0.99754,0.09832,0.00683,0.0,24.82,Validation
277,0.997,1.27,20.73,78.0,2.94,1189.2,84.94848,0.99754,0.09832,0.00683,0.0,24.82,Training
278,0.655,1.27,20.73,78.0,3.02,1224.0,84.94848,0.99754,0.09832,0.00683,0.0,24.82,Validation
279,0.326,1.27,20.73,78.0,2.94,1288.8,84.94848,0.99754,0.09832,0.00683,0.0,24.82,Training
280,0.207,1.27,20.73,78.0,3.04,1356.9,84.94848,0.99754,0.09832,0.00683,0.0,24.82,Training
281,0.124,1.27,20.73,78.0,3.04,1408.3,84.94848,0.99754,0.09832,0.00683,0.0,24.82,Training
282,0.06,1.27,20.73,78.0,3.0,1499.8,84.94848,0.99754,0.09832,0.00683,0.0,24.82,Training
283,1.18,1.27,20.73,78.0,9.91,1096.4,84.94848,0.99754,0.09832,0.00683,0.0,24.82,Training
285,0.38,1.27,20.73,78.0,9.86,1192.8,84.94848,0.99754,0.09832,0.00683,0.0,24.82,Training
286,0.226,1.27,20.73,78.0,9.98,1248.9,84.94848,0.99754,0.09832,0.00683,0.0,24.82,Training
287,0.17,1.27,20.73,78.0,9.99,1299.2,84.94848,0.99754,0.09832,0.00683,0.0,24.82,Training
288,0.099,1.27,20.73,78.0,10.2,1361.5,84.94848,0.99754,0.09832,0.00683,0.0,24.82,Training
289,0.065,1.27,20.73,78.0,10.06,1423.7,84.94848,0.99754,0.09832,0.00683,0.0,24.82,Training
290,1.47,2.5,20.48,77.02,2.96,1143.8,84.94848,0.99754,0.09832,0.00683,0.0,24.82,Training
291,0.974,2.5,20.48,77.02,2.91,1186.2,84.94848,0.99754,0.09832,0.00683,0.0,24.82,Validation
292,0.49,2.5,20.48,77.02,3.04,1257.0,84.94848,0.99754,0.09832,0.00683,0.0,24.82,Training
293,0.299,2.5,20.48,77.02,2.96,1313.4,84.94848,0.99754,0.09832,0.00683,0.0,24.82,Training
295,0.13,2.5,20.48,77.02,2.88,1414.1,84.94848,0.99754,0.09832,0.00683,0.0,24.82,Training
296,0.072,2.5,20.48,77.02,2.97,1494.4,84.94848,0.99754,0.09832,0.00683,0.0,24.82,Training
298,0.783,2.5,20.48,77.02,10.08,1103.4,84.94848,0.99754,0.09832,0.00683,0.0,24.82,Training
300,0.245,2.5,20.48,77.02,10.19,1224.4,84.94848,0.99754,0.09832,0.00683,0.0,24.82,Training
301,0.18,2.5,20.48,77.02,9.98,1268.7,84.94848,0.99754,0.09832,0.00683,0.0,24.82,Validation
302,0.12,2.5,20.48,77.02,10.44,1323.9,84.94848,0.99754,0.09832,0.00683,0.0,24.82,Training
303,0.064,2.5,20.48,77.02,10.32,1419.0,84.94848,0.99754,0.09832,0.00683,0.0,24.82,Training
304,1.5,0.64,20.86,78.5,10.01,1100.6,45.76681263,15.39099921,3.780174135,11.32820999,3.380582549,21.29,Training
305,0.734,0.64,20.86,78.5,9.92,1146.0,45.76681263,15.39099921,3.780174135,11.32820999,3.380582549,21.29,Validation
307,0.226,0.64,20.86,78.5,10.18,1269.8,45.76681263,15.39099921,3.780174135,11.32820999,3.380582549,21.29,Validation
308,0.152,0.64,20.86,78.5,10.26,1314.7,45.76681263,15.39099921,3.780174135,11.32820999,3.380582549,21.29,Training
309,0.101,0.64,20.86,78.5,9.59,1373.2,45.76681263,15.39099921,3.780174135,11.32820999,3.380582549,21.29,Training
310,0.062,0.64,20.86,78.5,10.49,1431.3,45.76681263,15.39099921,3.780174135,11.32820999,3.380582549,21.29,Validation
311,0.048,0.64,20.86,78.5,10.33,1473.0,45.76681263,15.39099921,3.780174135,11.32820999,3.380582549,21.29,Training
312,1.296,1.27,20.73,78.0,9.91,1076.0,45.76681263,15.39099921,3.780174135,11.32820999,3.380582549,21.29,Training
313,0.94,1.27,20.73,78.0,10.19,1109.3,45.76681263,15.39099921,3.780174135,11.32820999,3.380582549,21.29,Training
314,0.54,1.27,20.73,78.0,9.99,1139.6,45.76681263,15.39099921,3.780174135,11.32820999,3.380582549,21.29,Validation
315,0.302,1.27,20.73,78.0,10.18,1208.8,45.76681263,15.39099921,3.780174135,11.32820999,3.380582549,21.29,Training
316,0.174,1.27,20.73,78.0,9.52,1272.5,45.76681263,15.39099921,3.780174135,11.32820999,3.380582549,21.29,Training
317,0.082,1.27,20.73,78.0,10.38,1357.2,45.76681263,15.39099921,3.780174135,11.32820999,3.380582549,21.29,Training
320,9.57,2.5,20.48,77.02,9.57,1130.5,45.76681263,15.39099921,3.780174135,11.32820999,3.380582549,21.29,Training
321,9.99,2.5,20.48,77.02,9.99,1199.8,45.76681263,15.39099921,3.780174135,11.32820999,3.380582549,21.29,Training
322,10.14,2.5,20.48,77.02,10.14,1257.0,45.76681263,15.39099921,3.780174135,11.32820999,3.380582549,21.29,Training
324,9.97,2.5,20.48,77.02,9.97,1398.1,45.76681263,15.39099921,3.780174135,11.32820999,3.380582549,21.29,Training
325,10.05,2.5,20.48,77.02,10.05,1453.3,45.76681263,15.39099921,3.780174135,11.32820999,3.380582549,21.29,Training
326,1.339,0.64,20.87,78.5,9.97,1098.5,82.1971,1.97005,0.60098,0.07964,0.0,28.93,Training
327,0.959,0.64,20.87,78.5,10.5,1122.4,82.1971,1.97005,0.60098,0.07964,0.0,28.93,Validation
328,0.616,0.64,20.87,78.5,9.29,1163.0,82.1971,1.97005,0.60098,0.07964,0.0,28.93,Training
330,0.104,0.64,20.87,78.5,10.18,1360.7,82.1971,1.97005,0.60098,0.07964,0.0,28.93,Training
331,0.064,0.64,20.87,78.5,9.68,1477.3,82.1971,1.97005,0.60098,0.07964,0.0,28.93,Training
332,1.288,1.27,20.73,78.0,9.43,1074.3,82.1971,1.97005,0.60098,0.07964,0.0,28.93,Training
333,0.548,1.27,20.73,78.0,10.01,1150.4,82.1971,1.97005,0.60098,0.07964,0.0,28.93,Training
334,0.344,1.27,20.73,78.0,10.27,1213.6,82.1971,1.97005,0.60098,0.07964,0.0,28.93,Training
335,0.174,1.27,20.73,78.0,9.92,1295.5,82.1971,1.97005,0.60098,0.07964,0.0,28.93,Training
336,0.089,1.27,20.73,78.0,10.08,1405.1,82.1971,1.97005,0.60098,0.07964,0.0,28.93,Training
337,0.053,1.27,20.73,78.0,9.91,1493.3,82.1971,1.97005,0.60098,0.07964,0.0,28.93,Training
338,1.215,2.5,20.48,77.03,10.18,1067.0,82.1971,1.97005,0.60098,0.07964,0.0,28.93,Training
340,0.266,2.5,20.48,77.03,10.12,1205.5,82.1971,1.97005,0.60098,0.07964,0.0,28.93,Training
341,0.119,2.5,20.48,77.03,10.12,1306.5,82.1971,1.97005,0.60098,0.07964,0.0,28.93,Training
342,0.04,2.5,20.48,77.03,9.85,1470.2,82.1971,1.97005,0.60098,0.07964,0.0,28.93,Training
343,0.054,2.5,20.48,77.03,9.69,1449.5,82.1971,1.97005,0.60098,0.07964,0.0,28.93,Validation
344,1.592,0.64,20.87,78.5,9.71,1086.7,67.81749,6.32087,2.44894,4.1087,1.47231,26.77,Training
345,0.754,0.64,20.87,78.5,9.77,1138.8,67.81749,6.32087,2.44894,4.1087,1.47231,26.77,Training
346,0.504,0.64,20.87,78.5,9.55,1176.8,67.81749,6.32087,2.44894,4.1087,1.47231,26.77,Validation
347,0.298,0.64,20.87,78.5,9.7,1233.2,67.81749,6.32087,2.44894,4.1087,1.47231,26.77,Training
348,0.104,0.64,20.87,78.5,9.69,1330.9,67.81749,6.32087,2.44894,4.1087,1.47231,26.77,Training
349,0.072,0.64,20.87,78.5,9.82,1388.7,67.81749,6.32087,2.44894,4.1087,1.47231,26.77,Training
350,0.053,0.64,20.87,78.5,9.74,1432.2,67.81749,6.32087,2.44894,4.1087,1.47231,26.77,Validation
351,1.572,1.27,20.73,78.0,10.41,1066.5,67.81749,6.32087,2.44894,4.1087,1.47231,26.77,Validation
352,0.818,1.27,20.73,78.0,9.72,1112.2,67.81749,6.32087,2.44894,4.1087,1.47231,26.77,Training
353,0.37,1.27,20.73,78.0,9.74,1187.0,67.81749,6.32087,2.44894,4.1087,1.47231,26.77,Training
354,0.134,1.27,20.73,78.0,9.8,1288.6,67.81749,6.32087,2.44894,4.1087,1.47231,26.77,Training
355,0.055,1.27,20.73,78.0,9.82,1388.8,67.81749,6.32087,2.44894,4.1087,1.47231,26.77,Training
356,1.802,2.5,20.48,77.03,10.27,1060.5,67.81749,6.32087,2.44894,4.1087,1.47231,26.77,Validation
357,0.902,2.5,20.48,77.03,10.16,1106.8,67.81749,6.32087,2.44894,4.1087,1.47231,26.77,Training
358,0.354,2.5,20.48,77.03,9.92,1195.9,67.81749,6.32087,2.44894,4.1087,1.47231,26.77,Training
359,0.242,2.5,20.48,77.03,9.93,1256.5,67.81749,6.32087,2.44894,4.1087,1.47231,26.77,Training
360,0.124,2.5,20.48,77.03,10.56,1329.9,67.81749,6.32087,2.44894,4.1087,1.47231,26.77,Training
362,7.565,0.346,20.94,78.72,21.1,892.0,29.0,25.0,7.0,16.0,3.0,19.91,Training
363,6.863,0.346,20.94,78.72,20.8,897.0,29.0,25.0,7.0,16.0,3.0,19.91,Validation
364,5.966,0.346,20.94,78.72,20.3,920.0,29.0,25.0,7.0,16.0,3.0,19.91,Training
365,4.608,0.346,20.94,78.72,18.9,924.0,29.0,25.0,7.0,16.0,3.0,19.91,Validation
367,2.19,0.346,20.94,78.72,21.5,979.0,29.0,25.0,7.0,16.0,3.0,19.91,Validation
368,1.525,0.346,20.94,78.72,21.3,1016.0,29.0,25.0,7.0,16.0,3.0,19.91,Training
369,1.067,0.346,20.94,78.72,18.7,1041.0,29.0,25.0,7.0,16.0,3.0,19.91,Training
370,1.094,0.346,20.94,78.72,22.3,1055.0,29.0,25.0,7.0,16.0,3.0,19.91,Validation
371,0.823,0.346,20.94,78.72,21.1,1080.0,29.0,25.0,7.0,16.0,3.0,19.91,Training
372,0.619,0.346,20.94,78.72,20.4,1092.0,29.0,25.0,7.0,16.0,3.0,19.91,Validation
373,0.575,0.346,20.94,78.72,21.9,1127.0,29.0,25.0,7.0,16.0,3.0,19.91,Validation
374,0.45,0.346,20.94,78.72,20.7,1133.0,29.0,25.0,7.0,16.0,3.0,19.91,Training
375,0.272,0.346,20.94,78.72,20.9,1179.0,29.0,25.0,7.0,16.0,3.0,19.91,Training
376,0.153,0.346,20.94,78.72,21.1,1230.0,29.0,25.0,7.0,16.0,3.0,19.91,Training
378,0.075,0.346,20.94,78.72,20.5,1305.0,29.0,25.0,7.0,16.0,3.0,19.91,Training
379,4.921,0.689,20.86,78.45,20.6,707.0,29.0,25.0,7.0,16.0,3.0,19.91,Validation
380,3.035,0.689,20.86,78.45,20.8,743.0,29.0,25.0,7.0,16.0,3.0,19.91,Training
382,2.941,0.689,20.86,78.45,21.4,830.0,29.0,25.0,7.0,16.0,3.0,19.91,Validation
383,3.358,0.689,20.86,78.45,21.6,854.0,29.0,25.0,7.0,16.0,3.0,19.91,Training
384,3.202,0.689,20.86,78.45,18.3,879.0,29.0,25.0,7.0,16.0,3.0,19.91,Training
385,2.347,0.689,20.86,78.45,21.0,930.0,29.0,25.0,7.0,16.0,3.0,19.91,Training
386,2.165,0.689,20.86,78.45,20.1,950.0,29.0,25.0,7.0,16.0,3.0,19.91,Validation
387,1.239,0.689,20.86,78.45,18.5,995.0,29.0,25.0,7.0,16.0,3.0,19.91,Training
389,0.997,0.689,20.86,78.45,17.5,1031.0,29.0,25.0,7.0,16.0,3.0,19.91,Validation
390,0.863,0.689,20.86,78.45,20.1,1049.0,29.0,25.0,7.0,16.0,3.0,19.91,Validation
392,0.609,0.689,20.86,78.45,20.8,1083.0,29.0,25.0,7.0,16.0,3.0,19.91,Validation
393,0.37,0.689,20.86,78.45,20.2,1113.0,29.0,25.0,7.0,16.0,3.0,19.91,Validation
394,0.298,0.689,20.86,78.45,20.3,1125.0,29.0,25.0,7.0,16.0,3.0,19.91,Training
395,0.196,0.689,20.86,78.45,21.0,1160.0,29.0,25.0,7.0,16.0,3.0,19.91,Validation
397,0.156,0.689,20.86,78.45,22.5,1182.0,29.0,25.0,7.0,16.0,3.0,19.91,Training
399,0.107,0.689,20.86,78.45,20.5,1215.0,29.0,25.0,7.0,16.0,3.0,19.91,Training
400,0.069,0.689,20.86,78.45,21.8,1263.0,29.0,25.0,7.0,16.0,3.0,19.91,Training
402,0.056,0.689,20.86,78.45,21.4,1304.0,29.0,25.0,7.0,16.0,3.0,19.91,Validation
403,9.648,1.368,20.72,77.91,8.0,848.0,29.0,25.0,7.0,16.0,3.0,19.91,Training
404,7.204,1.368,20.72,77.91,7.7,866.0,29.0,25.0,7.0,16.0,3.0,19.91,Validation
405,5.388,1.368,20.72,77.91,8.3,906.0,29.0,25.0,7.0,16.0,3.0,19.91,Training
406,5.07,1.368,20.72,77.91,8.8,907.0,29.0,25.0,7.0,16.0,3.0,19.91,Validation
407,3.564,1.368,20.72,77.91,8.4,949.0,29.0,25.0,7.0,16.0,3.0,19.91,Validation
408,2.486,1.368,20.72,77.91,8.4,968.0,29.0,25.0,7.0,16.0,3.0,19.91,Training
409,2.545,1.368,20.72,77.91,8.3,983.0,29.0,25.0,7.0,16.0,3.0,19.91,Validation
410,1.921,1.368,20.72,77.91,8.4,1003.0,29.0,25.0,7.0,16.0,3.0,19.91,Validation
411,1.811,1.368,20.72,77.91,8.1,1018.0,29.0,25.0,7.0,16.0,3.0,19.91,Training
412,1.616,1.368,20.72,77.91,7.9,1022.0,29.0,25.0,7.0,16.0,3.0,19.91,Validation
413,0.877,1.368,20.72,77.91,8.3,1052.0,29.0,25.0,7.0,16.0,3.0,19.91,Validation
414,0.617,1.368,20.72,77.91,8.0,1089.0,29.0,25.0,7.0,16.0,3.0,19.91,Validation
415,0.538,1.368,20.72,77.91,7.8,1097.0,29.0,25.0,7.0,16.0,3.0,19.91,Validation
416,0.709,1.368,20.72,77.91,6.7,1099.0,29.0,25.0,7.0,16.0,3.0,19.91,Training
417,0.371,1.368,20.72,77.91,6.1,1143.0,29.0,25.0,7.0,16.0,3.0,19.91,Validation
419,0.118,1.368,20.72,77.91,8.3,1270.0,29.0,25.0,7.0,16.0,3.0,19.91,Validation
420,0.07,1.368,20.72,77.91,8.3,1327.0,29.0,25.0,7.0,16.0,3.0,19.91,Validation
421,0.041,1.368,20.72,77.91,8.2,1381.0,29.0,25.0,7.0,16.0,3.0,19.91,Training
422,5.617,1.368,20.72,77.91,12.7,744.0,29.0,25.0,7.0,16.0,3.0,19.91,Validation
423,5.43,1.368,20.72,77.91,11.3,754.0,29.0,25.0,7.0,16.0,3.0,19.91,Training
424,6.762,1.368,20.72,77.91,10.7,792.0,29.0,25.0,7.0,16.0,3.0,19.91,Training
426,4.261,1.368,20.72,77.91,10.1,866.0,29.0,25.0,7.0,16.0,3.0,19.91,Training
427,2.803,1.368,20.72,77.91,11.5,904.0,29.0,25.0,7.0,16.0,3.0,19.91,Training
428,3.104,1.368,20.72,77.91,10.4,905.0,29.0,25.0,7.0,16.0,3.0,19.91,Validation
430,1.668,1.368,20.72,77.91,12.0,978.0,29.0,25.0,7.0,16.0,3.0,19.91,Validation
431,1.751,1.368,20.72,77.91,10.1,987.0,29.0,25.0,7.0,16.0,3.0,19.91,Validation
432,1.169,1.368,20.72,77.91,11.6,1021.0,29.0,25.0,7.0,16.0,3.0,19.91,Training
433,1.054,1.368,20.72,77.91,12.1,1032.0,29.0,25.0,7.0,16.0,3.0,19.91,Validation
434,0.818,1.368,20.72,77.91,11.5,1046.0,29.0,25.0,7.0,16.0,3.0,19.91,Validation
435,0.559,1.368,20.72,77.91,11.2,1077.0,29.0,25.0,7.0,16.0,3.0,19.91,Training
436,0.298,1.368,20.72,77.91,10.6,1136.0,29.0,25.0,7.0,16.0,3.0,19.91,Training
437,0.246,1.368,20.72,77.91,10.3,1154.0,29.0,25.0,7.0,16.0,3.0,19.91,Validation
438,0.151,1.368,20.72,77.91,9.6,1210.0,29.0,25.0,7.0,16.0,3.0,19.91,Validation
439,0.11,1.368,20.72,77.91,9.0,1240.0,29.0,25.0,7.0,16.0,3.0,19.91,Training
440,0.052,1.368,20.72,77.91,9.0,1313.0,29.0,25.0,7.0,16.0,3.0,19.91,Training
441,8.974,1.368,20.72,77.91,20.8,674.0,29.0,25.0,7.0,16.0,3.0,19.91,Validation
442,6.703,1.368,20.72,77.91,21.8,680.0,29.0,25.0,7.0,16.0,3.0,19.91,Validation
443,5.821,1.368,20.72,77.91,21.3,681.0,29.0,25.0,7.0,16.0,3.0,19.91,Training
444,3.887,1.368,20.72,77.91,23.5,700.0,29.0,25.0,7.0,16.0,3.0,19.91,Validation
445,4.216,1.368,20.72,77.91,23.7,703.0,29.0,25.0,7.0,16.0,3.0,19.91,Training
446,3.204,1.368,20.72,77.91,23.4,704.0,29.0,25.0,7.0,16.0,3.0,19.91,Validation
447,2.737,1.368,20.72,77.91,24.3,717.0,29.0,25.0,7.0,16.0,3.0,19.91,Validation
449,1.871,1.368,20.72,77.91,23.7,737.0,29.0,25.0,7.0,16.0,3.0,19.91,Validation
451,1.894,1.368,20.72,77.91,20.8,753.0,29.0,25.0,7.0,16.0,3.0,19.91,Validation
452,1.788,1.368,20.72,77.91,21.2,755.0,29.0,25.0,7.0,16.0,3.0,19.91,Training
453,1.757,1.368,20.72,77.91,20.5,757.0,29.0,25.0,7.0,16.0,3.0,19.91,Validation
454,1.618,1.368,20.72,77.91,23.0,797.0,29.0,25.0,7.0,16.0,3.0,19.91,Validation
455,1.618,1.368,20.72,77.91,24.8,797.0,29.0,25.0,7.0,16.0,3.0,19.91,Validation
456,1.616,1.368,20.72,77.91,21.5,802.0,29.0,25.0,7.0,16.0,3.0,19.91,Training
457,1.625,1.368,20.72,77.91,23.2,803.0,29.0,25.0,7.0,16.0,3.0,19.91,Training
459,2.102,1.368,20.72,77.91,19.1,820.0,29.0,25.0,7.0,16.0,3.0,19.91,Validation
460,1.896,1.368,20.72,77.91,21.2,826.0,29.0,25.0,7.0,16.0,3.0,19.91,Validation
461,1.789,1.368,20.72,77.91,21.7,831.0,29.0,25.0,7.0,16.0,3.0,19.91,Validation
462,2.038,1.368,20.72,77.91,20.5,836.0,29.0,25.0,7.0,16.0,3.0,19.91,Validation
463,2.138,1.368,20.72,77.91,20.9,845.0,29.0,25.0,7.0,16.0,3.0,19.91,Validation
464,2.059,1.368,20.72,77.91,21.2,849.0,29.0,25.0,7.0,16.0,3.0,19.91,Training
465,1.897,1.368,20.72,77.91,22.1,849.0,29.0,25.0,7.0,16.0,3.0,19.91,Validation
467,1.843,1.368,20.72,77.91,22.8,871.0,29.0,25.0,7.0,16.0,3.0,19.91,Validation
468,2.032,1.368,20.72,77.91,21.6,882.0,29.0,25.0,7.0,16.0,3.0,19.91,Training
469,2.031,1.368,20.72,77.91,21.5,904.0,29.0,25.0,7.0,16.0,3.0,19.91,Validation
470,1.749,1.368,20.72,77.91,20.9,931.0,29.0,25.0,7.0,16.0,3.0,19.91,Validation
471,1.675,1.368,20.72,77.91,22.7,940.0,29.0,25.0,7.0,16.0,3.0,19.91,Validation
472,1.354,1.368,20.72,77.91,21.1,955.0,29.0,25.0,7.0,16.0,3.0,19.91,Training
473,1.236,1.368,20.72,77.91,21.7,973.0,29.0,25.0,7.0,16.0,3.0,19.91,Validation
474,1.14,1.368,20.72,77.91,19.9,984.0,29.0,25.0,7.0,16.0,3.0,19.91,Validation
475,1.05,1.368,20.72,77.91,18.9,991.0,29.0,25.0,7.0,16.0,3.0,19.91,Training
476,0.816,1.368,20.72,77.91,19.2,1025.0,29.0,25.0,7.0,16.0,3.0,19.91,Validation
477,0.706,1.368,20.72,77.91,16.7,1043.0,29.0,25.0,7.0,16.0,3.0,19.91,Training
478,0.563,1.368,20.72,77.91,21.6,1046.0,29.0,25.0,7.0,16.0,3.0,19.91,Training
479,0.458,1.368,20.72,77.91,21.0,1050.0,29.0,25.0,7.0,16.0,3.0,19.91,Validation
481,0.375,1.368,20.72,77.91,19.1,1083.0,29.0,25.0,7.0,16.0,3.0,19.91,Validation
483,0.355,1.368,20.72,77.91,16.9,1100.0,29.0,25.0,7.0,16.0,3.0,19.91,Validation
485,0.249,1.368,20.72,77.91,18.1,1109.0,29.0,25.0,7.0,16.0,3.0,19.91,Training
486,0.225,1.368,20.72,77.91,17.7,1117.0,29.0,25.0,7.0,16.0,3.0,19.91,Validation
487,0.185,1.368,20.72,77.91,19.2,1126.0,29.0,25.0,7.0,16.0,3.0,19.91,Validation
488,0.181,1.368,20.72,77.91,18.7,1138.0,29.0,25.0,7.0,16.0,3.0,19.91,Validation
489,0.176,1.368,20.72,77.91,18.1,1143.0,29.0,25.0,7.0,16.0,3.0,19.91,Training
490,0.184,1.368,20.72,77.91,17.2,1145.0,29.0,25.0,7.0,16.0,3.0,19.91,Validation
491,0.104,1.368,20.72,77.91,18.1,1177.0,29.0,25.0,7.0,16.0,3.0,19.91,Validation
492,0.116,1.368,20.72,77.91,16.3,1187.0,29.0,25.0,7.0,16.0,3.0,19.91,Validation
493,0.095,1.368,20.72,77.91,16.5,1197.0,29.0,25.0,7.0,16.0,3.0,19.91,Training
494,0.077,1.368,20.72,77.91,16.8,1222.0,29.0,25.0,7.0,16.0,3.0,19.91,Validation
495,1.885,1.368,20.72,77.91,36.6,741.0,29.0,25.0,7.0,16.0,3.0,19.91,Training
496,1.707,1.368,20.72,77.91,40.3,763.0,29.0,25.0,7.0,16.0,3.0,19.91,Training
498,1.661,1.368,20.72,77.91,36.0,832.0,29.0,25.0,7.0,16.0,3.0,19.91,Validation
499,1.727,1.368,20.72,77.91,40.1,848.0,29.0,25.0,7.0,16.0,3.0,19.91,Training
500,1.423,1.368,20.72,77.91,36.9,852.0,29.0,25.0,7.0,16.0,3.0,19.91,Training
501,1.423,1.368,20.72,77.91,36.9,854.0,29.0,25.0,7.0,16.0,3.0,19.91,Validation
502,1.824,1.368,20.72,77.91,35.7,855.0,29.0,25.0,7.0,16.0,3.0,19.91,Validation
503,1.55,1.368,20.72,77.91,39.3,888.0,29.0,25.0,7.0,16.0,3.0,19.91,Training
504,1.64,1.368,20.72,77.91,38.1,896.0,29.0,25.0,7.0,16.0,3.0,19.91,Validation
505,1.689,1.368,20.72,77.91,34.5,904.0,29.0,25.0,7.0,16.0,3.0,19.91,Training
506,1.483,1.368,20.72,77.91,39.9,916.0,29.0,25.0,7.0,16.0,3.0,19.91,Validation
507,1.192,1.368,20.72,77.91,36.5,945.0,29.0,25.0,7.0,16.0,3.0,19.91,Training
508,0.819,1.368,20.72,77.91,41.1,964.0,29.0,25.0,7.0,16.0,3.0,19.91,Validation
509,0.821,1.368,20.72,77.91,40.2,978.0,29.0,25.0,7.0,16.0,3.0,19.91,Training
510,0.542,1.368,20.72,77.91,38.8,1007.0,29.0,25.0,7.0,16.0,3.0,19.91,Validation
511,0.689,1.368,20.72,77.91,40.3,1008.0,29.0,25.0,7.0,16.0,3.0,19.91,Validation
512,0.462,1.368,20.72,77.91,38.8,1021.0,29.0,25.0,7.0,16.0,3.0,19.91,Training
513,0.456,1.368,20.72,77.91,38.6,1030.0,29.0,25.0,7.0,16.0,3.0,19.91,Validation
516,0.169,1.368,20.72,77.91,40.2,1103.0,29.0,25.0,7.0,16.0,3.0,19.91,Training
517,0.107,1.368,20.72,77.91,39.6,1132.0,29.0,25.0,7.0,16.0,3.0,19.91,Validation
518,0.092,1.368,20.72,77.91,40.3,1161.0,29.0,25.0,7.0,16.0,3.0,19.91,Training
519,0.079,1.368,20.72,77.91,40.9,1162.0,29.0,25.0,7.0,16.0,3.0,19.91,Validation
520,0.096,1.368,20.72,77.91,38.7,1163.0,29.0,25.0,7.0,16.0,3.0,19.91,Validation
521,0.04,1.368,20.72,77.91,40.9,1224.0,29.0,25.0,7.0,16.0,3.0,19.91,Training
522,0.038,1.368,20.72,77.91,38.8,1229.0,29.0,25.0,7.0,16.0,3.0,19.91,Validation
524,6.77,2.038,20.58,77.38,20.0,670.0,29.0,25.0,7.0,16.0,3.0,19.91,Validation
525,5.285,2.038,20.58,77.38,20.1,672.0,29.0,25.0,7.0,16.0,3.0,19.91,Training
526,3.656,2.038,20.58,77.38,21.1,684.0,29.0,25.0,7.0,16.0,3.0,19.91,Validation
527,2.811,2.038,20.58,77.38,18.8,701.0,29.0,25.0,7.0,16.0,3.0,19.91,Training
528,2.528,2.038,20.58,77.38,23.0,706.0,29.0,25.0,7.0,16.0,3.0,19.91,Training
529,2.331,2.038,20.58,77.38,23.5,710.0,29.0,25.0,7.0,16.0,3.0,19.91,Validation
530,1.72,2.038,20.58,77.38,19.7,717.0,29.0,25.0,7.0,16.0,3.0,19.91,Validation
533,1.832,2.038,20.58,77.38,19.6,759.0,29.0,25.0,7.0,16.0,3.0,19.91,Training
534,1.481,2.038,20.58,77.38,20.6,774.0,29.0,25.0,7.0,16.0,3.0,19.91,Validation
535,1.678,2.038,20.58,77.38,21.0,810.0,29.0,25.0,7.0,16.0,3.0,19.91,Validation
536,1.651,2.038,20.58,77.38,18.4,813.0,29.0,25.0,7.0,16.0,3.0,19.91,Validation
537,2.052,2.038,20.58,77.38,19.6,832.0,29.0,25.0,7.0,16.0,3.0,19.91,Training
538,1.761,2.038,20.58,77.38,19.1,837.0,29.0,25.0,7.0,16.0,3.0,19.91,Validation
540,1.655,2.038,20.58,77.38,22.2,880.0,29.0,25.0,7.0,16.0,3.0,19.91,Validation
542,1.931,2.038,20.58,77.38,20.4,901.0,29.0,25.0,7.0,16.0,3.0,19.91,Training
543,1.612,2.038,20.58,77.38,20.5,910.0,29.0,25.0,7.0,16.0,3.0,19.91,Validation
544,1.024,2.038,20.58,77.38,20.2,972.0,29.0,25.0,7.0,16.0,3.0,19.91,Training
545,0.816,2.038,20.58,77.38,23.2,989.0,29.0,25.0,7.0,16.0,3.0,19.91,Validation
546,0.756,2.038,20.58,77.38,18.9,1004.0,29.0,25.0,7.0,16.0,3.0,19.91,Validation
547,0.628,2.038,20.58,77.38,21.2,1014.0,29.0,25.0,7.0,16.0,3.0,19.91,Validation
548,0.522,2.038,20.58,77.38,21.7,1014.0,29.0,25.0,7.0,16.0,3.0,19.91,Training
549,0.524,2.038,20.58,77.38,20.9,1020.0,29.0,25.0,7.0,16.0,3.0,19.91,Validation
550,0.541,2.038,20.58,77.38,20.4,1021.0,29.0,25.0,7.0,16.0,3.0,19.91,Validation
551,0.371,2.038,20.58,77.38,22.4,1049.0,29.0,25.0,7.0,16.0,3.0,19.91,Validation
552,0.279,2.038,20.58,77.38,21.9,1075.0,29.0,25.0,7.0,16.0,3.0,19.91,Training
553,0.291,2.038,20.58,77.38,22.3,1088.0,29.0,25.0,7.0,16.0,3.0,19.91,Validation
554,0.243,2.038,20.58,77.38,21.9,1101.0,29.0,25.0,7.0,16.0,3.0,19.91,Validation
555,0.14,2.038,20.58,77.38,23.4,1121.0,29.0,25.0,7.0,16.0,3.0,19.91,Training
556,0.13,2.038,20.58,77.38,20.5,1142.0,29.0,25.0,7.0,16.0,3.0,19.91,Validation
557,0.155,2.038,20.58,77.38,18.9,1132.0,29.0,25.0,7.0,16.0,3.0,19.91,Validation
558,0.119,2.038,20.58,77.38,20.3,1157.0,29.0,25.0,7.0,16.0,3.0,19.91,Training
559,0.114,2.038,20.58,77.38,19.9,1160.0,29.0,25.0,7.0,16.0,3.0,19.91,Validation
560,0.083,2.038,20.58,77.38,21.1,1185.0,29.0,25.0,7.0,16.0,3.0,19.91,Validation
561,2.676,1.171,20.76,78.07,20.2,673.0,82.0,0.0,0.0,0.0,0.0,24.9,Training
562,1.621,1.171,20.76,78.07,22.5,700.0,82.0,0.0,0.0,0.0,0.0,24.9,Training
564,1.245,1.171,20.76,78.07,20.1,732.0,82.0,0.0,0.0,0.0,0.0,24.9,Validation
565,1.453,1.171,20.76,78.07,19.6,759.0,82.0,0.0,0.0,0.0,0.0,24.9,Training
566,1.457,1.171,20.76,78.07,20.3,804.0,82.0,0.0,0.0,0.0,0.0,24.9,Training
567,1.295,1.171,20.76,78.07,20.0,832.0,82.0,0.0,0.0,0.0,0.0,24.9,Validation
568,1.674,1.171,20.76,78.07,19.8,857.0,82.0,0.0,0.0,0.0,0.0,24.9,Training
569,1.547,1.171,20.76,78.07,18.7,870.0,82.0,0.0,0.0,0.0,0.0,24.9,Validation
570,1.362,1.171,20.76,78.07,18.7,926.0,82.0,0.0,0.0,0.0,0.0,24.9,Validation
572,1.037,1.171,20.76,78.07,20.1,956.0,82.0,0.0,0.0,0.0,0.0,24.9,Training
573,0.593,1.171,20.76,78.07,19.6,1016.0,82.0,0.0,0.0,0.0,0.0,24.9,Training
575,0.387,1.171,20.76,78.07,20.8,1046.0,82.0,0.0,0.0,0.0,0.0,24.9,Validation
576,0.343,1.171,20.76,78.07,20.0,1066.0,82.0,0.0,0.0,0.0,0.0,24.9,Validation
577,0.292,1.171,20.76,78.07,19.0,1086.0,82.0,0.0,0.0,0.0,0.0,24.9,Training
578,0.221,1.171,20.76,78.07,20.3,1119.0,82.0,0.0,0.0,0.0,0.0,24.9,Training
579,0.161,1.171,20.76,78.07,19.8,1142.0,82.0,0.0,0.0,0.0,0.0,24.9,Validation
580,0.103,1.171,20.76,78.07,19.8,1179.0,82.0,0.0,0.0,0.0,0.0,24.9,Validation
581,0.083,1.171,20.76,78.07,20.0,1180.0,82.0,0.0,0.0,0.0,0.0,24.9,Training
582,0.039,1.171,20.76,78.07,20.8,1260.0,82.0,0.0,0.0,0.0,0.0,24.9,Training
583,3.562,1.286,20.74,77.97,19.2,651.0,42.0,1.0,0.0,0.0,0.0,22.88,Training
584,1.557,1.286,20.74,77.97,19.8,689.0,42.0,1.0,0.0,0.0,0.0,22.88,Training
585,1.161,1.286,20.74,77.97,18.5,715.0,42.0,1.0,0.0,0.0,0.0,22.88,Validation
586,1.094,1.286,20.74,77.97,20.6,733.0,42.0,1.0,0.0,0.0,0.0,22.88,Training
587,1.19,1.286,20.74,77.97,18.0,808.0,42.0,1.0,0.0,0.0,0.0,22.88,Training
588,0.99,1.286,20.74,77.97,21.4,811.0,42.0,1.0,0.0,0.0,0.0,22.88,Training
589,1.078,1.286,20.74,77.97,21.0,880.0,42.0,1.0,0.0,0.0,0.0,22.88,Training
590,1.192,1.286,20.74,77.97,20.2,904.0,42.0,1.0,0.0,0.0,0.0,22.88,Validation
591,1.001,1.286,20.74,77.97,22.5,942.0,42.0,1.0,0.0,0.0,0.0,22.88,Training
592,0.782,1.286,20.74,77.97,21.8,1003.0,42.0,1.0,0.0,0.0,0.0,22.88,Training
593,0.376,1.286,20.74,77.97,21.4,1072.0,42.0,1.0,0.0,0.0,0.0,22.88,Validation
594,0.278,1.286,20.74,77.97,22.3,1097.0,42.0,1.0,0.0,0.0,0.0,22.88,Training
595,0.223,1.286,20.74,77.97,19.2,1112.0,42.0,1.0,0.0,0.0,0.0,22.88,Training
597,0.029,1.286,20.74,77.97,19.9,1290.0,42.0,1.0,0.0,0.0,0.0,22.88,Training
598,6.642,1.258,20.74,78.0,21.5,681.0,77.0,15.0,1.6,0.9,0.0,23.57,Validation
599,5.995,1.258,20.74,78.0,20.4,687.0,77.0,15.0,1.6,0.9,0.0,23.57,Training
600,3.06,1.258,20.74,78.0,20.4,734.0,77.0,15.0,1.6,0.9,0.0,23.57,Validation
601,3.332,1.258,20.74,78.0,20.6,805.0,77.0,15.0,1.6,0.9,0.0,23.57,Training
602,2.686,1.258,20.74,78.0,20.0,869.0,77.0,15.0,1.6,0.9,0.0,23.57,Training
603,1.91,1.258,20.74,78.0,20.2,914.0,77.0,15.0,1.6,0.9,0.0,23.57,Validation
604,1.162,1.258,20.74,78.0,20.2,977.0,77.0,15.0,1.6,0.9,0.0,23.57,Training
605,1.038,1.258,20.74,78.0,20.0,989.0,77.0,15.0,1.6,0.9,0.0,23.57,Validation
606,0.563,1.258,20.74,78.0,20.4,1033.0,77.0,15.0,1.6,0.9,0.0,23.57,Training
607,0.303,1.258,20.74,78.0,21.5,1080.0,77.0,15.0,1.6,0.9,0.0,23.57,Training
608,0.135,1.258,20.74,78.0,20.3,1151.0,77.0,15.0,1.6,0.9,0.0,23.57,Training
610,0.045,1.258,20.74,78.0,20.8,1252.0,77.0,15.0,1.6,0.9,0.0,23.57,Training
611,0.027,1.258,20.74,78.0,21.9,1323.0,77.0,15.0,1.6,0.9,0.0,23.57,Training
612,6.9798,0.59,20.88,78.53,10.88,921.5,42.7,10.7,7.1,14.4,0.0,23.2,Validation
613,3.2174,0.59,20.88,78.53,10.88,968.9,42.7,10.7,7.1,14.4,0.0,23.2,Validation
614,2.0852,0.59,20.88,78.53,10.88,1017.8,42.7,10.7,7.1,14.4,0.0,23.2,Validation
615,0.8717,0.59,20.88,78.53,10.88,1084.6,42.7,10.7,7.1,14.4,0.0,23.2,Training
616,0.5217,0.59,20.88,78.53,10.88,1147.6,42.7,10.7,7.1,14.4,0.0,23.2,Training
617,0.2536,0.59,20.88,78.53,10.88,1237.2,42.7,10.7,7.1,14.4,0.0,23.2,Training
618,0.1686,0.59,20.88,78.53,10.88,1301.4,42.7,10.7,7.1,14.4,0.0,23.2,Training
619,7.232,0.59,20.88,78.53,10.88,785.2,42.7,10.7,7.1,14.4,0.0,23.2,Training
620,6.4533,0.59,20.88,78.53,10.88,844.1,42.7,10.7,7.1,14.4,0.0,23.2,Training
621,6.7579,0.59,20.88,78.53,10.88,881.9,42.7,10.7,7.1,14.4,0.0,23.2,Validation
622,4.25,0.59,20.88,78.53,10.88,933.0,42.7,10.7,7.1,14.4,0.0,23.2,Training
623,3.2964,0.59,20.88,78.53,10.88,952.6,42.7,10.7,7.1,14.4,0.0,23.2,Validation
624,0.3403,0.59,20.88,78.53,10.88,1161.7,42.7,10.7,7.1,14.4,0.0,23.2,Validation
625,2.9961,0.59,20.88,78.53,10.88,965.6,42.7,10.7,7.1,14.4,0.0,23.2,Training
626,2.2723,0.59,20.88,78.53,10.88,999.8,42.7,10.7,7.1,14.4,0.0,23.2,Training
627,0.8375,0.59,20.88,78.53,10.88,1066.1,42.7,10.7,7.1,14.4,0.0,23.2,Validation
628,0.1575,0.59,20.88,78.53,10.88,1233.8,42.7,10.7,7.1,14.4,0.0,23.2,Validation
629,5.7043,1.18,20.75,78.07,10.88,773.2,42.7,10.7,7.1,14.4,0.0,23.2,Training
630,6.3575,1.18,20.75,78.07,10.88,829.0,42.7,10.7,7.1,14.4,0.0,23.2,Training
631,4.5319,1.18,20.75,78.07,10.88,891.7,42.7,10.7,7.1,14.4,0.0,23.2,Training
633,1.6625,1.18,20.75,78.07,10.88,996.1,42.7,10.7,7.1,14.4,0.0,23.2,Training
634,0.9814,1.18,20.75,78.07,10.88,1047.1,42.7,10.7,7.1,14.4,0.0,23.2,Training
635,0.5424,1.18,20.75,78.07,10.88,1102.0,42.7,10.7,7.1,14.4,0.0,23.2,Training
636,0.3977,1.18,20.75,78.07,10.88,1141.7,42.7,10.7,7.1,14.4,0.0,23.2,Validation
637,0.2137,1.18,20.75,78.07,10.88,1226.5,42.7,10.7,7.1,14.4,0.0,23.2,Training
639,4.3233,1.76,20.63,77.61,10.88,749.4,42.7,10.7,7.1,14.4,0.0,23.2,Training
641,4.9722,1.76,20.63,77.61,10.88,883.7,42.7,10.7,7.1,14.4,0.0,23.2,Training
642,1.9295,1.76,20.63,77.61,10.88,960.8,42.7,10.7,7.1,14.4,0.0,23.2,Validation
643,2.3592,1.76,20.63,77.61,10.88,962.7,42.7,10.7,7.1,14.4,0.0,23.2,Training
644,1.1586,1.76,20.63,77.61,10.88,1034.9,42.7,10.7,7.1,14.4,0.0,23.2,Training
647,10.0378,0.59,10.44,88.97,10.88,817.0,42.7,10.7,7.1,14.4,0.0,23.2,Training
648,8.8067,0.59,10.44,88.97,10.88,864.4,42.7,10.7,7.1,14.4,0.0,23.2,Validation
649,6.7526,0.59,10.44,88.97,10.88,904.5,42.7,10.7,7.1,14.4,0.0,23.2,Validation
650,6.2996,0.59,10.44,88.97,10.88,922.1,42.7,10.7,7.1,14.4,0.0,23.2,Validation
651,0.5574,0.59,10.44,88.97,10.88,1157.0,42.7,10.7,7.1,14.4,0.0,23.2,Training
652,3.5289,0.59,10.44,88.97,10.88,958.6,42.7,10.7,7.1,14.4,0.0,23.2,Training
653,1.5373,0.59,10.44,88.97,10.88,1044.6,42.7,10.7,7.1,14.4,0.0,23.2,Training
654,0.1539,0.59,10.44,88.97,10.88,1295.3,42.7,10.7,7.1,14.4,0.0,23.2,Validation
655,11.0094,0.59,10.44,88.97,10.88,901.8,42.7,10.7,7.1,14.4,0.0,23.2,Validation
656,8.9756,0.59,10.44,88.97,10.88,908.8,42.7,10.7,7.1,14.4,0.0,23.2,Training
658,2.5072,0.59,10.44,88.97,10.88,1008.5,42.7,10.7,7.1,14.4,0.0,23.2,Training
659,1.0052,0.59,10.44,88.97,10.88,1099.5,42.7,10.7,7.1,14.4,0.0,23.2,Training
661,0.2088,0.59,10.44,88.97,10.88,1302.0,42.7,10.7,7.1,14.4,0.0,23.2,Training
663,5.4239,0.59,10.44,88.97,10.88,958.6,42.7,10.7,7.1,14.4,0.0,23.2,Validation
664,11.4041,0.59,10.44,88.97,10.88,907.0,42.7,10.7,7.1,14.4,0.0,23.2,Validation
665,3.8677,0.59,10.44,88.97,10.88,1004.5,42.7,10.7,7.1,14.4,0.0,23.2,Validation
666,2.2017,0.59,10.44,88.97,10.88,1059.8,42.7,10.7,7.1,14.4,0.0,23.2,Validation
667,1.2128,0.59,10.44,88.97,10.88,1118.9,42.7,10.7,7.1,14.4,0.0,23.2,Validation
668,0.6199,0.59,10.44,88.97,10.88,1211.9,42.7,10.7,7.1,14.4,0.0,23.2,Training
669,0.2564,0.59,10.44,88.97,10.88,1335.3,42.7,10.7,7.1,14.4,0.0,23.2,Validation
670,0.1167,0.59,10.44,88.97,10.88,1437.1,42.7,10.7,7.1,14.4,0.0,23.2,Training
671,11.3219,0.59,6.96,92.45,10.88,900.7,42.7,10.7,7.1,14.4,0.0,23.2,Validation
672,7.2795,0.59,6.96,92.45,10.88,939.4,42.7,10.7,7.1,14.4,0.0,23.2,Training
673,3.3667,0.59,6.96,92.45,10.88,1030.8,42.7,10.7,7.1,14.4,0.0,23.2,Validation
674,5.1542,0.59,6.96,92.45,10.88,979.0,42.7,10.7,7.1,14.4,0.0,23.2,Training
675,1.2998,0.59,6.96,92.45,10.88,1129.6,42.7,10.7,7.1,14.4,0.0,23.2,Validation
676,2.2588,0.59,6.96,92.45,10.88,1065.3,42.7,10.7,7.1,14.4,0.0,23.2,Validation
677,0.4796,0.59,6.96,92.45,10.88,1272.7,42.7,10.7,7.1,14.4,0.0,23.2,Training
678,0.6974,0.59,6.96,92.45,10.88,1191.8,42.7,10.7,7.1,14.4,0.0,23.2,Validation
679,2.968,0.59,6.96,92.45,10.88,1039.0,42.7,10.7,7.1,14.4,0.0,23.2,Training
680,1.7471,0.59,6.96,92.45,10.88,1103.6,42.7,10.7,7.1,14.4,0.0,23.2,Validation
681,0.9277,0.59,6.96,92.45,10.88,1174.3,42.7,10.7,7.1,14.4,0.0,23.2,Training
682,0.3358,0.59,6.96,92.45,10.88,1280.4,42.7,10.7,7.1,14.4,0.0,23.2,Validation
683,0.1929,0.59,6.96,92.45,10.88,1372.3,42.7,10.7,7.1,14.4,0.0,23.2,Training
684,4.5128,0.59,6.96,92.45,10.88,1058.0,42.7,10.7,7.1,14.4,0.0,23.2,Validation
685,1.9642,0.59,6.96,92.45,10.88,1122.3,42.7,10.7,7.1,14.4,0.0,23.2,Training
687,0.5366,0.59,6.96,92.45,10.88,1256.5,42.7,10.7,7.1,14.4,0.0,23.2,Validation
688,0.7992,0.59,6.96,92.45,10.88,1251.7,42.7,10.7,7.1,14.4,0.0,23.2,Validation
689,0.4074,0.59,6.96,92.45,10.88,1329.9,42.7,10.7,7.1,14.4,0.0,23.2,Validation
690,0.355,0.39,20.93,78.68,14.1,1169.0,29.0,25.0,7.0,16.0,3.0,21.0,Training
691,0.716,0.39,20.93,78.68,15.2,1105.4,29.0,25.0,7.0,16.0,3.0,21.0,Training
692,1.574,0.39,20.93,78.68,16.3,1034.3,29.0,25.0,7.0,16.0,3.0,21.0,Training
693,0.148,0.39,20.93,78.68,29.6,1195.6,29.0,25.0,7.0,16.0,3.0,21.0,Validation
694,0.226,0.39,20.93,78.68,28.9,1171.8,29.0,25.0,7.0,16.0,3.0,21.0,Training
695,0.755,0.39,20.93,78.68,27.5,1061.5,29.0,25.0,7.0,16.0,3.0,21.0,Validation
696,1.179,0.39,20.93,78.68,25.9,1036.8,29.0,25.0,7.0,16.0,3.0,21.0,Training
697,2.242,0.39,20.93,78.68,28.1,974.5,29.0,25.0,7.0,16.0,3.0,21.0,Training
698,3.889,0.39,20.93,78.68,24.8,928.5,29.0,25.0,7.0,16.0,3.0,21.0,Training
699,4.671,0.39,20.93,78.68,27.7,874.9,29.0,25.0,7.0,16.0,3.0,21.0,Training
700,4.025,0.39,20.93,78.68,30.4,854.6,29.0,25.0,7.0,16.0,3.0,21.0,Validation
701,5.142,0.39,20.93,78.68,25.5,848.4,29.0,25.0,7.0,16.0,3.0,21.0,Training
702,4.777,0.39,20.93,78.68,31.5,814.8,29.0,25.0,7.0,16.0,3.0,21.0,Training
703,0.064,1.28,20.74,77.98,16.8,1235.7,29.0,25.0,7.0,16.0,3.0,21.0,Training
704,0.175,1.28,20.74,77.98,14.9,1174.3,29.0,25.0,7.0,16.0,3.0,21.0,Training
705,0.266,1.28,20.74,77.98,16.1,1110.6,29.0,25.0,7.0,16.0,3.0,21.0,Training
706,0.931,1.28,20.74,77.98,15.7,998.1,29.0,25.0,7.0,16.0,3.0,21.0,Training
707,3.865,1.28,20.74,77.98,14.7,876.9,29.0,25.0,7.0,16.0,3.0,21.0,Training
708,5.528,1.28,20.74,77.98,15.3,838.4,29.0,25.0,7.0,16.0,3.0,21.0,Validation
710,5.533,1.28,20.74,77.98,14.9,734.3,29.0,25.0,7.0,16.0,3.0,21.0,Validation
711,8.428,1.28,20.74,77.98,16.3,704.3,29.0,25.0,7.0,16.0,3.0,21.0,Training
712,8.176,1.28,20.74,77.98,16.2,702.1,29.0,25.0,7.0,16.0,3.0,21.0,Validation
713,0.042,1.28,20.74,77.98,31.0,1194.5,29.0,25.0,7.0,16.0,3.0,21.0,Training
714,0.203,1.28,20.74,77.98,30.5,1087.2,29.0,25.0,7.0,16.0,3.0,21.0,Training
715,0.695,1.28,20.74,77.98,30.5,998.0,29.0,25.0,7.0,16.0,3.0,21.0,Training
716,1.759,1.28,20.74,77.98,29.4,925.7,29.0,25.0,7.0,16.0,3.0,21.0,Training
717,2.233,1.28,20.74,77.98,29.0,872.6,29.0,25.0,7.0,16.0,3.0,21.0,Training
718,3.109,1.276,20.74,77.984,23.3,874.0,29.0,25.0,7.0,16.0,3.0,19.91,Validation
719,2.355,1.276,20.74,77.984,25.1,880.0,29.0,25.0,7.0,16.0,3.0,19.91,Training
720,1.23,1.276,20.74,77.984,31.4,934.0,29.0,25.0,7.0,16.0,3.0,19.91,Validation
721,1.358,1.276,20.74,77.984,24.0,952.0,29.0,25.0,7.0,16.0,3.0,19.91,Validation
722,1.287,1.276,20.74,77.984,22.5,958.0,29.0,25.0,7.0,16.0,3.0,19.91,Training
723,1.412,1.276,20.74,77.984,21.7,963.0,29.0,25.0,7.0,16.0,3.0,19.91,Validation
724,0.777,1.276,20.74,77.984,32.5,974.0,29.0,25.0,7.0,16.0,3.0,19.91,Training
725,0.984,1.276,20.74,77.984,21.3,987.0,29.0,25.0,7.0,16.0,3.0,19.91,Validation
727,0.4,1.276,20.74,77.984,36.1,1022.0,29.0,25.0,7.0,16.0,3.0,19.91,Training
728,0.539,1.276,20.74,77.984,21.9,1035.0,29.0,25.0,7.0,16.0,3.0,19.91,Validation
729,0.486,1.276,20.74,77.984,22.0,1042.0,29.0,25.0,7.0,16.0,3.0,19.91,Validation
730,0.278,1.276,20.74,77.984,28.3,1073.0,29.0,25.0,7.0,16.0,3.0,19.91,Training
731,0.138,1.276,20.74,77.984,24.8,1130.0,29.0,25.0,7.0,16.0,3.0,19.91,Validation
732,0.101,1.276,20.74,77.984,29.4,1145.0,29.0,25.0,7.0,16.0,3.0,19.91,Training
733,0.052,1.276,20.74,77.984,27.0,1192.0,29.0,25.0,7.0,16.0,3.0,19.91,Validation
734,0.034,1.276,20.74,77.984,29.2,1220.0,29.0,25.0,7.0,16.0,3.0,19.91,Training
735,0.528,1.276,20.74,77.984,49.3,961.0,29.0,25.0,7.0,16.0,3.0,19.91,Training
737,0.115,1.276,20.74,77.984,50.5,1090.0,29.0,25.0,7.0,16.0,3.0,19.91,Training
738,0.08,1.276,20.74,77.984,47.8,1124.0,29.0,25.0,7.0,16.0,3.0,19.91,Training
739,1.82,0.615,10.0,89.385,18.9,1025.0,29.0,25.0,7.0,16.0,3.0,19.91,Validation
740,1.34,0.615,10.0,89.385,17.5,1057.0,29.0,25.0,7.0,16.0,3.0,19.91,Validation
741,1.109,0.615,10.0,89.385,19.7,1067.0,29.0,25.0,7.0,16.0,3.0,19.91,Training
742,1.137,0.615,10.0,89.385,17.7,1072.0,29.0,25.0,7.0,16.0,3.0,19.91,Training
743,1.005,0.615,10.0,89.385,18.3,1081.0,29.0,25.0,7.0,16.0,3.0,19.91,Validation
744,0.818,0.615,10.0,89.385,20.2,1092.0,29.0,25.0,7.0,16.0,3.0,19.91,Validation
745,0.732,0.615,10.0,89.385,17.7,1111.0,29.0,25.0,7.0,16.0,3.0,19.91,Validation
746,0.646,0.615,10.0,89.385,17.3,1124.0,29.0,25.0,7.0,16.0,3.0,19.91,Training
747,0.569,0.615,10.0,89.385,17.7,1127.0,29.0,25.0,7.0,16.0,3.0,19.91,Validation
748,3.286,1.276,20.74,77.984,21.7,715.0,29.0,25.0,7.0,16.0,3.0,19.91,Training
749,2.584,1.276,20.74,77.984,21.8,753.0,29.0,25.0,7.0,16.0,3.0,19.91,Validation
750,2.423,1.276,20.74,77.984,21.5,763.0,29.0,25.0,7.0,16.0,3.0,19.91,Validation
751,2.566,1.276,20.74,77.984,19.4,774.0,29.0,25.0,7.0,16.0,3.0,19.91,Validation
752,2.484,1.276,20.74,77.984,21.1,785.0,29.0,25.0,7.0,16.0,3.0,19.91,Validation
753,2.742,1.276,20.74,77.984,19.7,786.0,29.0,25.0,7.0,16.0,3.0,19.91,Training
755,1.961,0.642,20.87,78.488,19.6,970.0,29.0,25.0,7.0,16.0,3.0,19.91,Validation
756,0.917,0.642,20.87,78.488,21.0,1032.0,29.0,25.0,7.0,16.0,3.0,19.91,Validation
757,0.873,0.642,20.87,78.488,19.9,1039.0,29.0,25.0,7.0,16.0,3.0,19.91,Training
759,0.463,0.642,20.87,78.488,22.2,1081.0,29.0,25.0,7.0,16.0,3.0,19.91,Training
760,0.11,0.642,20.87,78.488,22.1,1187.0,29.0,25.0,7.0,16.0,3.0,19.91,Validation
761,0.973,1.276,20.74,77.984,26.4,1000.0,29.0,25.0,7.0,16.0,3.0,19.91,Training
762,0.208,1.276,20.74,77.984,26.2,1100.0,29.0,25.0,7.0,16.0,3.0,19.91,Validation
763,0.123,1.276,20.74,77.984,25.5,1137.0,29.0,25.0,7.0,16.0,3.0,19.91,Training
764,0.131,1.276,20.74,77.984,21.8,1145.0,29.0,25.0,7.0,16.0,3.0,19.91,Validation
765,0.072,1.276,20.74,77.984,26.1,1172.0,29.0,25.0,7.0,16.0,3.0,19.91,Training
766,0.07,1.276,20.74,77.984,21.9,1187.0,29.0,25.0,7.0,16.0,3.0,19.91,Training
767,0.064,1.276,20.74,77.984,22.2,1194.0,29.0,25.0,7.0,16.0,3.0,19.91,Validation
769,0.567,1.1282,21.0,77.8718,2.69,1290.0,99.6,0.0,0.0,0.0,0.4,26.4,Training
771,1.417,1.1058,21.0,77.8942,2.99,1147.0,99.6,0.0,0.0,0.0,0.4,26.4,Training
772,0.878,1.1058,21.0,77.8942,3.09,1210.0,99.6,0.0,0.0,0.0,0.4,26.4,Training
773,0.368,1.0723,21.0,77.9277,2.52,1331.0,99.6,0.0,0.0,0.0,0.4,26.4,Validation
774,0.659,1.1952,21.0,77.8048,3.23,1221.0,99.6,0.0,0.0,0.0,0.4,26.4,Validation
775,0.1095,1.0947,21.0,77.9053,6.64,1363.0,99.6,0.0,0.0,0.0,0.4,26.4,Validation
776,0.268,1.1393,21.0,77.8607,6.08,1244.0,99.6,0.0,0.0,0.0,0.4,26.4,Training
777,0.1062,1.1729,21.0,77.8272,6.81,1364.0,99.6,0.0,0.0,0.0,0.4,26.4,Training
778,0.492,1.1282,21.0,77.8718,6.26,1168.0,99.6,0.0,0.0,0.0,0.4,26.4,Training
779,0.393,1.1952,21.0,77.8048,7.39,1168.0,99.6,0.0,0.0,0.0,0.4,26.4,Validation
780,0.57,1.2399,21.0,77.7601,7.69,1127.0,99.6,0.0,0.0,0.0,0.4,26.4,Training
781,1.118,1.2846,21.0,77.7155,8.27,1070.0,99.6,0.0,0.0,0.0,0.4,26.4,Training
782,0.265,1.3627,21.0,77.6373,7.34,1217.0,99.6,0.0,0.0,0.0,0.4,26.4,Training
784,1.164,1.117,21.0,77.883,8.07,1070.0,99.6,0.0,0.0,0.0,0.4,26.4,Training
785,0.196,0.5027,21.0,78.4974,6.59,1278.0,99.6,0.0,0.0,0.0,0.4,26.4,Training
786,0.451,0.5585,21.0,78.4415,7.37,1173.0,99.6,0.0,0.0,0.0,0.4,26.4,Training
787,0.714,0.6032,21.0,78.3968,7.74,1126.0,99.6,0.0,0.0,0.0,0.4,26.4,Validation
788,1.515,0.6367,21.0,78.3633,8.19,1053.0,99.6,0.0,0.0,0.0,0.4,26.4,Training
789,1.231,2.4462,21.0,76.5538,8.2,1070.0,99.6,0.0,0.0,0.0,0.4,26.4,Training
790,0.348,1.3828,21.0,77.6172,5.98,1201.0,77.0,15.0,1.6,0.9,0.0,23.57,Validation
791,0.517,1.4603,21.0,77.5397,6.12,1167.0,77.0,15.0,1.6,0.9,0.0,23.57,Training
792,0.813,1.4732,21.0,77.5268,6.01,1128.0,77.0,15.0,1.6,0.9,0.0,23.57,Validation
793,0.257,1.3064,21.0,77.6936,5.92,1232.0,42.0,1.0,0.0,0.0,0.0,22.88,Training
794,0.533,1.6575,21.0,77.3425,6.04,1175.0,42.0,1.0,0.0,0.0,0.0,22.88,Training
795,0.471,1.798,21.0,77.202,5.98,1193.0,42.0,1.0,0.0,0.0,0.0,22.88,Training
796,2.488,1.9104,21.0,77.0896,5.57,1065.0,42.0,1.0,0.0,0.0,0.0,22.88,Training
797,0.859,1.5732,21.0,77.4268,6.17,1136.0,42.0,1.0,0.0,0.0,0.0,22.88,Validation
798,0.272,1.2034,21.0,77.7966,6.14,1210.0,89.2,2.0,0.0,0.0,0.0,24.6,Training
799,0.511,1.0951,21.0,77.9049,6.27,1148.0,89.2,2.0,0.0,0.0,0.0,24.6,Training
800,1.681,1.6246,21.0,77.3754,5.73,1055.0,89.2,2.0,0.0,0.0,0.0,24.6,Training
801,0.703,1.408,21.0,77.592,6.36,1123.0,89.2,2.0,0.0,0.0,0.0,24.6,Training
802,1.422,0.9463,21.0,78.0537,5.26,1095.0,79.8,10.0,0.0,0.0,0.0,25.5,Training
803,0.633,1.3085,21.0,77.6915,5.23,1162.0,79.8,10.0,0.0,0.0,0.0,25.5,Training
804,0.279,1.3085,21.0,77.6915,5.22,1225.0,79.8,10.0,0.0,0.0,0.0,25.5,Training
805,0.518,1.0982,21.0,77.9018,5.76,1165.0,79.8,10.0,0.0,0.0,0.0,25.5,Validation
806,0.833,1.0398,21.0,77.9602,5.77,1133.0,79.8,10.0,0.0,0.0,0.0,25.5,Training
807,0.112,1.6929,21.0,0.0,16.1,1220.0,22.52,30.58,11.23,19.52,0.0,22.0,Training
809,0.149,1.8351,21.0,0.0,17.0,1188.0,22.52,30.58,11.23,19.52,0.0,22.0,Training
810,0.729,0.7754,21.0,0.0,17.26,1054.0,22.52,30.58,11.23,19.52,0.0,22.0,Training
811,0.299,1.0855,21.0,0.0,17.3,1140.0,22.52,30.58,11.23,19.52,0.0,22.0,Training
812,0.296,1.3957,21.0,0.0,18.1,1105.0,22.52,30.58,11.23,19.52,0.0,22.0,Training
813,0.288,1.3569,21.0,0.0,18.2,1112.0,22.52,30.58,11.23,19.52,0.0,22.0,Validation
814,0.275,1.512,21.0,0.0,17.9,1108.0,22.52,30.58,11.23,19.52,0.0,22.0,Training
815,0.19,1.3698,21.0,0.0,34.11,1107.0,22.52,30.58,11.23,19.52,0.0,22.0,Training
816,0.187,1.2535,21.0,0.0,33.85,1092.0,22.52,30.58,11.23,19.52,0.0,22.0,Training
817,0.25,1.2148,21.0,0.0,34.59,1080.0,22.52,30.58,11.23,19.52,0.0,22.0,Validation
818,0.418,1.4215,21.0,0.0,35.95,1022.0,22.52,30.58,11.23,19.52,0.0,22.0,Training
819,0.532,0.2511,4.0,0.0,11.96,1286.0,22.52,30.58,11.23,19.52,0.0,22.0,Training
820,1.309,0.256,4.0,0.0,12.4,1205.0,22.52,30.58,11.23,19.52,0.0,22.0,Validation
821,0.783,0.2585,4.0,0.0,12.26,1244.0,22.52,30.58,11.23,19.52,0.0,22.0,Validation
822,2.498,0.256,4.0,0.0,12.55,1155.0,22.52,30.58,11.23,19.52,0.0,22.0,Validation
823,1.806,0.2634,4.0,0.0,12.42,1181.0,22.52,30.58,11.23,19.52,0.0,22.0,Validation
824,0.483,0.2732,4.0,0.0,12.22,1290.0,22.52,30.58,11.23,19.52,0.0,22.0,Validation
825,2.711,0.2511,4.0,0.0,12.35,1154.0,22.52,30.58,11.23,19.52,0.0,22.0,Validation
826,0.77,0.2486,4.0,0.0,12.66,1240.0,22.52,30.58,11.23,19.52,0.0,22.0,Training
827,2.039,0.2486,4.0,0.0,12.87,1173.0,22.52,30.58,11.23,19.52,0.0,22.0,Training
828,0.365,0.2732,4.0,0.0,15.12,1317.0,22.52,30.58,11.23,19.52,0.0,22.0,Training
829,0.232,0.2511,4.0,0.0,14.8,1374.0,22.52,30.58,11.23,19.52,0.0,22.0,Training
830,0.53,0.2732,4.0,0.0,15.42,1274.0,22.52,30.58,11.23,19.52,0.0,22.0,Training
831,0.79,0.2806,4.0,0.0,15.56,1229.0,22.52,30.58,11.23,19.52,0.0,22.0,Validation
832,1.05,0.2757,4.0,0.0,15.83,1198.0,22.52,30.58,11.23,19.52,0.0,22.0,Training
833,2.2,0.2782,4.0,0.0,15.98,1154.0,22.52,30.58,11.23,19.52,0.0,22.0,Training
834,0.653,0.1058,4.0,0.0,12.54,1231.0,22.52,30.58,11.23,19.52,0.0,22.0,Validation
835,1.279,0.1206,4.0,0.0,12.65,1193.0,22.52,30.58,11.23,19.52,0.0,22.0,Training
837,2.12,0.1231,4.0,0.0,13.0,1157.0,22.52,30.58,11.23,19.52,0.0,22.0,Validation
839,0.215,0.1182,4.0,0.0,12.16,1334.0,22.52,30.58,11.23,19.52,0.0,22.0,Training
840,1.715,0.5268,4.0,0.0,12.59,1186.0,22.52,30.58,11.23,19.52,0.0,22.0,Training
841,0.942,0.5095,4.0,0.0,12.27,1243.0,22.52,30.58,11.23,19.52,0.0,22.0,Training
842,0.403,0.5268,4.0,0.0,11.87,1324.0,22.52,30.58,11.23,19.52,0.0,22.0,Training
843,1.967,0.5194,4.0,0.0,12.4,1169.0,22.52,30.58,11.23,19.52,0.0,22.0,Validation
845,0.4,0.5169,4.0,0.0,11.61,1330.0,22.52,30.58,11.23,19.52,0.0,22.0,Validation
846,0.822,0.3077,4.0,0.0,53.8,1110.0,22.52,30.58,11.23,19.52,0.0,22.0,Training
847,0.599,0.2978,4.0,0.0,50.09,1147.0,22.52,30.58,11.23,19.52,0.0,22.0,Training
848,0.253,0.2978,4.0,0.0,49.28,1235.0,22.52,30.58,11.23,19.52,0.0,22.0,Training
849,1.573,0.2585,4.0,0.0,51.99,1067.0,22.52,30.58,11.23,19.52,0.0,22.0,Training
850,2.613,0.2609,4.0,0.0,52.21,1030.0,22.52,30.58,11.23,19.52,0.0,22.0,Validation
851,0.343,1.2637,20.7429,77.9934,11.25,1169.0,22.52,30.58,11.23,19.52,0.0,22.0,Validation
852,0.793,1.1122,20.7747,78.113,11.89,1103.0,22.52,30.58,11.23,19.52,0.0,22.0,Training
853,1.293,1.2007,20.7562,78.0432,12.8,1050.0,22.52,30.58,11.23,19.52,0.0,22.0,Validation
854,1.593,1.5402,20.6848,77.7749,11.35,1034.0,22.52,30.58,11.23,19.52,0.0,22.0,Training
855,0.355,1.0996,20.7774,78.123,10.45,1174.0,22.52,30.58,11.23,19.52,0.0,22.0,Validation
856,0.357,1.2259,20.7509,78.0232,10.54,1162.0,22.52,30.58,11.23,19.52,0.0,22.0,Training
857,1.385,1.2385,20.7482,78.0133,11.59,1052.0,22.52,30.58,11.23,19.52,0.0,22.0,Training
858,0.792,1.3141,20.7323,77.9536,11.25,1101.0,22.52,30.58,11.23,19.52,0.0,22.0,Training
859,0.233,1.3015,20.735,77.9635,10.57,1201.0,22.52,30.58,11.23,19.52,0.0,22.0,Training
860,0.125,0.4761,20.9084,78.6155,10.34,1256.0,22.52,30.58,11.23,19.52,0.0,22.0,Training
861,0.43,0.5401,20.8949,78.565,11.2,1161.0,22.52,30.58,11.23,19.52,0.0,22.0,Training
862,0.51,0.5273,20.8976,78.5751,10.9,1148.0,22.52,30.58,11.23,19.52,0.0,22.0,Validation
863,1.3,0.5145,20.9003,78.5852,11.42,1087.0,22.52,30.58,11.23,19.52,0.0,22.0,Training
864,0.8,0.5273,20.8976,78.5751,11.28,1120.0,22.52,30.58,11.23,19.52,0.0,22.0,Validation
865,0.255,0.4889,20.9057,78.6054,10.57,1200.0,22.52,30.58,11.23,19.52,0.0,22.0,Training
866,1.545,1.087,20.7801,78.133,14.8,1008.0,22.52,30.58,11.23,19.52,0.0,22.0,Training
869,0.18,1.3519,20.7244,77.9237,34.11,1107.0,22.52,30.58,11.23,19.52,0.0,22.0,Training
870,0.245,1.2007,20.7562,78.0432,34.59,1080.0,22.52,30.58,11.23,19.52,0.0,22.0,Training
871,0.415,1.4022,20.7138,77.884,35.95,1022.0,22.52,30.58,11.23,19.52,0.0,22.0,Training
872,0.125,0.4761,20.9084,78.6155,10.34,1256.0,22.52,30.58,11.23,19.52,0.0,22.0,Validation
873,0.43,0.5401,20.8949,78.565,11.2,1161.0,22.52,30.58,11.23,19.52,0.0,22.0,Validation
874,0.51,0.5273,20.8976,78.5751,10.9,1148.0,22.52,30.58,11.23,19.52,0.0,22.0,Validation
875,1.3,0.5145,20.9003,78.5852,11.42,1087.0,22.52,30.58,11.23,19.52,0.0,22.0,Validation
876,0.8,0.5273,20.8976,78.5751,11.28,1120.0,22.52,30.58,11.23,19.52,0.0,22.0,Validation
877,0.255,0.4889,20.9057,78.6054,10.57,1200.0,22.52,30.58,11.23,19.52,0.0,22.0,Validation
878,0.303,0.9554,21.0,0.0,15.8,1153.0,29.0,25.0,7.0,16.0,3.0,21.7,Training
880,0.481,1.4517,21.0,0.0,17.05,1051.0,29.0,25.0,7.0,16.0,3.0,21.7,Validation
881,0.152,0.9182,21.0,0.0,15.7,1209.0,29.0,25.0,7.0,16.0,3.0,21.7,Training
882,0.344,1.3276,21.0,0.0,16.4,1117.0,29.0,25.0,7.0,16.0,3.0,21.7,Training
883,0.438,1.3897,21.0,0.0,16.66,1073.0,29.0,25.0,7.0,16.0,3.0,21.7,Training
884,0.417,0.943,21.0,0.0,15.8,1110.0,29.0,25.0,7.0,16.0,3.0,21.7,Validation
885,0.274,1.551,21.0,0.0,16.35,1126.0,29.0,25.0,7.0,16.0,3.0,21.7,Validation
886,0.314,1.6254,21.0,0.0,16.6,1112.0,29.0,25.0,7.0,16.0,3.0,21.7,Training
887,0.611,0.9926,21.0,0.0,16.8,1051.0,29.0,25.0,7.0,16.0,3.0,21.7,Training
888,0.8,0.2434,4.0,0.0,12.81,1239.0,29.0,25.0,7.0,16.0,3.0,21.7,Validation
889,1.673,0.2482,4.0,0.0,12.98,1190.0,29.0,25.0,7.0,16.0,3.0,21.7,Validation
890,0.523,0.234,4.0,0.0,12.39,1285.0,29.0,25.0,7.0,16.0,3.0,21.7,Validation
891,2.711,0.2482,4.0,0.0,13.16,1145.0,29.0,25.0,7.0,16.0,3.0,21.7,Training
892,0.267,0.2411,4.0,0.0,12.31,1356.0,29.0,25.0,7.0,16.0,3.0,21.7,Training
893,0.17,0.2245,4.0,0.0,11.78,1411.0,29.0,25.0,7.0,16.0,3.0,21.7,Training
894,0.363,0.2292,4.0,0.0,15.02,1318.0,29.0,25.0,7.0,16.0,3.0,21.7,Validation
895,0.217,0.2198,4.0,0.0,14.76,1373.0,29.0,25.0,7.0,16.0,3.0,21.7,Training
896,0.497,0.2411,4.0,0.0,15.33,1278.0,29.0,25.0,7.0,16.0,3.0,21.7,Training
897,0.76,0.2458,4.0,0.0,15.38,1229.0,29.0,25.0,7.0,16.0,3.0,21.7,Training
898,2.094,0.234,4.0,0.0,15.93,1161.0,29.0,25.0,7.0,16.0,3.0,21.7,Training
899,0.702,0.2363,4.0,0.0,12.65,1264.0,29.0,25.0,7.0,16.0,3.0,21.7,Training
900,1.535,0.2718,4.0,0.0,12.95,1199.0,29.0,25.0,7.0,16.0,3.0,21.7,Training
901,0.164,0.208,4.0,0.0,1.28,1483.0,29.0,25.0,7.0,16.0,3.0,21.7,Training
902,0.431,0.1938,4.0,0.0,1.34,1421.0,29.0,25.0,7.0,16.0,3.0,21.7,Training
903,1.185,0.2434,4.0,0.0,1.35,1338.0,29.0,25.0,7.0,16.0,3.0,21.7,Validation
904,1.795,0.2647,4.0,0.0,1.38,1296.0,29.0,25.0,7.0,16.0,3.0,21.7,Training
905,1.02,0.2623,4.0,0.0,1.33,1356.0,29.0,25.0,7.0,16.0,3.0,21.7,Training
906,0.164,0.208,4.0,0.0,1.28,1483.0,29.0,25.0,7.0,16.0,3.0,21.7,Validation
907,0.431,0.1938,4.0,0.0,1.34,1421.0,29.0,25.0,7.0,16.0,3.0,21.7,Validation
908,1.185,0.2434,4.0,0.0,1.35,1338.0,29.0,25.0,7.0,16.0,3.0,21.7,Validation
910,1.02,0.2623,4.0,0.0,1.33,1356.0,29.0,25.0,7.0,16.0,3.0,21.7,Validation
911,0.296,1.4435,20.7051,77.8513,11.61,1166.0,29.0,25.0,7.0,16.0,3.0,21.7,Training
912,1.645,1.0684,20.784,78.1477,12.5,1024.0,29.0,25.0,7.0,16.0,3.0,21.7,Training
914,1.44,1.3832,20.7178,77.899,11.05,1031.0,29.0,25.0,7.0,16.0,3.0,21.7,Training
915,0.115,1.2987,20.7356,77.9658,9.51,1253.0,29.0,25.0,7.0,16.0,3.0,21.7,Training
916,0.21,1.3107,20.733,77.9562,10.24,1208.0,29.0,25.0,7.0,16.0,3.0,21.7,Training
917,0.565,1.4194,20.7102,77.8704,11.03,1118.0,29.0,25.0,7.0,16.0,3.0,21.7,Validation
918,0.93,1.1897,20.7585,78.0518,11.65,1074.0,29.0,25.0,7.0,16.0,3.0,21.7,Training
919,1.221,1.2745,20.7407,77.9849,15.2,1011.0,29.0,25.0,7.0,16.0,3.0,21.7,Training
920,0.715,1.3712,20.7203,77.9085,14.4,1072.0,29.0,25.0,7.0,16.0,3.0,21.7,Training
922,0.458,1.4957,21.0,0.0,17.2,1061.0,18.1,26.56,20.84,20.6,0.0,22.3,Training
923,0.16,0.9573,21.0,0.0,15.8,1194.0,18.1,26.56,20.84,20.6,0.0,22.3,Training
924,0.506,1.2444,21.0,0.0,17.1,1053.0,18.1,26.56,20.84,20.6,0.0,22.3,Training
925,0.444,1.041,21.0,0.0,16.9,1085.0,18.1,26.56,20.84,20.6,0.0,22.3,Training
926,0.416,1.3162,21.0,0.0,17.2,1082.0,18.1,26.56,20.84,20.6,0.0,22.3,Validation
927,1.754,0.2325,4.0,0.0,12.84,1185.0,18.1,26.56,20.84,20.6,0.0,22.3,Validation
928,2.623,0.2393,4.0,0.0,13.11,1147.0,18.1,26.56,20.84,20.6,0.0,22.3,Training
929,0.8,0.237,4.0,0.0,12.75,1242.0,18.1,26.56,20.84,20.6,0.0,22.3,Training
930,0.53,0.2325,4.0,0.0,12.44,1287.0,18.1,26.56,20.84,20.6,0.0,22.3,Validation
931,0.32,0.2165,4.0,0.0,12.06,1342.0,18.1,26.56,20.84,20.6,0.0,22.3,Training
932,0.237,0.2051,4.0,0.0,11.82,1386.0,18.1,26.56,20.84,20.6,0.0,22.3,Validation
933,2.275,0.253,4.0,0.0,15.7,1146.0,18.1,26.56,20.84,20.6,0.0,22.3,Validation
934,1.24,0.2462,4.0,0.0,15.45,1181.0,18.1,26.56,20.84,20.6,0.0,22.3,Training
935,0.815,0.2621,4.0,0.0,15.26,1219.0,18.1,26.56,20.84,20.6,0.0,22.3,Training
936,0.507,0.2142,4.0,0.0,15.17,1278.0,18.1,26.56,20.84,20.6,0.0,22.3,Training
937,0.37,0.2416,4.0,0.0,14.95,1313.0,18.1,26.56,20.84,20.6,0.0,22.3,Validation
939,1.381,1.323,20.7305,77.9466,12.63,1024.0,18.1,26.56,20.84,20.6,0.0,22.3,Training
940,0.64,1.019,20.7943,78.1867,11.99,1118.0,18.1,26.56,20.84,20.6,0.0,22.3,Training
941,0.134,1.4045,20.7133,77.8822,10.93,1229.0,18.1,26.56,20.84,20.6,0.0,22.3,Training
942,0.199,1.4859,20.6962,77.8179,30.63,1092.0,18.1,26.56,20.84,20.6,0.0,22.3,Training
943,0.517,1.0776,20.782,78.1404,32.36,1029.0,18.1,26.56,20.84,20.6,0.0,22.3,Training
944,1.452,1.4045,20.7133,77.8822,15.3,999.0,18.1,26.56,20.84,20.6,0.0,22.3,Training
945,0.498,1.4394,20.706,77.8546,14.6,1087.0,18.1,26.56,20.84,20.6,0.0,22.3,Training
947,0.377,1.5323,20.6865,77.7812,14.0,1138.0,18.1,26.56,20.84,20.6,0.0,22.3,Training
948,0.566,0.2508,4.0,0.0,12.51,1296.0,36.6,41.0,19.7,0.3,0.0,24.1,Training
949,0.853,0.2308,4.0,0.0,12.87,1248.0,36.6,41.0,19.7,0.3,0.0,24.1,Validation
950,0.26,0.2419,4.0,0.0,12.35,1379.0,36.6,41.0,19.7,0.3,0.0,24.1,Validation
951,0.192,0.2308,4.0,0.0,12.26,1410.0,36.6,41.0,19.7,0.3,0.0,24.1,Training
952,1.007,0.233,4.0,0.0,13.03,1217.0,36.6,41.0,19.7,0.3,0.0,24.1,Training
953,1.228,0.1997,4.0,0.0,12.96,1209.0,36.6,41.0,19.7,0.3,0.0,24.1,Validation
954,1.093,0.1997,4.0,0.0,13.07,1216.0,36.6,41.0,19.7,0.3,0.0,24.1,Validation
955,1.065,0.2352,4.0,0.0,12.99,1216.0,36.6,41.0,19.7,0.3,0.0,24.1,Validation
956,1.978,0.2352,4.0,0.0,13.28,1181.0,36.6,41.0,19.7,0.3,0.0,24.1,Training
958,0.061,0.1975,4.0,0.0,1.09,1610.0,36.6,41.0,19.7,0.3,0.0,24.1,Training
959,0.099,0.2042,4.0,0.0,1.15,1563.0,36.6,41.0,19.7,0.3,0.0,24.1,Training
960,0.465,0.2441,4.0,0.0,1.08,1438.0,36.6,41.0,19.7,0.3,0.0,24.1,Training
961,0.515,0.2508,4.0,0.0,1.14,1436.0,36.6,41.0,19.7,0.3,0.0,24.1,Validation
962,0.35,0.213,4.0,0.0,1.12,1484.0,36.6,41.0,19.7,0.3,0.0,24.1,Training
963,0.231,0.324,4.0,0.0,1.09,1537.0,36.6,41.0,19.7,0.3,0.0,24.1,Validation
964,0.053,0.2996,4.0,0.0,1.14,1694.0,36.6,41.0,19.7,0.3,0.0,24.1,Training
966,1.703,1.3566,20.7234,77.92,11.99,1010.0,36.6,41.0,19.7,0.3,0.0,24.1,Training
967,0.806,1.0837,20.7807,78.1356,11.24,1091.0,36.6,41.0,19.7,0.3,0.0,24.1,Training
968,0.144,1.1179,20.7735,78.1085,10.24,1233.0,36.6,41.0,19.7,0.3,0.0,24.1,Validation
969,1.089,1.1749,20.7616,78.0636,11.64,1056.0,36.6,41.0,19.7,0.3,0.0,24.1,Validation
970,0.174,0.2124,4.0,0.0,1.16,1508.0,39.7,18.0,28.2,0.7,0.0,25.6,Training
971,0.041,0.1934,4.0,0.0,1.22,1608.0,39.7,18.0,28.2,0.7,0.0,25.6,Validation
972,0.23,0.1913,4.0,0.0,1.21,1476.0,39.7,18.0,28.2,0.7,0.0,25.6,Validation
974,0.382,0.1871,4.0,0.0,1.21,1442.0,39.7,18.0,28.2,0.7,0.0,25.6,Training
975,0.671,0.1955,4.0,0.0,1.28,1385.0,39.7,18.0,28.2,0.7,0.0,25.6,Training
976,0.088,0.1934,4.0,0.0,1.23,1572.0,39.7,18.0,28.2,0.7,0.0,25.6,Training
977,1.883,0.2145,4.0,0.0,1.43,1284.0,39.7,18.0,28.2,0.7,0.0,25.6,Training
978,1.277,1.0598,20.7858,78.1545,11.85,1030.0,39.7,18.0,28.2,0.7,0.0,25.6,Training
979,0.309,1.0057,20.7971,78.1972,10.65,1174.0,39.7,18.0,28.2,0.7,0.0,25.6,Training
980,1.037,1.049,20.788,78.163,11.21,1084.0,39.7,18.0,28.2,0.7,0.0,25.6,Validation
981,0.426,1.1893,20.7585,78.0521,10.75,1153.0,39.7,18.0,28.2,0.7,0.0,25.6,Training
982,0.249,1.1354,20.7699,78.0947,10.47,1196.0,39.7,18.0,28.2,0.7,0.0,25.6,Validation
983,0.723,1.2863,20.7382,77.9756,11.36,1100.0,39.7,18.0,28.2,0.7,0.0,25.6,Training
984,20.07,0.51,9.9,89.59,16.641,841.7,99.6,0.0,0.0,0.0,0.4,26.4,Validation
985,21.52,0.51,9.9,89.59,17.027,847.4,99.6,0.0,0.0,0.0,0.4,26.4,Training
986,24.42,0.51,9.9,89.59,17.035,847.6,99.6,0.0,0.0,0.0,0.4,26.4,Training
987,17.71,0.51,9.9,89.59,17.527,856.7,99.6,0.0,0.0,0.0,0.4,26.4,Validation
988,20.07,0.51,9.9,89.59,17.877,862.6,99.6,0.0,0.0,0.0,0.4,26.4,Validation
989,11.45,0.51,9.9,89.59,16.935,886.7,99.6,0.0,0.0,0.0,0.4,26.4,Validation
990,9.69,0.51,9.9,89.59,17.271,891.9,99.6,0.0,0.0,0.0,0.4,26.4,Training
991,7.34,0.51,9.9,89.59,16.399,924.7,99.6,0.0,0.0,0.0,0.4,26.4,Validation
992,5.55,0.51,9.9,89.59,17.158,939.8,99.6,0.0,0.0,0.0,0.4,26.4,Validation
993,4.24,0.51,9.9,89.59,18.325,962.6,99.6,0.0,0.0,0.0,0.4,26.4,Training
994,5.15,0.51,9.9,89.59,18.889,973.4,99.6,0.0,0.0,0.0,0.4,26.4,Validation
995,4.08,0.51,9.9,89.59,16.167,982.9,99.6,0.0,0.0,0.0,0.4,26.4,Training
996,2.18,0.51,9.9,89.59,14.058,1015.4,99.6,0.0,0.0,0.0,0.4,26.4,Validation
997,2.42,0.51,9.9,89.59,14.306,1021.0,99.6,0.0,0.0,0.0,0.4,26.4,Training
998,1.85,0.51,9.9,89.59,17.014,1042.3,99.6,0.0,0.0,0.0,0.4,26.4,Validation
1000,1.35,0.51,9.9,89.59,16.452,1078.5,99.6,0.0,0.0,0.0,0.4,26.4,Training
1001,1.4,0.51,9.9,89.59,14.461,1078.9,99.6,0.0,0.0,0.0,0.4,26.4,Validation
1002,0.92542,0.51,9.9,89.59,15.731,1128.2,99.6,0.0,0.0,0.0,0.4,26.4,Validation
1003,0.53416,0.51,9.9,89.59,16.495,1210.6,99.6,0.0,0.0,0.0,0.4,26.4,Training
1004,0.36966,0.51,9.9,89.59,16.06,1271.9,99.6,0.0,0.0,0.0,0.4,26.4,Validation
1005,0.38468,0.51,9.9,89.59,16.142,1274.6,99.6,0.0,0.0,0.0,0.4,26.4,Training
1006,0.18554,0.51,9.9,89.59,16.666,1388.9,99.6,0.0,0.0,0.0,0.4,26.4,Training
1007,0.11695,0.51,9.9,89.59,18.31,1448.5,99.6,0.0,0.0,0.0,0.4,26.4,Training
1008,0.06834,0.51,9.9,89.59,18.176,1508.7,99.6,0.0,0.0,0.0,0.4,26.4,Training
1010,0.0269614,0.51,9.9,89.59,19.002,1712.1,99.6,0.0,0.0,0.0,0.4,26.4,Training
1011,7.94,1.0,9.8,89.2,16.9702,893.9,99.6,0.0,0.0,0.0,0.4,26.4,Validation
1012,6.34,1.0,9.8,89.2,17.059,922.7,99.6,0.0,0.0,0.0,0.4,26.4,Training
1013,4.67,1.0,9.8,89.2,17.9277,944.8,99.6,0.0,0.0,0.0,0.4,26.4,Validation
1014,4.12,1.0,9.8,89.2,18.2491,977.0,99.6,0.0,0.0,0.0,0.4,26.4,Training
1016,2.0,1.0,9.8,89.2,15.9807,1038.3,99.6,0.0,0.0,0.0,0.4,26.4,Training
1019,1.2,1.0,9.8,89.2,16.1363,1075.8,99.6,0.0,0.0,0.0,0.4,26.4,Validation
1020,0.925596,1.0,9.8,89.2,16.4639,1109.8,99.6,0.0,0.0,0.0,0.4,26.4,Training
1021,0.784838,1.0,9.8,89.2,16.3371,1134.8,99.6,0.0,0.0,0.0,0.4,26.4,Validation
1022,0.71721,1.0,9.8,89.2,13.6671,1175.3,99.6,0.0,0.0,0.0,0.4,26.4,Validation
1023,0.691245,1.0,9.8,89.2,15.6458,1180.2,99.6,0.0,0.0,0.0,0.4,26.4,Validation
1024,0.590361,1.0,9.8,89.2,14.2725,1193.6,99.6,0.0,0.0,0.0,0.4,26.4,Training
1025,0.468979,1.0,9.8,89.2,14.3536,1267.7,99.6,0.0,0.0,0.0,0.4,26.4,Validation
1027,0.373901,1.0,9.8,89.2,16.1852,1257.2,99.6,0.0,0.0,0.0,0.4,26.4,Training
1028,0.299207,1.0,9.8,89.2,16.7093,1296.3,99.6,0.0,0.0,0.0,0.4,26.4,Validation
1029,0.269318,1.0,9.8,89.2,17.7899,1309.6,99.6,0.0,0.0,0.0,0.4,26.4,Training
1030,0.228643,1.0,9.8,89.2,16.7481,1353.0,99.6,0.0,0.0,0.0,0.4,26.4,Validation
1032,0.18499,1.0,9.8,89.2,14.5907,1402.5,99.6,0.0,0.0,0.0,0.4,26.4,Training
1034,0.0959756,1.0,9.8,89.2,11.39,1552.0,99.6,0.0,0.0,0.0,0.4,26.4,Training
1035,0.0718422,1.0,9.8,89.2,17.7198,1531.5,99.6,0.0,0.0,0.0,0.4,26.4,Validation
1036,0.0570556,1.0,9.8,89.2,18.6344,1565.6,99.6,0.0,0.0,0.0,0.4,26.4,Training
1037,0.0491892,1.0,9.8,89.2,15.5223,1586.9,99.6,0.0,0.0,0.0,0.4,26.4,Validation
1038,0.0482995,1.0,9.8,89.2,15.9881,1607.2,99.6,0.0,0.0,0.0,0.4,26.4,Training
1039,0.041365,1.0,9.8,89.2,16.1256,1616.2,99.6,0.0,0.0,0.0,0.4,26.4,Validation
1040,0.0344198,1.0,9.8,89.2,16.3754,1626.6,99.6,0.0,0.0,0.0,0.4,26.4,Validation
1041,0.467,1.224,20.751,78.025,11.1,1138.0,31.5,25.0,5.8,16.5,0.0,26.4,Training
1042,0.457,1.224,20.751,78.025,10.7,1148.0,31.5,25.0,5.8,16.5,0.0,26.4,Validation
1043,0.828,1.224,20.751,78.025,10.8,1086.0,31.5,25.0,5.8,16.5,0.0,26.4,Validation
1044,0.458,1.224,20.751,78.025,10.1,1162.0,31.5,25.0,5.8,16.5,0.0,26.4,Training
1045,0.253,1.224,20.751,78.025,10.1,1194.0,31.5,25.0,5.8,16.5,0.0,26.4,Validation
1046,0.24,1.224,20.751,78.025,9.9,1214.0,31.5,25.0,5.8,16.5,0.0,26.4,Validation
1047,0.222,1.224,20.751,78.025,9.7,1222.0,31.5,25.0,5.8,16.5,0.0,26.4,Validation
1049,1.561,1.224,20.751,78.025,9.3,1046.0,31.5,25.0,5.8,16.5,0.0,26.4,Validation
1050,0.367,1.224,20.751,78.025,10.6,1176.0,31.5,25.0,5.8,16.5,0.0,26.4,Validation
1051,0.348,1.224,20.751,78.025,12.3,1156.0,31.5,25.0,5.8,16.5,0.0,26.4,Validation
1052,0.806,1.224,20.751,78.025,10.6,1089.0,31.5,25.0,5.8,16.5,0.0,26.4,Training
1053,0.67,1.224,20.751,78.025,10.0,1114.0,31.5,25.0,5.8,16.5,0.0,26.4,Validation
1054,1.301,1.224,20.751,78.025,10.6,1040.0,31.5,25.0,5.8,16.5,0.0,26.4,Training
1055,1.532,1.224,20.751,78.025,10.0,1035.0,31.5,25.0,5.8,16.5,0.0,26.4,Validation
1056,1.121,1.224,20.751,78.025,9.5,1067.0,31.5,25.0,5.8,16.5,0.0,26.4,Training
1057,1.14,1.224,20.751,78.025,7.6,1085.0,31.5,25.0,5.8,16.5,0.0,26.4,Validation
1058,0.342,1.224,20.751,78.025,9.9,1191.0,31.5,25.0,5.8,16.5,0.0,26.4,Validation
1059,0.373,1.224,20.751,78.025,9.4,1191.0,31.5,25.0,5.8,16.5,0.0,26.4,Training
1060,0.338,1.224,20.751,78.025,8.7,1204.0,31.5,25.0,5.8,16.5,0.0,26.4,Validation
1061,1.053,1.224,20.751,78.025,11.5,1050.0,31.5,25.0,5.8,16.5,0.0,26.4,Validation
1063,0.16,1.224,20.751,78.025,23.7,1154.0,31.5,25.0,5.8,16.5,0.0,26.4,Training
1064,0.216,1.224,20.751,78.025,24.6,1125.0,31.5,25.0,5.8,16.5,0.0,26.4,Validation
1065,0.305,1.224,20.751,78.025,24.5,1096.0,31.5,25.0,5.8,16.5,0.0,26.4,Training
1066,0.974,1.224,20.751,78.025,24.4,966.0,31.5,25.0,5.8,16.5,0.0,26.4,Training
1067,0.71,1.224,20.751,78.025,25.0,987.0,31.5,25.0,5.8,16.5,0.0,26.4,Validation
1068,0.525,1.224,20.751,78.025,24.8,1021.0,31.5,25.0,5.8,16.5,0.0,26.4,Training
1069,0.319,1.224,20.751,78.025,25.2,1083.0,31.5,25.0,5.8,16.5,0.0,26.4,Validation
1070,0.181,0.616,20.87,78.505,9.9,1252.0,31.5,25.0,5.8,16.5,0.0,26.4,Validation
1071,0.265,0.616,20.87,78.505,10.1,1208.0,31.5,25.0,5.8,16.5,0.0,26.4,Training
1072,0.857,0.616,20.87,78.505,10.1,1106.0,31.5,25.0,5.8,16.5,0.0,26.4,Validation
1073,0.592,0.616,20.87,78.505,10.0,1144.0,31.5,25.0,5.8,16.5,0.0,26.4,Training
1074,0.53,0.616,20.87,78.505,10.5,1147.0,31.5,25.0,5.8,16.5,0.0,26.4,Validation
1075,0.833,0.616,20.87,78.505,11.3,1096.0,31.5,25.0,5.8,16.5,0.0,26.4,Validation
1076,0.804,0.616,20.87,78.505,11.0,1098.0,31.5,25.0,5.8,16.5,0.0,26.4,Training
1077,2.044,0.616,20.87,78.505,10.7,1022.0,31.5,25.0,5.8,16.5,0.0,26.4,Training
1078,1.233,0.616,20.87,78.505,9.7,1078.0,31.5,25.0,5.8,16.5,0.0,26.4,Validation
1079,0.379,0.616,20.87,78.505,9.6,1189.0,31.5,25.0,5.8,16.5,0.0,26.4,Validation
1080,0.148,0.616,20.87,78.505,25.0,1193.0,31.5,25.0,5.8,16.5,0.0,26.4,Training
1081,0.316,0.616,20.87,78.505,25.1,1128.0,31.5,25.0,5.8,16.5,0.0,26.4,Training
1084,1.68,0.616,20.87,78.505,25.8,972.0,31.5,25.0,5.8,16.5,0.0,26.4,Training
1086,3.081,0.616,20.87,78.505,20.0,790.0,31.5,25.0,5.8,16.5,0.0,26.4,Training
1087,2.699,0.616,20.87,78.505,20.2,828.0,31.5,25.0,5.8,16.5,0.0,26.4,Validation
1088,3.159,0.616,20.87,78.505,19.2,842.0,31.5,25.0,5.8,16.5,0.0,26.4,Training
1089,3.311,0.616,20.87,78.505,19.6,883.0,31.5,25.0,5.8,16.5,0.0,26.4,Training
1090,0.477,1.1521,20.7664,78.0815,9.8,1153.0,37.2,40.0,22.1,0.2,0.0,24.1,Validation
1091,0.688,1.1521,20.7664,78.0815,10.6,1106.0,37.2,40.0,22.1,0.2,0.0,24.1,Validation
1092,0.296,1.1521,20.7664,78.0815,10.2,1204.0,37.2,40.0,22.1,0.2,0.0,24.1,Training
1093,0.175,1.1521,20.7664,78.0815,9.7,1264.0,37.2,40.0,22.1,0.2,0.0,24.1,Training
1094,1.039,1.1521,20.7664,78.0815,11.0,1052.0,37.2,40.0,22.1,0.2,0.0,24.1,Training
1095,1.534,1.1521,20.7664,78.0815,10.5,1013.0,37.2,40.0,22.1,0.2,0.0,24.1,Validation
1096,0.776,1.1521,20.7664,78.0815,10.9,1085.0,37.2,40.0,22.1,0.2,0.0,24.1,Validation
1097,0.648,1.1521,20.7664,78.0815,10.3,1115.0,37.2,40.0,22.1,0.2,0.0,24.1,Training
1098,0.557,1.1521,20.7664,78.0815,24.0,1025.0,37.2,40.0,22.1,0.2,0.0,24.1,Training
1099,0.656,1.1521,20.7664,78.0815,24.2,1005.0,37.2,40.0,22.1,0.2,0.0,24.1,Validation
1100,0.454,1.1521,20.7664,78.0815,24.1,1060.0,37.2,40.0,22.1,0.2,0.0,24.1,Validation
1101,0.283,1.1521,20.7664,78.0815,23.2,1115.0,37.2,40.0,22.1,0.2,0.0,24.1,Training
1102,0.197,1.1521,20.7664,78.0815,21.7,1170.0,37.2,40.0,22.1,0.2,0.0,24.1,Training
1103,0.848,1.1521,20.7664,78.0815,24.4,976.0,37.2,40.0,22.1,0.2,0.0,24.1,Training
1104,0.223,0.5794,20.8867,78.5339,9.7,1239.0,37.2,40.0,22.1,0.2,0.0,24.1,Validation
1106,2.141,0.5794,20.8867,78.5339,10.3,1024.0,37.2,40.0,22.1,0.2,0.0,24.1,Validation
1107,0.455,0.5794,20.8867,78.5339,10.0,1164.0,37.2,40.0,22.1,0.2,0.0,24.1,Validation
1108,1.014,0.5794,20.8867,78.5339,9.7,1093.0,37.2,40.0,22.1,0.2,0.0,24.1,Validation
1109,0.886,0.5794,20.8867,78.5339,9.4,1103.0,37.2,40.0,22.1,0.2,0.0,24.1,Validation
1110,1.258,0.5794,20.8867,78.5339,10.2,1065.0,37.2,40.0,22.1,0.2,0.0,24.1,Training
1111,0.343,0.5794,20.8867,78.5339,9.7,1199.0,37.2,40.0,22.1,0.2,0.0,24.1,Training
1112,0.637,0.5794,20.8867,78.5339,10.2,1128.0,37.2,40.0,22.1,0.2,0.0,24.1,Training
1113,1.333,0.5794,20.8867,78.5339,10.5,1056.0,37.2,40.0,22.1,0.2,0.0,24.1,Validation
1114,0.307,0.5794,20.8867,78.5339,25.3,1122.0,37.2,40.0,22.1,0.2,0.0,24.1,Training
1115,0.511,0.5794,20.8867,78.5339,24.7,1066.0,37.2,40.0,22.1,0.2,0.0,24.1,Training
1116,0.229,0.5794,20.8867,78.5339,24.1,1155.0,37.2,40.0,22.1,0.2,0.0,24.1,Validation
1117,0.849,0.5794,20.8867,78.5339,25.7,1013.0,37.2,40.0,22.1,0.2,0.0,24.1,Training
1118,1.38,0.5794,20.8867,78.5339,26.4,977.0,37.2,40.0,22.1,0.2,0.0,24.1,Validation
1119,3.633,0.5794,20.8867,78.5339,17.4,882.0,37.2,40.0,22.1,0.2,0.0,24.1,Training
1120,4.136,0.5794,20.8867,78.5339,16.0,785.0,37.2,40.0,22.1,0.2,0.0,24.1,Training
1138,0.337,0.5794,20.8867,78.5339,20.3,885.0,37.2,40.0,22.1,0.2,0.0,24.1,Training
768,0.028,1.276,20.74,77.984,23.7,1229.0,29.0,25.0,7.0,16.0,3.0,19.91,Test
106,0.036,2.56,20.46,76.98,10.39,1372.2,4.11973,37.34012,49.87414,0.72511,0.45811,22.0,Test
1009,0.0398013,0.51,9.9,89.59,17.875,1663.7,99.6,0.0,0.0,0.0,0.4,26.4,Test
10,0.046,0.61,20.87,78.52,2.06,1585.2,28.8996301,26.27306416,10.93039112,7.681035334,4.0141944,20.07,Test
361,0.054,2.5,20.48,77.03,9.69,1449.5,67.81749,6.32087,2.44894,4.1087,1.47231,26.77,Test
318,0.057,1.27,20.73,78.0,10.12,1407.4,45.76681263,15.39099921,3.780174135,11.32820999,3.380582549,21.29,Test
401,0.063,0.689,20.86,78.45,21.7,1273.0,29.0,25.0,7.0,16.0,3.0,19.91,Test
49,0.067,2.47,20.48,77.05,9.3,1356.6,28.8996301,26.27306416,10.93039112,7.681035334,4.0141944,20.07,Test
609,0.07,1.258,20.74,78.0,20.5,1213.0,77.0,15.0,1.6,0.9,0.0,23.57,Test
596,0.074,1.286,20.74,77.97,19.0,1212.0,42.0,1.0,0.0,0.0,0.0,22.88,Test
662,0.0827,0.59,10.44,88.97,10.88,1397.4,42.7,10.7,7.1,14.4,0.0,23.2,Test
8,0.084,0.61,20.87,78.52,2.16,1501.0,28.8996301,26.27306416,10.93039112,7.681035334,4.0141944,20.07,Test
190,0.098,0.64,20.87,78.5,10.09,1405.7,20.76559,28.82611,23.55078,4.31528,6.4803,21.421,Test
377,0.101,0.346,20.94,78.72,20.4,1259.0,29.0,25.0,7.0,16.0,3.0,19.91,Test
199,0.108,1.27,20.73,78.0,9.97,1357.9,20.76559,28.82611,23.55078,4.31528,6.4803,21.421,Test
242,0.114,1.25,20.74,78.01,10.35,1319.8,31.47275,20.64195,5.12337,15.45842,4.61387,20.07,Test
1033,0.118375,1.0,9.8,89.2,15.8992,1458.7,99.6,0.0,0.0,0.0,0.4,26.4,Test
868,0.133,1.2385,20.7482,78.0133,13.0,1247.0,22.52,30.58,11.23,19.52,0.0,22.0,Test
398,0.138,0.689,20.86,78.45,21.9,1196.0,29.0,25.0,7.0,16.0,3.0,19.91,Test
128,0.15,1.27,20.73,78.0,2.02,1409.2,17.79624,28.991035,27.498755,8.091765,2.53599,21.035,Test
973,0.157,0.2418,4.0,0.0,1.26,1512.0,39.7,18.0,28.2,0.7,0.0,25.6,Test
418,0.158,1.368,20.72,77.91,7.3,1233.0,29.0,25.0,7.0,16.0,3.0,19.91,Test
119,0.166,0.64,20.87,78.5,9.99,1266.7,17.79624,28.991035,27.498755,8.091765,2.53599,21.035,Test
145,0.174,2.5,20.48,77.03,1.93,1377.9,17.79624,28.991035,27.498755,8.091765,2.53599,21.035,Test
396,0.18,0.689,20.86,78.45,19.0,1179.0,29.0,25.0,7.0,16.0,3.0,19.91,Test
294,0.192,2.5,20.48,77.02,2.93,1365.5,84.94848,0.99754,0.09832,0.00683,0.0,24.82,Test
163,0.206,0.64,20.87,78.5,9.57,1274.8,11.06656,33.24736,36.64036,3.61921,4.4842,20.649,Test
646,0.2169,1.76,20.63,77.61,10.88,1225.8,42.7,10.7,7.1,14.4,0.0,23.2,Test
1031,0.219633,1.0,9.8,89.2,16.6895,1351.9,99.6,0.0,0.0,0.0,0.4,26.4,Test
938,0.23,0.2644,4.0,0.0,14.99,1374.0,18.1,26.56,20.84,20.6,0.0,22.3,Test
1085,0.241,0.616,20.87,78.505,22.6,1160.0,31.5,25.0,5.8,16.5,0.0,26.4,Test
152,0.246,2.5,20.48,77.03,10.22,1170.7,17.79624,28.991035,27.498755,8.091765,2.53599,21.035,Test
808,0.257,1.9772,21.0,0.0,17.9,1120.0,22.52,30.58,11.23,19.52,0.0,22.0,Test
484,0.261,1.368,20.72,77.91,18.2,1106.0,29.0,25.0,7.0,16.0,3.0,19.91,Test
178,0.276,2.5,20.48,77.03,9.73,1186.5,11.06656,33.24736,36.64036,3.61921,4.4842,20.649,Test
736,0.286,1.276,20.74,77.984,50.9,1009.0,29.0,25.0,7.0,16.0,3.0,19.91,Test
515,0.298,1.368,20.72,77.91,38.5,1054.0,29.0,25.0,7.0,16.0,3.0,19.91,Test
329,0.304,0.64,20.87,78.5,9.8,1238.8,82.1971,1.97005,0.60098,0.07964,0.0,28.93,Test
482,0.318,1.368,20.72,77.91,18.4,1092.0,29.0,25.0,7.0,16.0,3.0,19.91,Test
1062,0.332,1.224,20.751,78.025,24.8,1076.0,31.5,25.0,5.8,16.5,0.0,26.4,Test
965,0.349,1.2545,20.7449,78.0007,10.8,1152.0,36.6,41.0,19.7,0.3,0.0,24.1,Test
186,0.352,0.64,20.87,78.5,9.43,1227.4,20.76559,28.82611,23.55078,4.31528,6.4803,21.421,Test
921,0.367,1.1607,21.0,0.0,16.1,1116.0,18.1,26.56,20.84,20.6,0.0,22.3,Test
1026,0.37485,1.0,9.8,89.2,15.9366,1250.7,99.6,0.0,0.0,0.0,0.4,26.4,Test
838,0.379,0.1206,4.0,0.0,12.24,1284.0,22.52,30.58,11.23,19.52,0.0,22.0,Test
299,0.405,2.5,20.48,77.02,10.07,1173.3,84.94848,0.99754,0.09832,0.00683,0.0,24.82,Test
574,0.423,1.171,20.76,78.07,24.0,1044.0,82.0,0.0,0.0,0.0,0.0,24.9,Test
306,0.436,0.64,20.86,78.5,9.84,1191.6,45.76681263,15.39099921,3.780174135,11.32820999,3.380582549,21.29,Test
879,0.452,1.3897,21.0,0.0,16.6,1072.0,29.0,25.0,7.0,16.0,3.0,21.7,Test
480,0.464,1.368,20.72,77.91,19.3,1072.0,29.0,25.0,7.0,16.0,3.0,19.91,Test
645,0.4712,1.76,20.63,77.61,10.88,1109.6,42.7,10.7,7.1,14.4,0.0,23.2,Test
514,0.495,1.368,20.72,77.91,40.9,1034.0,29.0,25.0,7.0,16.0,3.0,19.91,Test
867,0.517,1.2637,20.7429,77.9934,14.1,1109.0,22.52,30.58,11.23,19.52,0.0,22.0,Test
660,0.5186,0.59,10.44,88.97,10.88,1185.7,42.7,10.7,7.1,14.4,0.0,23.2,Test
758,0.53,0.642,20.87,78.488,19.9,1081.0,29.0,25.0,7.0,16.0,3.0,19.91,Test
1083,0.539,0.616,20.87,78.505,25.8,1078.0,31.5,25.0,5.8,16.5,0.0,26.4,Test
284,0.57,1.27,20.73,78.0,9.93,1146.8,84.94848,0.99754,0.09832,0.00683,0.0,24.82,Test
124,0.61,1.27,20.73,78.0,2.04,1212.9,17.79624,28.991035,27.498755,8.091765,2.53599,21.035,Test
4,0.619,0.61,20.87,78.52,1.98,1255.6,28.8996301,26.27306416,10.93039112,7.681035334,4.0141944,20.07,Test
726,0.641,1.276,20.74,77.984,32.1,997.0,29.0,25.0,7.0,16.0,3.0,19.91,Test
339,0.684,2.5,20.48,77.03,10.14,1105.7,82.1971,1.97005,0.60098,0.07964,0.0,28.93,Test
202,0.705,2.5,20.48,77.03,10.05,1082.1,20.76559,28.82611,23.55078,4.31528,6.4803,21.421,Test
913,0.718,1.3591,20.7229,77.918,9.86,1109.0,29.0,25.0,7.0,16.0,3.0,21.7,Test
102,0.731,2.56,20.46,76.98,10.65,1075.0,4.11973,37.34012,49.87414,0.72511,0.45811,22.0,Test
770,0.778,1.117,21.0,77.883,3.08,1232.0,99.6,0.0,0.0,0.0,0.4,26.4,Test
1048,0.802,1.224,20.751,78.025,10.3,1099.0,31.5,25.0,5.8,16.5,0.0,26.4,Test
391,0.813,0.689,20.86,78.45,19.0,1052.0,29.0,25.0,7.0,16.0,3.0,19.91,Test
149,0.817,2.5,20.48,77.03,10.34,1076.0,17.79624,28.991035,27.498755,8.091765,2.53599,21.035,Test
263,0.849,0.64,20.86,78.5,3.03,1205.1,84.94848,0.99754,0.09832,0.00683,0.0,24.82,Test
844,0.873,0.512,4.0,0.0,12.1,1248.0,22.52,30.58,11.23,19.52,0.0,22.0,Test
93,0.933,2.56,20.46,76.98,2.1,1182.7,4.11973,37.34012,49.87414,0.72511,0.45811,22.0,Test
176,0.948,2.5,20.48,77.03,10.34,1063.3,11.06656,33.24736,36.64036,3.61921,4.4842,20.649,Test
1082,1.001,0.616,20.87,78.505,26.1,1010.0,31.5,25.0,5.8,16.5,0.0,26.4,Test
257,1.021,2.47,20.48,77.05,10.34,1063.5,31.47275,20.64195,5.12337,15.45842,4.61387,20.07,Test
1105,1.058,0.5794,20.8867,78.5339,10.5,1082.0,37.2,40.0,22.1,0.2,0.0,24.1,Test
686,1.08,0.59,6.96,92.45,10.88,1197.7,42.7,10.7,7.1,14.4,0.0,23.2,Test
571,1.142,1.171,20.76,78.07,20.9,942.0,82.0,0.0,0.0,0.0,0.0,24.9,Test
388,1.163,0.689,20.86,78.45,19.8,1017.0,29.0,25.0,7.0,16.0,3.0,19.91,Test
783,1.227,1.0723,21.0,77.9277,8.15,1069.0,99.6,0.0,0.0,0.0,0.4,26.4,Test
82,1.237,1.3,20.73,77.98,9.69,1058.1,4.11973,37.34012,49.87414,0.72511,0.45811,22.0,Test
946,1.285,1.4045,20.7133,77.8822,14.9,1015.0,18.1,26.56,20.84,20.6,0.0,22.3,Test
563,1.334,1.171,20.76,78.07,20.6,717.0,82.0,0.0,0.0,0.0,0.0,24.9,Test
297,1.34,2.5,20.48,77.02,9.89,1045.8,84.94848,0.99754,0.09832,0.00683,0.0,24.82,Test
836,1.403,0.1206,4.0,0.0,12.82,1182.0,22.52,30.58,11.23,19.52,0.0,22.0,Test
1018,1.43,1.0,9.8,89.2,15.9668,1071.5,99.6,0.0,0.0,0.0,0.4,26.4,Test
1017,1.48,1.0,9.8,89.2,14.125,1072.5,99.6,0.0,0.0,0.0,0.4,26.4,Test
957,1.532,0.233,4.0,0.0,13.24,1202.0,36.6,41.0,19.7,0.3,0.0,24.1,Test
999,1.55,0.51,9.9,89.59,16.196,1070.8,99.6,0.0,0.0,0.0,0.4,26.4,Test
497,1.644,1.368,20.72,77.91,38.5,812.0,29.0,25.0,7.0,16.0,3.0,19.91,Test
541,1.662,2.038,20.58,77.38,23.4,894.0,29.0,25.0,7.0,16.0,3.0,19.91,Test
532,1.709,2.038,20.58,77.38,18.7,743.0,29.0,25.0,7.0,16.0,3.0,19.91,Test
458,1.742,1.368,20.72,77.91,22.1,815.0,29.0,25.0,7.0,16.0,3.0,19.91,Test
909,1.795,0.2647,4.0,0.0,1.38,1296.0,29.0,25.0,7.0,16.0,3.0,21.7,Test
450,1.842,1.368,20.72,77.91,20.9,750.0,29.0,25.0,7.0,16.0,3.0,19.91,Test
466,1.908,1.368,20.72,77.91,21.8,851.0,29.0,25.0,7.0,16.0,3.0,19.91,Test
531,1.973,2.038,20.58,77.38,21.1,724.0,29.0,25.0,7.0,16.0,3.0,19.91,Test
539,2.064,2.038,20.58,77.38,19.2,854.0,29.0,25.0,7.0,16.0,3.0,19.91,Test
448,2.287,1.368,20.72,77.91,20.0,723.0,29.0,25.0,7.0,16.0,3.0,19.91,Test
632,2.4805,1.18,20.75,78.07,10.88,952.1,42.7,10.7,7.1,14.4,0.0,23.2,Test
754,2.628,1.276,20.74,77.984,20.8,808.0,29.0,25.0,7.0,16.0,3.0,19.91,Test
366,2.722,0.346,20.94,78.72,19.1,953.0,29.0,25.0,7.0,16.0,3.0,19.91,Test
429,3.117,1.368,20.72,77.91,12.0,937.0,29.0,25.0,7.0,16.0,3.0,19.91,Test
1015,3.25,1.0,9.8,89.2,15.5522,999.2,99.6,0.0,0.0,0.0,0.4,26.4,Test
381,3.594,0.689,20.86,78.45,19.6,785.0,29.0,25.0,7.0,16.0,3.0,19.91,Test
657,4.4196,0.59,10.44,88.97,10.88,947.6,42.7,10.7,7.1,14.4,0.0,23.2,Test
638,4.9193,1.76,20.63,77.61,10.88,795.9,42.7,10.7,7.1,14.4,0.0,23.2,Test
709,5.535,1.28,20.74,77.98,13.1,750.0,29.0,25.0,7.0,16.0,3.0,21.0,Test
640,5.8276,1.76,20.63,77.61,10.88,832.7,42.7,10.7,7.1,14.4,0.0,23.2,Test
425,6.8,1.368,20.72,77.91,11.6,823.0,29.0,25.0,7.0,16.0,3.0,19.91,Test
523,8.311,2.038,20.58,77.38,19.8,662.0,29.0,25.0,7.0,16.0,3.0,19.91,Test
319,9.7,2.5,20.48,77.02,9.7,1087.3,45.76681263,15.39099921,3.780174135,11.32820999,3.380582549,21.29,Test
323,10.27,2.5,20.48,77.02,10.27,1335.4,45.76681263,15.39099921,3.780174135,11.32820999,3.380582549,21.29,Test
