Point,IDT_ms,X_Fuel,X_N2,P,T,Formula_C,n-C9,n-C14,n-C15,n-C18,mono-c-C12,mono-c-C15,poly-c-C14,poly-c-C15,aro-C11,aro-C13,Set,IDT_ms_pred
1,1.62,0.61,78.52,1.96,1091.5,11.09,1.917346145,1.587329303,0.535539797,0.011447213,6.728348951,1.73157586,0.771341583,0.289584147,1.409193067,0.686978125,Training,1.4907249999999994
2,0.992,0.61,78.52,2.06,1157.9,11.09,1.917346145,1.587329303,0.535539797,0.011447213,6.728348951,1.73157586,0.771341583,0.289584147,1.409193067,0.686978125,Training,1.1275749999999998
3,0.815,0.61,78.52,2.03,1210.0,11.09,1.917346145,1.587329303,0.535539797,0.011447213,6.728348951,1.73157586,0.771341583,0.289584147,1.409193067,0.686978125,Training,0.7757500000000003
4,0.619,0.61,78.52,1.98,1255.6,11.09,1.917346145,1.587329303,0.535539797,0.011447213,6.728348951,1.73157586,0.771341583,0.289584147,1.409193067,0.686978125,Training,0.5558249999999999
5,0.24,0.61,78.52,2.08,1327.2,11.09,1.917346145,1.587329303,0.535539797,0.011447213,6.728348951,1.73157586,0.771341583,0.289584147,1.409193067,0.686978125,Training,0.2722000000000001
6,0.171,0.61,78.52,1.96,1386.3,11.09,1.917346145,1.587329303,0.535539797,0.011447213,6.728348951,1.73157586,0.771341583,0.289584147,1.409193067,0.686978125,Training,0.17485000000000006
7,0.121,0.61,78.52,2.01,1457.9,11.09,1.917346145,1.587329303,0.535539797,0.011447213,6.728348951,1.73157586,0.771341583,0.289584147,1.409193067,0.686978125,Training,0.13185000000000002
9,0.077,0.61,78.52,2.04,1516.1,11.09,1.917346145,1.587329303,0.535539797,0.011447213,6.728348951,1.73157586,0.771341583,0.289584147,1.409193067,0.686978125,Training,0.09902500000000002
10,0.046,0.61,78.52,2.06,1585.2,11.09,1.917346145,1.587329303,0.535539797,0.011447213,6.728348951,1.73157586,0.771341583,0.289584147,1.409193067,0.686978125,Training,0.07037500000000001
12,0.643,0.61,78.52,10.9,1109.6,11.09,1.917346145,1.587329303,0.535539797,0.011447213,6.728348951,1.73157586,0.771341583,0.289584147,1.409193067,0.686978125,Training,0.7930450000000003
13,0.344,0.61,78.52,9.31,1164.1,11.09,1.917346145,1.587329303,0.535539797,0.011447213,6.728348951,1.73157586,0.771341583,0.289584147,1.409193067,0.686978125,Training,0.4706349999999998
14,0.159,0.61,78.52,9.69,1281.8,11.09,1.917346145,1.587329303,0.535539797,0.011447213,6.728348951,1.73157586,0.771341583,0.289584147,1.409193067,0.686978125,Training,0.19847499999999996
16,0.024,0.61,78.52,10.8,1382.9,11.09,1.917346145,1.587329303,0.535539797,0.011447213,6.728348951,1.73157586,0.771341583,0.289584147,1.409193067,0.686978125,Training,0.05245499999999992
17,0.025,0.61,78.52,10.6,1386.5,11.09,1.917346145,1.587329303,0.535539797,0.011447213,6.728348951,1.73157586,0.771341583,0.289584147,1.409193067,0.686978125,Training,0.0463174999999999
18,1.228,1.25,78.01,1.81,1095.0,11.09,1.917346145,1.587329303,0.535539797,0.011447213,6.728348951,1.73157586,0.771341583,0.289584147,1.409193067,0.686978125,Training,1.3301000000000003
19,1.1,1.25,78.01,2.1,1166.6,11.09,1.917346145,1.587329303,0.535539797,0.011447213,6.728348951,1.73157586,0.771341583,0.289584147,1.409193067,0.686978125,Training,1.0066250000000003
20,0.63,1.25,78.01,1.98,1261.5,11.09,1.917346145,1.587329303,0.535539797,0.011447213,6.728348951,1.73157586,0.771341583,0.289584147,1.409193067,0.686978125,Training,0.5463999999999999
21,0.398,1.25,78.01,2.04,1312.9,11.09,1.917346145,1.587329303,0.535539797,0.011447213,6.728348951,1.73157586,0.771341583,0.289584147,1.409193067,0.686978125,Training,0.3794499999999999
22,0.211,1.25,78.01,2.0,1370.4,11.09,1.917346145,1.587329303,0.535539797,0.011447213,6.728348951,1.73157586,0.771341583,0.289584147,1.409193067,0.686978125,Training,0.19160000000000005
23,0.126,1.25,78.01,2.1,1434.5,11.09,1.917346145,1.587329303,0.535539797,0.011447213,6.728348951,1.73157586,0.771341583,0.289584147,1.409193067,0.686978125,Training,0.11507499999999998
25,0.07,1.25,78.01,1.89,1484.1,11.09,1.917346145,1.587329303,0.535539797,0.011447213,6.728348951,1.73157586,0.771341583,0.289584147,1.409193067,0.686978125,Training,0.086175
26,0.041,1.25,78.01,2.05,1570.9,11.09,1.917346145,1.587329303,0.535539797,0.011447213,6.728348951,1.73157586,0.771341583,0.289584147,1.409193067,0.686978125,Training,0.06475
28,1.823,1.25,78.01,9.97,988.9,11.09,1.917346145,1.587329303,0.535539797,0.011447213,6.728348951,1.73157586,0.771341583,0.289584147,1.409193067,0.686978125,Training,1.8841762499999994
30,0.693,1.25,78.01,9.32,1069.5,11.09,1.917346145,1.587329303,0.535539797,0.011447213,6.728348951,1.73157586,0.771341583,0.289584147,1.409193067,0.686978125,Training,1.1765750000000001
32,0.358,1.25,78.01,10.0,1151.0,11.09,1.917346145,1.587329303,0.535539797,0.011447213,6.728348951,1.73157586,0.771341583,0.289584147,1.409193067,0.686978125,Training,0.39037500000000025
33,0.213,1.25,78.01,10.2,1211.2,11.09,1.917346145,1.587329303,0.535539797,0.011447213,6.728348951,1.73157586,0.771341583,0.289584147,1.409193067,0.686978125,Training,0.2695099999999999
35,0.055,1.25,78.01,9.44,1355.9,11.09,1.917346145,1.587329303,0.535539797,0.011447213,6.728348951,1.73157586,0.771341583,0.289584147,1.409193067,0.686978125,Training,0.07447500000000001
36,0.013,1.25,78.01,10.14,1439.4,11.09,1.917346145,1.587329303,0.535539797,0.011447213,6.728348951,1.73157586,0.771341583,0.289584147,1.409193067,0.686978125,Training,0.049599999999999936
38,0.957,2.47,77.05,1.97,1194.0,11.09,1.917346145,1.587329303,0.535539797,0.011447213,6.728348951,1.73157586,0.771341583,0.289584147,1.409193067,0.686978125,Training,0.8914000000000004
39,0.827,2.47,77.05,1.98,1246.0,11.09,1.917346145,1.587329303,0.535539797,0.011447213,6.728348951,1.73157586,0.771341583,0.289584147,1.409193067,0.686978125,Training,0.67815
40,0.448,2.47,77.05,2.08,1325.5,11.09,1.917346145,1.587329303,0.535539797,0.011447213,6.728348951,1.73157586,0.771341583,0.289584147,1.409193067,0.686978125,Training,0.3560750000000002
41,0.208,2.47,77.05,2.08,1426.7,11.09,1.917346145,1.587329303,0.535539797,0.011447213,6.728348951,1.73157586,0.771341583,0.289584147,1.409193067,0.686978125,Training,0.14785000000000004
42,0.163,2.47,77.05,1.93,1477.1,11.09,1.917346145,1.587329303,0.535539797,0.011447213,6.728348951,1.73157586,0.771341583,0.289584147,1.409193067,0.686978125,Training,0.11685
43,0.081,2.47,77.05,2.0,1553.6,11.09,1.917346145,1.587329303,0.535539797,0.011447213,6.728348951,1.73157586,0.771341583,0.289584147,1.409193067,0.686978125,Training,0.07485000000000001
44,1.81,2.47,77.05,11.1,1041.4,11.09,1.917346145,1.587329303,0.535539797,0.011447213,6.728348951,1.73157586,0.771341583,0.289584147,1.409193067,0.686978125,Training,1.4514700000000005
45,0.916,2.47,77.05,9.55,1080.8,11.09,1.917346145,1.587329303,0.535539797,0.011447213,6.728348951,1.73157586,0.771341583,0.289584147,1.409193067,0.686978125,Training,1.0385999999999997
47,0.198,2.47,77.05,10.24,1211.5,11.09,1.917346145,1.587329303,0.535539797,0.011447213,6.728348951,1.73157586,0.771341583,0.289584147,1.409193067,0.686978125,Training,0.24170000000000016
49,0.067,2.47,77.05,9.3,1356.6,11.09,1.917346145,1.587329303,0.535539797,0.011447213,6.728348951,1.73157586,0.771341583,0.289584147,1.409193067,0.686978125,Training,0.07320000000000003
50,1.335,0.65,78.48,2.03,1158.8,11.3,0.749021067,0.89719832,0.076294116,0.0,6.158590143,0.156115339,3.107687167,0.045571229,0.071082137,0.351889773,Training,1.1595500000000003
53,0.389,0.65,78.48,1.9,1266.4,11.3,0.749021067,0.89719832,0.076294116,0.0,6.158590143,0.156115339,3.107687167,0.045571229,0.071082137,0.351889773,Training,0.43869999999999987
55,0.149,0.65,78.48,1.96,1386.9,11.3,0.749021067,0.89719832,0.076294116,0.0,6.158590143,0.156115339,3.107687167,0.045571229,0.071082137,0.351889773,Training,0.16705
57,0.058,0.65,78.48,1.99,1498.1,11.3,0.749021067,0.89719832,0.076294116,0.0,6.158590143,0.156115339,3.107687167,0.045571229,0.071082137,0.351889773,Training,0.0807
60,0.799,0.65,78.48,10.2,1110.7,11.3,0.749021067,0.89719832,0.076294116,0.0,6.158590143,0.156115339,3.107687167,0.045571229,0.071082137,0.351889773,Training,0.8263599999999999
61,0.345,0.65,78.48,9.57,1172.9,11.3,0.749021067,0.89719832,0.076294116,0.0,6.158590143,0.156115339,3.107687167,0.045571229,0.071082137,0.351889773,Training,0.41274999999999995
63,0.156,0.65,78.48,10.67,1251.4,11.3,0.749021067,0.89719832,0.076294116,0.0,6.158590143,0.156115339,3.107687167,0.045571229,0.071082137,0.351889773,Training,0.19989499999999993
66,0.04,0.65,78.48,10.56,1363.2,11.3,0.749021067,0.89719832,0.076294116,0.0,6.158590143,0.156115339,3.107687167,0.045571229,0.071082137,0.351889773,Training,0.07599750000000001
68,2.042,1.3,77.98,1.98,1085.9,11.3,0.749021067,0.89719832,0.076294116,0.0,6.158590143,0.156115339,3.107687167,0.045571229,0.071082137,0.351889773,Training,1.5535250000000003
71,0.959,1.3,77.98,1.91,1137.5,11.3,0.749021067,0.89719832,0.076294116,0.0,6.158590143,0.156115339,3.107687167,0.045571229,0.071082137,0.351889773,Training,1.1903750000000004
73,0.584,1.3,77.98,1.91,1273.7,11.3,0.749021067,0.89719832,0.076294116,0.0,6.158590143,0.156115339,3.107687167,0.045571229,0.071082137,0.351889773,Training,0.43504999999999994
75,0.297,1.3,77.98,2.05,1368.0,11.3,0.749021067,0.89719832,0.076294116,0.0,6.158590143,0.156115339,3.107687167,0.045571229,0.071082137,0.351889773,Training,0.22227499999999997
77,0.142,1.3,77.98,1.92,1471.3,11.3,0.749021067,0.89719832,0.076294116,0.0,6.158590143,0.156115339,3.107687167,0.045571229,0.071082137,0.351889773,Training,0.12197500000000001
78,0.071,1.3,77.98,2.04,1519.8,11.3,0.749021067,0.89719832,0.076294116,0.0,6.158590143,0.156115339,3.107687167,0.045571229,0.071082137,0.351889773,Training,0.07202500000000005
79,0.056,1.3,77.98,2.0,1600.7,11.3,0.749021067,0.89719832,0.076294116,0.0,6.158590143,0.156115339,3.107687167,0.045571229,0.071082137,0.351889773,Training,0.064075
80,0.035,1.3,77.98,1.96,1683.8,11.3,0.749021067,0.89719832,0.076294116,0.0,6.158590143,0.156115339,3.107687167,0.045571229,0.071082137,0.351889773,Training,0.06407500000000002
82,1.237,1.3,77.98,9.69,1058.1,11.3,0.749021067,0.89719832,0.076294116,0.0,6.158590143,0.156115339,3.107687167,0.045571229,0.071082137,0.351889773,Training,1.4072550000000008
85,0.371,1.3,77.98,10.31,1124.9,11.3,0.749021067,0.89719832,0.076294116,0.0,6.158590143,0.156115339,3.107687167,0.045571229,0.071082137,0.351889773,Training,0.649725
86,0.242,1.3,77.98,9.56,1177.6,11.3,0.749021067,0.89719832,0.076294116,0.0,6.158590143,0.156115339,3.107687167,0.045571229,0.071082137,0.351889773,Training,0.3779250000000001
87,0.174,1.3,77.98,10.05,1224.6,11.3,0.749021067,0.89719832,0.076294116,0.0,6.158590143,0.156115339,3.107687167,0.045571229,0.071082137,0.351889773,Training,0.23428250000000014
90,0.063,1.3,77.98,10.8,1306.3,11.3,0.749021067,0.89719832,0.076294116,0.0,6.158590143,0.156115339,3.107687167,0.045571229,0.071082137,0.351889773,Training,0.10053000000000004
93,0.933,2.56,76.98,2.1,1182.7,11.3,0.749021067,0.89719832,0.076294116,0.0,6.158590143,0.156115339,3.107687167,0.045571229,0.071082137,0.351889773,Training,0.8994250000000001
96,0.434,2.56,76.98,2.0,1300.2,11.3,0.749021067,0.89719832,0.076294116,0.0,6.158590143,0.156115339,3.107687167,0.045571229,0.071082137,0.351889773,Training,0.37547499999999995
98,0.175,2.56,76.98,2.0,1402.6,11.3,0.749021067,0.89719832,0.076294116,0.0,6.158590143,0.156115339,3.107687167,0.045571229,0.071082137,0.351889773,Training,0.17325000000000002
99,0.142,2.56,76.98,2.08,1487.5,11.3,0.749021067,0.89719832,0.076294116,0.0,6.158590143,0.156115339,3.107687167,0.045571229,0.071082137,0.351889773,Training,0.11752499999999999
100,0.092,2.56,76.98,1.98,1544.4,11.3,0.749021067,0.89719832,0.076294116,0.0,6.158590143,0.156115339,3.107687167,0.045571229,0.071082137,0.351889773,Training,0.11552500000000002
101,1.875,2.56,76.98,9.68,1020.8,11.3,0.749021067,0.89719832,0.076294116,0.0,6.158590143,0.156115339,3.107687167,0.045571229,0.071082137,0.351889773,Training,1.6778537500000004
103,0.338,2.56,76.98,9.38,1136.9,11.3,0.749021067,0.89719832,0.076294116,0.0,6.158590143,0.156115339,3.107687167,0.045571229,0.071082137,0.351889773,Training,0.6848000000000001
104,0.151,2.56,76.98,10.38,1218.1,11.3,0.749021067,0.89719832,0.076294116,0.0,6.158590143,0.156115339,3.107687167,0.045571229,0.071082137,0.351889773,Training,0.21669500000000008
105,0.085,2.56,76.98,9.63,1279.5,11.3,0.749021067,0.89719832,0.076294116,0.0,6.158590143,0.156115339,3.107687167,0.045571229,0.071082137,0.351889773,Training,0.15207500000000004
106,0.036,2.56,76.98,10.39,1372.2,11.3,0.749021067,0.89719832,0.076294116,0.0,6.158590143,0.156115339,3.107687167,0.045571229,0.071082137,0.351889773,Training,0.04727500000000001
107,1.002,0.64,78.5,10.33,1115.0,11.153,1.022847159,0.898999666,0.160814737,0.003741824,3.894257905,0.233603857,1.86637469,0.471071417,0.135860155,0.686735022,Training,0.8593599999999999
110,0.524,0.64,78.5,9.26,1167.6,11.153,1.022847159,0.898999666,0.160814737,0.003741824,3.894257905,0.233603857,1.86637469,0.471071417,0.135860155,0.686735022,Training,0.5347000000000003
113,0.206,0.64,78.5,9.57,1274.8,11.153,1.022847159,0.898999666,0.160814737,0.003741824,3.894257905,0.233603857,1.86637469,0.471071417,0.135860155,0.686735022,Training,0.20412500000000003
114,0.118,0.64,78.5,9.94,1346.6,11.153,1.022847159,0.898999666,0.160814737,0.003741824,3.894257905,0.233603857,1.86637469,0.471071417,0.135860155,0.686735022,Training,0.111675
115,0.074,0.64,78.5,10.32,1420.7,11.153,1.022847159,0.898999666,0.160814737,0.003741824,3.894257905,0.233603857,1.86637469,0.471071417,0.135860155,0.686735022,Training,0.06750499999999994
118,0.93,1.27,78.0,9.72,1086.8,11.153,1.022847159,0.898999666,0.160814737,0.003741824,3.894257905,0.233603857,1.86637469,0.471071417,0.135860155,0.686735022,Training,1.0728499999999999
120,0.408,1.27,78.0,10.31,1164.4,11.153,1.022847159,0.898999666,0.160814737,0.003741824,3.894257905,0.233603857,1.86637469,0.471071417,0.135860155,0.686735022,Training,0.39122499999999993
122,0.116,1.27,78.0,10.24,1313.9,11.153,1.022847159,0.898999666,0.160814737,0.003741824,3.894257905,0.233603857,1.86637469,0.471071417,0.135860155,0.686735022,Training,0.11725000000000003
123,0.086,1.27,78.0,9.49,1367.3,11.153,1.022847159,0.898999666,0.160814737,0.003741824,3.894257905,0.233603857,1.86637469,0.471071417,0.135860155,0.686735022,Training,0.07890000000000001
124,0.054,1.27,78.0,9.88,1441.9,11.153,1.022847159,0.898999666,0.160814737,0.003741824,3.894257905,0.233603857,1.86637469,0.471071417,0.135860155,0.686735022,Training,0.057824999999999994
126,0.948,2.5,77.03,10.34,1063.3,11.153,1.022847159,0.898999666,0.160814737,0.003741824,3.894257905,0.233603857,1.86637469,0.471071417,0.135860155,0.686735022,Training,1.1092600000000004
127,0.446,2.5,77.03,10.77,1132.2,11.153,1.022847159,0.898999666,0.160814737,0.003741824,3.894257905,0.233603857,1.86637469,0.471071417,0.135860155,0.686735022,Training,0.5656350000000002
128,0.276,2.5,77.03,9.73,1186.5,11.153,1.022847159,0.898999666,0.160814737,0.003741824,3.894257905,0.233603857,1.86637469,0.471071417,0.135860155,0.686735022,Training,0.35609999999999986
130,0.07,2.5,77.03,9.82,1388.9,11.153,1.022847159,0.898999666,0.160814737,0.003741824,3.894257905,0.233603857,1.86637469,0.471071417,0.135860155,0.686735022,Training,0.07315000000000002
131,0.052,2.5,77.03,10.61,1437.0,11.153,1.022847159,0.898999666,0.160814737,0.003741824,3.894257905,0.233603857,1.86637469,0.471071417,0.135860155,0.686735022,Training,0.06759249999999972
132,0.04,2.5,77.03,10.56,1486.1,11.153,1.022847159,0.898999666,0.160814737,0.003741824,3.894257905,0.233603857,1.86637469,0.471071417,0.135860155,0.686735022,Training,0.04862500000000007
133,1.17,0.64,78.5,9.85,1093.3,11.237,1.470850995,1.239943509,0.361005011,0.008540586,4.032195763,0.395770795,1.75017473,0.503022943,0.19329253,0.610733767,Training,1.2436000000000003
135,0.5,0.64,78.5,10.25,1161.9,11.237,1.470850995,1.239943509,0.361005011,0.008540586,4.032195763,0.395770795,1.75017473,0.503022943,0.19329253,0.610733767,Training,0.48440250000000024
137,0.25,0.64,78.5,10.01,1260.3,11.237,1.470850995,1.239943509,0.361005011,0.008540586,4.032195763,0.395770795,1.75017473,0.503022943,0.19329253,0.610733767,Training,0.22608000000000006
138,0.166,0.64,78.5,10.26,1315.4,11.237,1.470850995,1.239943509,0.361005011,0.008540586,4.032195763,0.395770795,1.75017473,0.503022943,0.19329253,0.610733767,Training,0.14059749999999996
140,0.098,0.64,78.5,10.09,1405.7,11.237,1.470850995,1.239943509,0.361005011,0.008540586,4.032195763,0.395770795,1.75017473,0.503022943,0.19329253,0.610733767,Training,0.08511249999999997
141,0.069,0.64,78.5,9.59,1470.2,11.237,1.470850995,1.239943509,0.361005011,0.008540586,4.032195763,0.395770795,1.75017473,0.503022943,0.19329253,0.610733767,Training,0.06722500000000002
144,0.835,1.27,78.0,9.84,1091.0,11.237,1.470850995,1.239943509,0.361005011,0.008540586,4.032195763,0.395770795,1.75017473,0.503022943,0.19329253,0.610733767,Training,1.0273875000000003
145,0.464,1.27,78.0,10.12,1155.7,11.237,1.470850995,1.239943509,0.361005011,0.008540586,4.032195763,0.395770795,1.75017473,0.503022943,0.19329253,0.610733767,Training,0.4266825000000003
147,0.222,1.27,78.0,10.02,1251.1,11.237,1.470850995,1.239943509,0.361005011,0.008540586,4.032195763,0.395770795,1.75017473,0.503022943,0.19329253,0.610733767,Training,0.2127250000000001
148,0.16,1.27,78.0,10.03,1301.8,11.237,1.470850995,1.239943509,0.361005011,0.008540586,4.032195763,0.395770795,1.75017473,0.503022943,0.19329253,0.610733767,Training,0.13879999999999998
149,0.108,1.27,78.0,9.97,1357.9,11.237,1.470850995,1.239943509,0.361005011,0.008540586,4.032195763,0.395770795,1.75017473,0.503022943,0.19329253,0.610733767,Training,0.09540000000000003
150,0.068,1.27,78.0,10.5,1431.9,11.237,1.470850995,1.239943509,0.361005011,0.008540586,4.032195763,0.395770795,1.75017473,0.503022943,0.19329253,0.610733767,Training,0.06294999999999999
151,0.044,1.27,78.0,10.24,1517.0,11.237,1.470850995,1.239943509,0.361005011,0.008540586,4.032195763,0.395770795,1.75017473,0.503022943,0.19329253,0.610733767,Training,0.056225000000000004
152,0.705,2.5,77.03,10.05,1082.1,11.237,1.470850995,1.239943509,0.361005011,0.008540586,4.032195763,0.395770795,1.75017473,0.503022943,0.19329253,0.610733767,Training,0.9738599999999998
155,0.321,2.5,77.03,10.34,1165.2,11.237,1.470850995,1.239943509,0.361005011,0.008540586,4.032195763,0.395770795,1.75017473,0.503022943,0.19329253,0.610733767,Training,0.39330999999999994
156,0.184,2.5,77.03,10.06,1253.3,11.237,1.470850995,1.239943509,0.361005011,0.008540586,4.032195763,0.395770795,1.75017473,0.503022943,0.19329253,0.610733767,Training,0.20282500000000014
157,0.107,2.5,77.03,9.8,1348.3,11.237,1.470850995,1.239943509,0.361005011,0.008540586,4.032195763,0.395770795,1.75017473,0.503022943,0.19329253,0.610733767,Training,0.08280000000000005
158,0.065,2.5,77.03,10.54,1443.5,11.237,1.470850995,1.239943509,0.361005011,0.008540586,4.032195763,0.395770795,1.75017473,0.503022943,0.19329253,0.610733767,Training,0.052999999999999964
160,1.462,0.61,78.52,2.77,1155.0,11.09,1.684949357,1.023221173,0.059520731,0.0,5.091725497,0.022388021,0.198154639,0.0,3.768732341,0.832154086,Training,1.2290250000000003
163,0.628,0.61,78.52,3.22,1237.6,11.09,1.684949357,1.023221173,0.059520731,0.0,5.091725497,0.022388021,0.198154639,0.0,3.768732341,0.832154086,Training,0.5510750000000001
165,0.236,0.61,78.52,3.2,1339.3,11.09,1.684949357,1.023221173,0.059520731,0.0,5.091725497,0.022388021,0.198154639,0.0,3.768732341,0.832154086,Training,0.21275
166,0.158,0.61,78.52,3.05,1411.6,11.09,1.684949357,1.023221173,0.059520731,0.0,5.091725497,0.022388021,0.198154639,0.0,3.768732341,0.832154086,Training,0.12228749999999984
170,0.298,0.61,78.52,10.67,1234.3,11.09,1.684949357,1.023221173,0.059520731,0.0,5.091725497,0.022388021,0.198154639,0.0,3.768732341,0.832154086,Training,0.2576300000000001
171,0.176,0.61,78.52,10.01,1300.3,11.09,1.684949357,1.023221173,0.059520731,0.0,5.091725497,0.022388021,0.198154639,0.0,3.768732341,0.832154086,Training,0.16869000000000006
172,1.496,0.61,78.52,9.73,1087.5,11.09,1.684949357,1.023221173,0.059520731,0.0,5.091725497,0.022388021,0.198154639,0.0,3.768732341,0.832154086,Training,1.2919700000000003
175,0.062,0.61,78.52,9.98,1448.9,11.09,1.684949357,1.023221173,0.059520731,0.0,5.091725497,0.022388021,0.198154639,0.0,3.768732341,0.832154086,Training,0.06096749999999987
176,0.704,0.61,78.52,9.3,1144.2,11.09,1.684949357,1.023221173,0.059520731,0.0,5.091725497,0.022388021,0.198154639,0.0,3.768732341,0.832154086,Training,0.7740325000000001
177,0.5,0.61,78.52,9.84,1172.0,11.09,1.684949357,1.023221173,0.059520731,0.0,5.091725497,0.022388021,0.198154639,0.0,3.768732341,0.832154086,Training,0.48185249999999996
178,0.934,1.25,78.01,2.89,1181.0,11.09,1.684949357,1.023221173,0.059520731,0.0,5.091725497,0.022388021,0.198154639,0.0,3.768732341,0.832154086,Training,0.9974500000000002
180,0.106,1.25,78.01,3.32,1466.8,11.09,1.684949357,1.023221173,0.059520731,0.0,5.091725497,0.022388021,0.198154639,0.0,3.768732341,0.832154086,Training,0.105175
181,0.24,1.25,78.01,2.73,1342.5,11.09,1.684949357,1.023221173,0.059520731,0.0,5.091725497,0.022388021,0.198154639,0.0,3.768732341,0.832154086,Training,0.21535000000000004
185,0.426,1.25,78.01,3.24,1282.5,11.09,1.684949357,1.023221173,0.059520731,0.0,5.091725497,0.022388021,0.198154639,0.0,3.768732341,0.832154086,Training,0.3616500000000001
189,0.646,1.25,78.01,10.67,1130.2,11.09,1.684949357,1.023221173,0.059520731,0.0,5.091725497,0.022388021,0.198154639,0.0,3.768732341,0.832154086,Training,0.6356925000000002
190,0.492,1.25,78.01,9.19,1158.2,11.09,1.684949357,1.023221173,0.059520731,0.0,5.091725497,0.022388021,0.198154639,0.0,3.768732341,0.832154086,Training,0.5606250000000004
191,1.438,1.25,78.01,10.38,1065.6,11.09,1.684949357,1.023221173,0.059520731,0.0,5.091725497,0.022388021,0.198154639,0.0,3.768732341,0.832154086,Training,1.3036700000000003
192,0.114,1.25,78.01,10.35,1319.8,11.09,1.684949357,1.023221173,0.059520731,0.0,5.091725497,0.022388021,0.198154639,0.0,3.768732341,0.832154086,Training,0.11985
193,0.058,1.25,78.01,10.26,1416.4,11.09,1.684949357,1.023221173,0.059520731,0.0,5.091725497,0.022388021,0.198154639,0.0,3.768732341,0.832154086,Training,0.062375000000000014
194,0.3,1.25,78.01,10.05,1202.8,11.09,1.684949357,1.023221173,0.059520731,0.0,5.091725497,0.022388021,0.198154639,0.0,3.768732341,0.832154086,Training,0.310225
198,1.418,2.47,77.05,3.27,1137.1,11.09,1.684949357,1.023221173,0.059520731,0.0,5.091725497,0.022388021,0.198154639,0.0,3.768732341,0.832154086,Training,1.118825
200,0.251,2.47,77.05,3.16,1328.5,11.09,1.684949357,1.023221173,0.059520731,0.0,5.091725497,0.022388021,0.198154639,0.0,3.768732341,0.832154086,Training,0.22215000000000007
201,0.166,2.47,77.05,2.97,1394.6,11.09,1.684949357,1.023221173,0.059520731,0.0,5.091725497,0.022388021,0.198154639,0.0,3.768732341,0.832154086,Training,0.15665000000000007
202,0.08,2.47,77.05,3.11,1474.3,11.09,1.684949357,1.023221173,0.059520731,0.0,5.091725497,0.022388021,0.198154639,0.0,3.768732341,0.832154086,Training,0.10060000000000001
203,0.643,2.47,77.05,3.09,1214.1,11.09,1.684949357,1.023221173,0.059520731,0.0,5.091725497,0.022388021,0.198154639,0.0,3.768732341,0.832154086,Training,0.6333000000000002
206,0.482,2.47,77.05,10.97,1115.8,11.09,1.684949357,1.023221173,0.059520731,0.0,5.091725497,0.022388021,0.198154639,0.0,3.768732341,0.832154086,Training,0.5520249999999999
207,1.021,2.47,77.05,10.34,1063.5,11.09,1.684949357,1.023221173,0.059520731,0.0,5.091725497,0.022388021,0.198154639,0.0,3.768732341,0.832154086,Training,1.1312600000000002
209,0.056,2.47,77.05,10.22,1392.9,11.09,1.684949357,1.023221173,0.059520731,0.0,5.091725497,0.022388021,0.198154639,0.0,3.768732341,0.832154086,Training,0.06675000000000002
210,0.084,2.47,77.05,10.54,1329.8,11.09,1.684949357,1.023221173,0.059520731,0.0,5.091725497,0.022388021,0.198154639,0.0,3.768732341,0.832154086,Training,0.09810000000000003
211,0.278,2.47,77.05,10.2,1209.5,11.09,1.684949357,1.023221173,0.059520731,0.0,5.091725497,0.022388021,0.198154639,0.0,3.768732341,0.832154086,Training,0.2584750000000002
212,1.519,0.64,78.5,2.95,1141.1,11.44,0.474834098,1.983831688,0.87884685,0.0,0.183167895,0.017747095,0.003693216,0.0,0.002724768,0.0,Training,1.3753499999999996
213,0.849,0.64,78.5,3.03,1205.1,11.44,0.474834098,1.983831688,0.87884685,0.0,0.183167895,0.017747095,0.003693216,0.0,0.002724768,0.0,Training,0.7780000000000005
215,0.259,0.64,78.5,2.98,1320.9,11.44,0.474834098,1.983831688,0.87884685,0.0,0.183167895,0.017747095,0.003693216,0.0,0.002724768,0.0,Training,0.24607500000000015
216,0.138,0.64,78.5,3.04,1409.0,11.44,0.474834098,1.983831688,0.87884685,0.0,0.183167895,0.017747095,0.003693216,0.0,0.002724768,0.0,Training,0.13727499999999998
217,0.071,0.64,78.5,2.9,1475.0,11.44,0.474834098,1.983831688,0.87884685,0.0,0.183167895,0.017747095,0.003693216,0.0,0.002724768,0.0,Training,0.09215000000000005
218,1.54,0.64,78.5,10.03,1081.3,11.44,0.474834098,1.983831688,0.87884685,0.0,0.183167895,0.017747095,0.003693216,0.0,0.002724768,0.0,Training,1.3553349999999997
219,0.985,0.64,78.5,9.57,1128.9,11.44,0.474834098,1.983831688,0.87884685,0.0,0.183167895,0.017747095,0.003693216,0.0,0.002724768,0.0,Training,0.9291750000000001
220,0.497,0.64,78.5,9.85,1192.5,11.44,0.474834098,1.983831688,0.87884685,0.0,0.183167895,0.017747095,0.003693216,0.0,0.002724768,0.0,Training,0.4570949999999999
222,0.222,0.64,78.5,10.29,1276.1,11.44,0.474834098,1.983831688,0.87884685,0.0,0.183167895,0.017747095,0.003693216,0.0,0.002724768,0.0,Training,0.19478750000000003
223,0.145,0.64,78.5,10.43,1324.4,11.44,0.474834098,1.983831688,0.87884685,0.0,0.183167895,0.017747095,0.003693216,0.0,0.002724768,0.0,Training,0.13394749999999994
224,0.093,0.64,78.5,9.7,1380.2,11.44,0.474834098,1.983831688,0.87884685,0.0,0.183167895,0.017747095,0.003693216,0.0,0.002724768,0.0,Training,0.06835
225,0.068,0.64,78.5,9.84,1439.1,11.44,0.474834098,1.983831688,0.87884685,0.0,0.183167895,0.017747095,0.003693216,0.0,0.002724768,0.0,Training,0.06377500000000007
226,1.18,1.27,78.0,3.02,1173.0,11.44,0.474834098,1.983831688,0.87884685,0.0,0.183167895,0.017747095,0.003693216,0.0,0.002724768,0.0,Training,0.9465250000000002
228,0.655,1.27,78.0,3.02,1224.0,11.44,0.474834098,1.983831688,0.87884685,0.0,0.183167895,0.017747095,0.003693216,0.0,0.002724768,0.0,Training,0.6486250000000003
229,0.326,1.27,78.0,2.94,1288.8,11.44,0.474834098,1.983831688,0.87884685,0.0,0.183167895,0.017747095,0.003693216,0.0,0.002724768,0.0,Training,0.31430000000000013
230,0.207,1.27,78.0,3.04,1356.9,11.44,0.474834098,1.983831688,0.87884685,0.0,0.183167895,0.017747095,0.003693216,0.0,0.002724768,0.0,Training,0.1941
231,0.124,1.27,78.0,3.04,1408.3,11.44,0.474834098,1.983831688,0.87884685,0.0,0.183167895,0.017747095,0.003693216,0.0,0.002724768,0.0,Training,0.14214999999999997
232,0.06,1.27,78.0,3.0,1499.8,11.44,0.474834098,1.983831688,0.87884685,0.0,0.183167895,0.017747095,0.003693216,0.0,0.002724768,0.0,Training,0.07555000000000003
233,1.18,1.27,78.0,9.91,1096.4,11.44,0.474834098,1.983831688,0.87884685,0.0,0.183167895,0.017747095,0.003693216,0.0,0.002724768,0.0,Training,1.1036875
235,0.38,1.27,78.0,9.86,1192.8,11.44,0.474834098,1.983831688,0.87884685,0.0,0.183167895,0.017747095,0.003693216,0.0,0.002724768,0.0,Training,0.3799750000000002
236,0.226,1.27,78.0,9.98,1248.9,11.44,0.474834098,1.983831688,0.87884685,0.0,0.183167895,0.017747095,0.003693216,0.0,0.002724768,0.0,Training,0.2182250000000001
237,0.17,1.27,78.0,9.99,1299.2,11.44,0.474834098,1.983831688,0.87884685,0.0,0.183167895,0.017747095,0.003693216,0.0,0.002724768,0.0,Training,0.150825
239,0.065,1.27,78.0,10.06,1423.7,11.44,0.474834098,1.983831688,0.87884685,0.0,0.183167895,0.017747095,0.003693216,0.0,0.002724768,0.0,Training,0.06649999999999999
240,1.47,2.5,77.02,2.96,1143.8,11.44,0.474834098,1.983831688,0.87884685,0.0,0.183167895,0.017747095,0.003693216,0.0,0.002724768,0.0,Training,1.250775
242,0.49,2.5,77.02,3.04,1257.0,11.44,0.474834098,1.983831688,0.87884685,0.0,0.183167895,0.017747095,0.003693216,0.0,0.002724768,0.0,Training,0.4883499999999999
244,0.192,2.5,77.02,2.93,1365.5,11.44,0.474834098,1.983831688,0.87884685,0.0,0.183167895,0.017747095,0.003693216,0.0,0.002724768,0.0,Training,0.1867000000000001
246,0.072,2.5,77.02,2.97,1494.4,11.44,0.474834098,1.983831688,0.87884685,0.0,0.183167895,0.017747095,0.003693216,0.0,0.002724768,0.0,Training,0.07755000000000005
247,1.34,2.5,77.02,9.89,1045.8,11.44,0.474834098,1.983831688,0.87884685,0.0,0.183167895,0.017747095,0.003693216,0.0,0.002724768,0.0,Training,1.3564250000000007
248,0.783,2.5,77.02,10.08,1103.4,11.44,0.474834098,1.983831688,0.87884685,0.0,0.183167895,0.017747095,0.003693216,0.0,0.002724768,0.0,Training,0.7888675000000003
249,0.405,2.5,77.02,10.07,1173.3,11.44,0.474834098,1.983831688,0.87884685,0.0,0.183167895,0.017747095,0.003693216,0.0,0.002724768,0.0,Training,0.40717499999999984
250,0.245,2.5,77.02,10.19,1224.4,11.44,0.474834098,1.983831688,0.87884685,0.0,0.183167895,0.017747095,0.003693216,0.0,0.002724768,0.0,Training,0.22392250000000014
252,0.12,2.5,77.02,10.44,1323.9,11.44,0.474834098,1.983831688,0.87884685,0.0,0.183167895,0.017747095,0.003693216,0.0,0.002724768,0.0,Training,0.11015000000000007
254,1.339,0.64,78.5,9.97,1098.5,13.52,2.861791684,0.719549468,1.681708868,0.013712234,0.187642919,0.138090171,0.1152694,0.11863955,0.0,0.005213248,Training,1.2665499999999998
256,0.616,0.64,78.5,9.29,1163.0,13.52,2.861791684,0.719549468,1.681708868,0.013712234,0.187642919,0.138090171,0.1152694,0.11863955,0.0,0.005213248,Training,0.5525500000000001
257,0.304,0.64,78.5,9.8,1238.8,13.52,2.861791684,0.719549468,1.681708868,0.013712234,0.187642919,0.138090171,0.1152694,0.11863955,0.0,0.005213248,Training,0.270875
258,0.104,0.64,78.5,10.18,1360.7,13.52,2.861791684,0.719549468,1.681708868,0.013712234,0.187642919,0.138090171,0.1152694,0.11863955,0.0,0.005213248,Training,0.09332500000000003
259,0.064,0.64,78.5,9.68,1477.3,13.52,2.861791684,0.719549468,1.681708868,0.013712234,0.187642919,0.138090171,0.1152694,0.11863955,0.0,0.005213248,Training,0.06272500000000002
260,1.288,1.27,78.0,9.43,1074.3,13.52,2.861791684,0.719549468,1.681708868,0.013712234,0.187642919,0.138090171,0.1152694,0.11863955,0.0,0.005213248,Training,1.1837249999999997
261,0.548,1.27,78.0,10.01,1150.4,13.52,2.861791684,0.719549468,1.681708868,0.013712234,0.187642919,0.138090171,0.1152694,0.11863955,0.0,0.005213248,Training,0.44300750000000017
262,0.344,1.27,78.0,10.27,1213.6,13.52,2.861791684,0.719549468,1.681708868,0.013712234,0.187642919,0.138090171,0.1152694,0.11863955,0.0,0.005213248,Training,0.2825250000000001
264,0.089,1.27,78.0,10.08,1405.1,13.52,2.861791684,0.719549468,1.681708868,0.013712234,0.187642919,0.138090171,0.1152694,0.11863955,0.0,0.005213248,Training,0.0817
265,0.053,1.27,78.0,9.91,1493.3,13.52,2.861791684,0.719549468,1.681708868,0.013712234,0.187642919,0.138090171,0.1152694,0.11863955,0.0,0.005213248,Training,0.05727499999999999
266,1.215,2.5,77.03,10.18,1067.0,13.52,2.861791684,0.719549468,1.681708868,0.013712234,0.187642919,0.138090171,0.1152694,0.11863955,0.0,0.005213248,Training,1.1285425000000002
268,0.266,2.5,77.03,10.12,1205.5,13.52,2.861791684,0.719549468,1.681708868,0.013712234,0.187642919,0.138090171,0.1152694,0.11863955,0.0,0.005213248,Training,0.2831000000000002
269,0.119,2.5,77.03,10.12,1306.5,13.52,2.861791684,0.719549468,1.681708868,0.013712234,0.187642919,0.138090171,0.1152694,0.11863955,0.0,0.005213248,Training,0.11607499999999991
270,0.04,2.5,77.03,9.85,1470.2,13.52,2.861791684,0.719549468,1.681708868,0.013712234,0.187642919,0.138090171,0.1152694,0.11863955,0.0,0.005213248,Training,0.052175000000000006
271,1.592,0.64,78.5,9.71,1086.7,12.78,2.544717615,0.843574338,1.154685954,0.009204614,1.255678734,0.110133893,0.149410875,0.079287178,0.987662171,0.295406789,Training,1.346725
272,0.754,0.64,78.5,9.77,1138.8,12.78,2.544717615,0.843574338,1.154685954,0.009204614,1.255678734,0.110133893,0.149410875,0.079287178,0.987662171,0.295406789,Training,0.8149425000000003
274,0.298,0.64,78.5,9.7,1233.2,12.78,2.544717615,0.843574338,1.154685954,0.009204614,1.255678734,0.110133893,0.149410875,0.079287178,0.987662171,0.295406789,Training,0.28085
275,0.104,0.64,78.5,9.69,1330.9,12.78,2.544717615,0.843574338,1.154685954,0.009204614,1.255678734,0.110133893,0.149410875,0.079287178,0.987662171,0.295406789,Training,0.11122500000000005
277,0.053,0.64,78.5,9.74,1432.2,12.78,2.544717615,0.843574338,1.154685954,0.009204614,1.255678734,0.110133893,0.149410875,0.079287178,0.987662171,0.295406789,Training,0.061825
278,1.572,1.27,78.0,10.41,1066.5,12.78,2.544717615,0.843574338,1.154685954,0.009204614,1.255678734,0.110133893,0.149410875,0.079287178,0.987662171,0.295406789,Training,1.3196700000000003
279,0.818,1.27,78.0,9.72,1112.2,12.78,2.544717615,0.843574338,1.154685954,0.009204614,1.255678734,0.110133893,0.149410875,0.079287178,0.987662171,0.295406789,Training,0.8239375000000003
280,0.37,1.27,78.0,9.74,1187.0,12.78,2.544717615,0.843574338,1.154685954,0.009204614,1.255678734,0.110133893,0.149410875,0.079287178,0.987662171,0.295406789,Training,0.3711749999999999
281,0.134,1.27,78.0,9.8,1288.6,12.78,2.544717615,0.843574338,1.154685954,0.009204614,1.255678734,0.110133893,0.149410875,0.079287178,0.987662171,0.295406789,Training,0.15307500000000007
282,0.055,1.27,78.0,9.82,1388.8,12.78,2.544717615,0.843574338,1.154685954,0.009204614,1.255678734,0.110133893,0.149410875,0.079287178,0.987662171,0.295406789,Training,0.06885000000000001
283,1.802,2.5,77.03,10.27,1060.5,12.78,2.544717615,0.843574338,1.154685954,0.009204614,1.255678734,0.110133893,0.149410875,0.079287178,0.987662171,0.295406789,Training,1.3817175000000004
285,0.354,2.5,77.03,9.92,1195.9,12.78,2.544717615,0.843574338,1.154685954,0.009204614,1.255678734,0.110133893,0.149410875,0.079287178,0.987662171,0.295406789,Training,0.3643
286,0.242,2.5,77.03,9.93,1256.5,12.78,2.544717615,0.843574338,1.154685954,0.009204614,1.255678734,0.110133893,0.149410875,0.079287178,0.987662171,0.295406789,Training,0.21630000000000008
287,0.124,2.5,77.03,10.56,1329.9,12.78,2.544717615,0.843574338,1.154685954,0.009204614,1.255678734,0.110133893,0.149410875,0.079287178,0.987662171,0.295406789,Training,0.10027500000000006
288,0.054,2.5,77.03,9.69,1449.5,12.78,2.544717615,0.843574338,1.154685954,0.009204614,1.255678734,0.110133893,0.149410875,0.079287178,0.987662171,0.295406789,Training,0.05829999999999999
291,2.0852,0.59,78.53,10.88,1017.8,11.82,1.684949357,1.023221173,0.059520731,0.0,5.091725497,0.022388021,0.198154639,0.0,3.768732341,0.832154086,Training,2.1680800000000007
292,0.8717,0.59,78.53,10.88,1084.6,11.82,1.684949357,1.023221173,0.059520731,0.0,5.091725497,0.022388021,0.198154639,0.0,3.768732341,0.832154086,Training,1.0940774999999996
294,0.2536,0.59,78.53,10.88,1237.2,11.82,1.684949357,1.023221173,0.059520731,0.0,5.091725497,0.022388021,0.198154639,0.0,3.768732341,0.832154086,Training,0.24580750000000007
296,7.232,0.59,78.53,10.88,785.2,11.82,1.684949357,1.023221173,0.059520731,0.0,5.091725497,0.022388021,0.198154639,0.0,3.768732341,0.832154086,Training,7.213412500000001
297,6.4533,0.59,78.53,10.88,844.1,11.82,1.684949357,1.023221173,0.059520731,0.0,5.091725497,0.022388021,0.198154639,0.0,3.768732341,0.832154086,Training,7.057435000000003
299,4.25,0.59,78.53,10.88,933.0,11.82,1.684949357,1.023221173,0.059520731,0.0,5.091725497,0.022388021,0.198154639,0.0,3.768732341,0.832154086,Training,4.001930000000001
301,0.3403,0.59,78.53,10.88,1161.7,11.82,1.684949357,1.023221173,0.059520731,0.0,5.091725497,0.022388021,0.198154639,0.0,3.768732341,0.832154086,Training,0.48750499999999974
302,2.9961,0.59,78.53,10.88,965.6,11.82,1.684949357,1.023221173,0.059520731,0.0,5.091725497,0.022388021,0.198154639,0.0,3.768732341,0.832154086,Training,2.83248625
306,5.7043,1.18,78.07,10.88,773.2,11.82,1.684949357,1.023221173,0.059520731,0.0,5.091725497,0.022388021,0.198154639,0.0,3.768732341,0.832154086,Training,6.096797499999998
307,6.3575,1.18,78.07,10.88,829.0,11.82,1.684949357,1.023221173,0.059520731,0.0,5.091725497,0.022388021,0.198154639,0.0,3.768732341,0.832154086,Training,6.147371249999999
308,4.5319,1.18,78.07,10.88,891.7,11.82,1.684949357,1.023221173,0.059520731,0.0,5.091725497,0.022388021,0.198154639,0.0,3.768732341,0.832154086,Training,5.9846312500000005
309,2.4805,1.18,78.07,10.88,952.1,11.82,1.684949357,1.023221173,0.059520731,0.0,5.091725497,0.022388021,0.198154639,0.0,3.768732341,0.832154086,Training,2.691985000000001
312,0.5424,1.18,78.07,10.88,1102.0,11.82,1.684949357,1.023221173,0.059520731,0.0,5.091725497,0.022388021,0.198154639,0.0,3.768732341,0.832154086,Training,0.7396550000000002
314,0.2137,1.18,78.07,10.88,1226.5,11.82,1.684949357,1.023221173,0.059520731,0.0,5.091725497,0.022388021,0.198154639,0.0,3.768732341,0.832154086,Training,0.27735
315,4.9193,1.76,77.61,10.88,795.9,11.82,1.684949357,1.023221173,0.059520731,0.0,5.091725497,0.022388021,0.198154639,0.0,3.768732341,0.832154086,Training,5.4317087499999985
316,4.3233,1.76,77.61,10.88,749.4,11.82,1.684949357,1.023221173,0.059520731,0.0,5.091725497,0.022388021,0.198154639,0.0,3.768732341,0.832154086,Training,5.334947499999998
318,4.9722,1.76,77.61,10.88,883.7,11.82,1.684949357,1.023221173,0.059520731,0.0,5.091725497,0.022388021,0.198154639,0.0,3.768732341,0.832154086,Training,5.5148087499999985
319,1.9295,1.76,77.61,10.88,960.8,11.82,1.684949357,1.023221173,0.059520731,0.0,5.091725497,0.022388021,0.198154639,0.0,3.768732341,0.832154086,Training,2.502482500000001
321,1.1586,1.76,77.61,10.88,1034.9,11.82,1.684949357,1.023221173,0.059520731,0.0,5.091725497,0.022388021,0.198154639,0.0,3.768732341,0.832154086,Training,1.5545275
322,0.4712,1.76,77.61,10.88,1109.6,11.82,1.684949357,1.023221173,0.059520731,0.0,5.091725497,0.022388021,0.198154639,0.0,3.768732341,0.832154086,Training,0.64608
324,10.0378,0.59,88.97,10.88,817.0,11.82,1.684949357,1.023221173,0.059520731,0.0,5.091725497,0.022388021,0.198154639,0.0,3.768732341,0.832154086,Training,8.301317500000001
329,3.5289,0.59,88.97,10.88,958.6,11.82,1.684949357,1.023221173,0.059520731,0.0,5.091725497,0.022388021,0.198154639,0.0,3.768732341,0.832154086,Training,3.205282499999999
331,0.1539,0.59,88.97,10.88,1295.3,11.82,1.684949357,1.023221173,0.059520731,0.0,5.091725497,0.022388021,0.198154639,0.0,3.768732341,0.832154086,Training,0.19297250000000032
332,11.0094,0.59,88.97,10.88,901.8,11.82,1.684949357,1.023221173,0.059520731,0.0,5.091725497,0.022388021,0.198154639,0.0,3.768732341,0.832154086,Training,7.881922500000002
335,2.5072,0.59,88.97,10.88,1008.5,11.82,1.684949357,1.023221173,0.059520731,0.0,5.091725497,0.022388021,0.198154639,0.0,3.768732341,0.832154086,Training,2.4363475
343,2.2017,0.59,88.97,10.88,1059.8,11.82,1.684949357,1.023221173,0.059520731,0.0,5.091725497,0.022388021,0.198154639,0.0,3.768732341,0.832154086,Training,1.9614700000000012
344,1.2128,0.59,88.97,10.88,1118.9,11.82,1.684949357,1.023221173,0.059520731,0.0,5.091725497,0.022388021,0.198154639,0.0,3.768732341,0.832154086,Training,1.2487375000000005
345,0.6199,0.59,88.97,10.88,1211.9,11.82,1.684949357,1.023221173,0.059520731,0.0,5.091725497,0.022388021,0.198154639,0.0,3.768732341,0.832154086,Training,0.44184124999999996
347,0.1167,0.59,88.97,10.88,1437.1,11.82,1.684949357,1.023221173,0.059520731,0.0,5.091725497,0.022388021,0.198154639,0.0,3.768732341,0.832154086,Training,0.14168750000000024
348,11.3219,0.59,92.45,10.88,900.7,11.82,1.684949357,1.023221173,0.059520731,0.0,5.091725497,0.022388021,0.198154639,0.0,3.768732341,0.832154086,Training,8.4036375
349,7.2795,0.59,92.45,10.88,939.4,11.82,1.684949357,1.023221173,0.059520731,0.0,5.091725497,0.022388021,0.198154639,0.0,3.768732341,0.832154086,Training,5.0964825000000005
354,0.4796,0.59,92.45,10.88,1272.7,11.82,1.684949357,1.023221173,0.059520731,0.0,5.091725497,0.022388021,0.198154639,0.0,3.768732341,0.832154086,Training,0.5859625000000004
355,0.6974,0.59,92.45,10.88,1191.8,11.82,1.684949357,1.023221173,0.059520731,0.0,5.091725497,0.022388021,0.198154639,0.0,3.768732341,0.832154086,Training,0.8048237500000003
356,2.968,0.59,92.45,10.88,1039.0,11.82,1.684949357,1.023221173,0.059520731,0.0,5.091725497,0.022388021,0.198154639,0.0,3.768732341,0.832154086,Training,2.4545912500000013
360,0.1929,0.59,92.45,10.88,1372.3,11.82,1.684949357,1.023221173,0.059520731,0.0,5.091725497,0.022388021,0.198154639,0.0,3.768732341,0.832154086,Training,0.4801650000000005
362,1.9642,0.59,92.45,10.88,1122.3,11.82,1.684949357,1.023221173,0.059520731,0.0,5.091725497,0.022388021,0.198154639,0.0,3.768732341,0.832154086,Training,1.5263225
