Point,IDT_ms,X_Fuel,X_O2,X_N2,X_Ar,X_He,P,T,N-alkanes,iso-alkanes,monicyclic-alkanes,polycyclic-alkanes,Aromatics,Others,Formula_C,Formula_H
1,1.62,0.61,20.87,78.52,0,0,1.96,1091.5,22.20168489,28.8996301,26.27306416,10.93039112,7.681035334,4.0141944,11.09,20.07
2,0.992,0.61,20.87,78.52,0,0,2.06,1157.9,22.20168489,28.8996301,26.27306416,10.93039112,7.681035334,4.0141944,11.09,20.07
3,0.815,0.61,20.87,78.52,0,0,2.03,1210,22.20168489,28.8996301,26.27306416,10.93039112,7.681035334,4.0141944,11.09,20.07
4,0.619,0.61,20.87,78.52,0,0,1.98,1255.6,22.20168489,28.8996301,26.27306416,10.93039112,7.681035334,4.0141944,11.09,20.07
5,0.24,0.61,20.87,78.52,0,0,2.08,1327.2,22.20168489,28.8996301,26.27306416,10.93039112,7.681035334,4.0141944,11.09,20.07
6,0.171,0.61,20.87,78.52,0,0,1.96,1386.3,22.20168489,28.8996301,26.27306416,10.93039112,7.681035334,4.0141944,11.09,20.07
7,0.121,0.61,20.87,78.52,0,0,2.01,1457.9,22.20168489,28.8996301,26.27306416,10.93039112,7.681035334,4.0141944,11.09,20.07
8,0.084,0.61,20.87,78.52,0,0,2.16,1501,22.20168489,28.8996301,26.27306416,10.93039112,7.681035334,4.0141944,11.09,20.07
9,0.077,0.61,20.87,78.52,0,0,2.04,1516.1,22.20168489,28.8996301,26.27306416,10.93039112,7.681035334,4.0141944,11.09,20.07
10,0.046,0.61,20.87,78.52,0,0,2.06,1585.2,22.20168489,28.8996301,26.27306416,10.93039112,7.681035334,4.0141944,11.09,20.07
11,2.388,0.61,20.87,78.52,0,0,10.5,1070.7,22.20168489,28.8996301,26.27306416,10.93039112,7.681035334,4.0141944,11.09,20.07
12,0.643,0.61,20.87,78.52,0,0,10.9,1109.6,22.20168489,28.8996301,26.27306416,10.93039112,7.681035334,4.0141944,11.09,20.07
13,0.344,0.61,20.87,78.52,0,0,9.31,1164.1,22.20168489,28.8996301,26.27306416,10.93039112,7.681035334,4.0141944,11.09,20.07
14,0.159,0.61,20.87,78.52,0,0,9.69,1281.8,22.20168489,28.8996301,26.27306416,10.93039112,7.681035334,4.0141944,11.09,20.07
15,0.03,0.61,20.87,78.52,0,0,10.7,1372.1,22.20168489,28.8996301,26.27306416,10.93039112,7.681035334,4.0141944,11.09,20.07
16,0.024,0.61,20.87,78.52,0,0,10.8,1382.9,22.20168489,28.8996301,26.27306416,10.93039112,7.681035334,4.0141944,11.09,20.07
17,0.025,0.61,20.87,78.52,0,0,10.6,1386.5,22.20168489,28.8996301,26.27306416,10.93039112,7.681035334,4.0141944,11.09,20.07
18,1.228,1.25,20.74,78.01,0,0,1.81,1095,22.20168489,28.8996301,26.27306416,10.93039112,7.681035334,4.0141944,11.09,20.07
19,1.1,1.25,20.74,78.01,0,0,2.1,1166.6,22.20168489,28.8996301,26.27306416,10.93039112,7.681035334,4.0141944,11.09,20.07
20,0.63,1.25,20.74,78.01,0,0,1.98,1261.5,22.20168489,28.8996301,26.27306416,10.93039112,7.681035334,4.0141944,11.09,20.07
21,0.398,1.25,20.74,78.01,0,0,2.04,1312.9,22.20168489,28.8996301,26.27306416,10.93039112,7.681035334,4.0141944,11.09,20.07
22,0.211,1.25,20.74,78.01,0,0,2,1370.4,22.20168489,28.8996301,26.27306416,10.93039112,7.681035334,4.0141944,11.09,20.07
23,0.126,1.25,20.74,78.01,0,0,2.1,1434.5,22.20168489,28.8996301,26.27306416,10.93039112,7.681035334,4.0141944,11.09,20.07
24,0.119,1.25,20.74,78.01,0,0,1.95,1484.1,22.20168489,28.8996301,26.27306416,10.93039112,7.681035334,4.0141944,11.09,20.07
25,0.07,1.25,20.74,78.01,0,0,1.89,1484.1,22.20168489,28.8996301,26.27306416,10.93039112,7.681035334,4.0141944,11.09,20.07
26,0.041,1.25,20.74,78.01,0,0,2.05,1570.9,22.20168489,28.8996301,26.27306416,10.93039112,7.681035334,4.0141944,11.09,20.07
27,2.746,1.25,20.74,78.01,0,0,10.7,922.2,22.20168489,28.8996301,26.27306416,10.93039112,7.681035334,4.0141944,11.09,20.07
28,1.823,1.25,20.74,78.01,0,0,9.97,988.9,22.20168489,28.8996301,26.27306416,10.93039112,7.681035334,4.0141944,11.09,20.07
29,1.475,1.25,20.74,78.01,0,0,9.42,1011.4,22.20168489,28.8996301,26.27306416,10.93039112,7.681035334,4.0141944,11.09,20.07
30,0.693,1.25,20.74,78.01,0,0,9.32,1069.5,22.20168489,28.8996301,26.27306416,10.93039112,7.681035334,4.0141944,11.09,20.07
31,0.684,1.25,20.74,78.01,0,0,9.65,1084.4,22.20168489,28.8996301,26.27306416,10.93039112,7.681035334,4.0141944,11.09,20.07
32,0.358,1.25,20.74,78.01,0,0,10,1151,22.20168489,28.8996301,26.27306416,10.93039112,7.681035334,4.0141944,11.09,20.07
33,0.213,1.25,20.74,78.01,0,0,10.2,1211.2,22.20168489,28.8996301,26.27306416,10.93039112,7.681035334,4.0141944,11.09,20.07
34,0.126,1.25,20.74,78.01,0,0,9.91,1290,22.20168489,28.8996301,26.27306416,10.93039112,7.681035334,4.0141944,11.09,20.07
35,0.055,1.25,20.74,78.01,0,0,9.44,1355.9,22.20168489,28.8996301,26.27306416,10.93039112,7.681035334,4.0141944,11.09,20.07
36,0.013,1.25,20.74,78.01,0,0,10.14,1439.4,22.20168489,28.8996301,26.27306416,10.93039112,7.681035334,4.0141944,11.09,20.07
37,1.552,2.47,20.48,77.05,0,0,2,1150.3,22.20168489,28.8996301,26.27306416,10.93039112,7.681035334,4.0141944,11.09,20.07
38,0.957,2.47,20.48,77.05,0,0,1.97,1194,22.20168489,28.8996301,26.27306416,10.93039112,7.681035334,4.0141944,11.09,20.07
39,0.827,2.47,20.48,77.05,0,0,1.98,1246,22.20168489,28.8996301,26.27306416,10.93039112,7.681035334,4.0141944,11.09,20.07
40,0.448,2.47,20.48,77.05,0,0,2.08,1325.5,22.20168489,28.8996301,26.27306416,10.93039112,7.681035334,4.0141944,11.09,20.07
41,0.208,2.47,20.48,77.05,0,0,2.08,1426.7,22.20168489,28.8996301,26.27306416,10.93039112,7.681035334,4.0141944,11.09,20.07
42,0.163,2.47,20.48,77.05,0,0,1.93,1477.1,22.20168489,28.8996301,26.27306416,10.93039112,7.681035334,4.0141944,11.09,20.07
43,0.081,2.47,20.48,77.05,0,0,2,1553.6,22.20168489,28.8996301,26.27306416,10.93039112,7.681035334,4.0141944,11.09,20.07
44,1.81,2.47,20.48,77.05,0,0,11.1,1041.4,22.20168489,28.8996301,26.27306416,10.93039112,7.681035334,4.0141944,11.09,20.07
45,0.916,2.47,20.48,77.05,0,0,9.55,1080.8,22.20168489,28.8996301,26.27306416,10.93039112,7.681035334,4.0141944,11.09,20.07
46,0.289,2.47,20.48,77.05,0,0,10.36,1161.2,22.20168489,28.8996301,26.27306416,10.93039112,7.681035334,4.0141944,11.09,20.07
47,0.198,2.47,20.48,77.05,0,0,10.24,1211.5,22.20168489,28.8996301,26.27306416,10.93039112,7.681035334,4.0141944,11.09,20.07
48,0.082,2.47,20.48,77.05,0,0,9.43,1332.9,22.20168489,28.8996301,26.27306416,10.93039112,7.681035334,4.0141944,11.09,20.07
49,0.067,2.47,20.48,77.05,0,0,9.3,1356.6,22.20168489,28.8996301,26.27306416,10.93039112,7.681035334,4.0141944,11.09,20.07
50,1.335,0.65,20.86,78.48,0,0,2.03,1158.8,7.48279,4.11973,37.34012,49.87414,0.72511,0.45811,11.3,22
51,1.063,0.65,20.86,78.48,0,0,1.95,1185.7,7.48279,4.11973,37.34012,49.87414,0.72511,0.45811,11.3,22
52,0.759,0.65,20.86,78.48,0,0,1.91,1195.8,7.48279,4.11973,37.34012,49.87414,0.72511,0.45811,11.3,22
53,0.389,0.65,20.86,78.48,0,0,1.9,1266.4,7.48279,4.11973,37.34012,49.87414,0.72511,0.45811,11.3,22
54,0.204,0.65,20.86,78.48,0,0,2.07,1345.5,7.48279,4.11973,37.34012,49.87414,0.72511,0.45811,11.3,22
55,0.149,0.65,20.86,78.48,0,0,1.96,1386.9,7.48279,4.11973,37.34012,49.87414,0.72511,0.45811,11.3,22
56,0.12,0.65,20.86,78.48,0,0,1.97,1432.7,7.48279,4.11973,37.34012,49.87414,0.72511,0.45811,11.3,22
57,0.058,0.65,20.86,78.48,0,0,1.99,1498.1,7.48279,4.11973,37.34012,49.87414,0.72511,0.45811,11.3,22
58,0.059,0.65,20.86,78.48,0,0,2.02,1513.3,7.48279,4.11973,37.34012,49.87414,0.72511,0.45811,11.3,22
59,1.7,0.65,20.86,78.48,0,0,10.16,1076.9,7.48279,4.11973,37.34012,49.87414,0.72511,0.45811,11.3,22
60,0.799,0.65,20.86,78.48,0,0,10.2,1110.7,7.48279,4.11973,37.34012,49.87414,0.72511,0.45811,11.3,22
61,0.345,0.65,20.86,78.48,0,0,9.57,1172.9,7.48279,4.11973,37.34012,49.87414,0.72511,0.45811,11.3,22
62,0.193,0.65,20.86,78.48,0,0,10.48,1236.1,7.48279,4.11973,37.34012,49.87414,0.72511,0.45811,11.3,22
63,0.156,0.65,20.86,78.48,0,0,10.67,1251.4,7.48279,4.11973,37.34012,49.87414,0.72511,0.45811,11.3,22
64,0.096,0.65,20.86,78.48,0,0,9.82,1289.3,7.48279,4.11973,37.34012,49.87414,0.72511,0.45811,11.3,22
65,0.046,0.65,20.86,78.48,0,0,10.2,1343.6,7.48279,4.11973,37.34012,49.87414,0.72511,0.45811,11.3,22
66,0.04,0.65,20.86,78.48,0,0,10.56,1363.2,7.48279,4.11973,37.34012,49.87414,0.72511,0.45811,11.3,22
67,0.039,0.65,20.86,78.48,0,0,10.5,1373.9,7.48279,4.11973,37.34012,49.87414,0.72511,0.45811,11.3,22
68,2.042,1.3,20.73,77.98,0,0,1.98,1085.9,7.48279,4.11973,37.34012,49.87414,0.72511,0.45811,11.3,22
69,1.335,1.3,20.73,77.98,0,0,2.06,1115.5,7.48279,4.11973,37.34012,49.87414,0.72511,0.45811,11.3,22
70,1.188,1.3,20.73,77.98,0,0,2.09,1128,7.48279,4.11973,37.34012,49.87414,0.72511,0.45811,11.3,22
71,0.959,1.3,20.73,77.98,0,0,1.91,1137.5,7.48279,4.11973,37.34012,49.87414,0.72511,0.45811,11.3,22
72,0.661,1.3,20.73,77.98,0,0,2.02,1206.8,7.48279,4.11973,37.34012,49.87414,0.72511,0.45811,11.3,22
73,0.584,1.3,20.73,77.98,0,0,1.91,1273.7,7.48279,4.11973,37.34012,49.87414,0.72511,0.45811,11.3,22
74,0.467,1.3,20.73,77.98,0,0,1.93,1282,7.48279,4.11973,37.34012,49.87414,0.72511,0.45811,11.3,22
75,0.297,1.3,20.73,77.98,0,0,2.05,1368,7.48279,4.11973,37.34012,49.87414,0.72511,0.45811,11.3,22
76,0.186,1.3,20.73,77.98,0,0,2.01,1414.8,7.48279,4.11973,37.34012,49.87414,0.72511,0.45811,11.3,22
77,0.142,1.3,20.73,77.98,0,0,1.92,1471.3,7.48279,4.11973,37.34012,49.87414,0.72511,0.45811,11.3,22
78,0.071,1.3,20.73,77.98,0,0,2.04,1519.8,7.48279,4.11973,37.34012,49.87414,0.72511,0.45811,11.3,22
79,0.056,1.3,20.73,77.98,0,0,2,1600.7,7.48279,4.11973,37.34012,49.87414,0.72511,0.45811,11.3,22
80,0.035,1.3,20.73,77.98,0,0,1.96,1683.8,7.48279,4.11973,37.34012,49.87414,0.72511,0.45811,11.3,22
81,1.493,1.3,20.73,77.98,0,0,10.69,1028.1,7.48279,4.11973,37.34012,49.87414,0.72511,0.45811,11.3,22
82,1.237,1.3,20.73,77.98,0,0,9.69,1058.1,7.48279,4.11973,37.34012,49.87414,0.72511,0.45811,11.3,22
83,0.602,1.3,20.73,77.98,0,0,10.37,1090.2,7.48279,4.11973,37.34012,49.87414,0.72511,0.45811,11.3,22
84,0.399,1.3,20.73,77.98,0,0,10.89,1114.9,7.48279,4.11973,37.34012,49.87414,0.72511,0.45811,11.3,22
85,0.371,1.3,20.73,77.98,0,0,10.31,1124.9,7.48279,4.11973,37.34012,49.87414,0.72511,0.45811,11.3,22
86,0.242,1.3,20.73,77.98,0,0,9.56,1177.6,7.48279,4.11973,37.34012,49.87414,0.72511,0.45811,11.3,22
87,0.174,1.3,20.73,77.98,0,0,10.05,1224.6,7.48279,4.11973,37.34012,49.87414,0.72511,0.45811,11.3,22
88,0.146,1.3,20.73,77.98,0,0,9.59,1247.2,7.48279,4.11973,37.34012,49.87414,0.72511,0.45811,11.3,22
89,0.104,1.3,20.73,77.98,0,0,10.95,1270,7.48279,4.11973,37.34012,49.87414,0.72511,0.45811,11.3,22
90,0.063,1.3,20.73,77.98,0,0,10.8,1306.3,7.48279,4.11973,37.34012,49.87414,0.72511,0.45811,11.3,22
91,0.042,1.3,20.73,77.98,0,0,10.78,1343.2,7.48279,4.11973,37.34012,49.87414,0.72511,0.45811,11.3,22
92,0.945,2.56,20.46,76.98,0,0,2.07,1169.5,7.48279,4.11973,37.34012,49.87414,0.72511,0.45811,11.3,22
93,0.933,2.56,20.46,76.98,0,0,2.1,1182.7,7.48279,4.11973,37.34012,49.87414,0.72511,0.45811,11.3,22
94,0.813,2.56,20.46,76.98,0,0,2.03,1209.3,7.48279,4.11973,37.34012,49.87414,0.72511,0.45811,11.3,22
95,0.46,2.56,20.46,76.98,0,0,2.1,1284.8,7.48279,4.11973,37.34012,49.87414,0.72511,0.45811,11.3,22
96,0.434,2.56,20.46,76.98,0,0,2,1300.2,7.48279,4.11973,37.34012,49.87414,0.72511,0.45811,11.3,22
97,0.281,2.56,20.46,76.98,0,0,1.99,1347,7.48279,4.11973,37.34012,49.87414,0.72511,0.45811,11.3,22
98,0.175,2.56,20.46,76.98,0,0,2,1402.6,7.48279,4.11973,37.34012,49.87414,0.72511,0.45811,11.3,22
99,0.142,2.56,20.46,76.98,0,0,2.08,1487.5,7.48279,4.11973,37.34012,49.87414,0.72511,0.45811,11.3,22
100,0.092,2.56,20.46,76.98,0,0,1.98,1544.4,7.48279,4.11973,37.34012,49.87414,0.72511,0.45811,11.3,22
101,1.875,2.56,20.46,76.98,0,0,9.68,1020.8,7.48279,4.11973,37.34012,49.87414,0.72511,0.45811,11.3,22
102,0.731,2.56,20.46,76.98,0,0,10.65,1075,7.48279,4.11973,37.34012,49.87414,0.72511,0.45811,11.3,22
103,0.338,2.56,20.46,76.98,0,0,9.38,1136.9,7.48279,4.11973,37.34012,49.87414,0.72511,0.45811,11.3,22
104,0.151,2.56,20.46,76.98,0,0,10.38,1218.1,7.48279,4.11973,37.34012,49.87414,0.72511,0.45811,11.3,22
105,0.085,2.56,20.46,76.98,0,0,9.63,1279.5,7.48279,4.11973,37.34012,49.87414,0.72511,0.45811,11.3,22
106,0.036,2.56,20.46,76.98,0,0,10.39,1372.2,7.48279,4.11973,37.34012,49.87414,0.72511,0.45811,11.3,22
107,1.472,0.64,20.87,78.5,0,0,1.92,1131.9,15.086215,17.79624,28.991035,27.498755,8.091765,2.53599,11.195,21.035
108,0.806,0.64,20.87,78.5,0,0,2.09,1179.2,15.086215,17.79624,28.991035,27.498755,8.091765,2.53599,11.195,21.035
109,0.368,0.64,20.87,78.5,0,0,2.1,1229.6,15.086215,17.79624,28.991035,27.498755,8.091765,2.53599,11.195,21.035
110,0.271,0.64,20.87,78.5,0,0,2.02,1294,15.086215,17.79624,28.991035,27.498755,8.091765,2.53599,11.195,21.035
111,0.198,0.64,20.87,78.5,0,0,2.09,1336.4,15.086215,17.79624,28.991035,27.498755,8.091765,2.53599,11.195,21.035
112,0.08,0.64,20.87,78.5,0,0,2.02,1408.6,15.086215,17.79624,28.991035,27.498755,8.091765,2.53599,11.195,21.035
113,0.034,0.64,20.87,78.5,0,0,2.02,1511.2,15.086215,17.79624,28.991035,27.498755,8.091765,2.53599,11.195,21.035
114,1.82,0.64,20.87,78.5,0,0,9.42,1025.2,15.086215,17.79624,28.991035,27.498755,8.091765,2.53599,11.195,21.035
115,0.77,0.64,20.87,78.5,0,0,10.44,1099.3,15.086215,17.79624,28.991035,27.498755,8.091765,2.53599,11.195,21.035
116,0.444,0.64,20.87,78.5,0,0,10.23,1134.9,15.086215,17.79624,28.991035,27.498755,8.091765,2.53599,11.195,21.035
117,0.361,0.64,20.87,78.5,0,0,9.78,1174,15.086215,17.79624,28.991035,27.498755,8.091765,2.53599,11.195,21.035
118,0.22,0.64,20.87,78.5,0,0,9.96,1227.4,15.086215,17.79624,28.991035,27.498755,8.091765,2.53599,11.195,21.035
119,0.166,0.64,20.87,78.5,0,0,9.99,1266.7,15.086215,17.79624,28.991035,27.498755,8.091765,2.53599,11.195,21.035
120,0.07,0.64,20.87,78.5,0,0,10.17,1310,15.086215,17.79624,28.991035,27.498755,8.091765,2.53599,11.195,21.035
121,0.032,0.64,20.87,78.5,0,0,10.14,1357.7,15.086215,17.79624,28.991035,27.498755,8.091765,2.53599,11.195,21.035
122,1.322,1.27,20.73,78,0,0,2.07,1123.1,15.086215,17.79624,28.991035,27.498755,8.091765,2.53599,11.195,21.035
123,0.954,1.27,20.73,78,0,0,2.08,1186.1,15.086215,17.79624,28.991035,27.498755,8.091765,2.53599,11.195,21.035
124,0.61,1.27,20.73,78,0,0,2.04,1212.9,15.086215,17.79624,28.991035,27.498755,8.091765,2.53599,11.195,21.035
125,0.353,1.27,20.73,78,0,0,2,1251.8,15.086215,17.79624,28.991035,27.498755,8.091765,2.53599,11.195,21.035
126,0.533,1.27,20.73,78,0,0,2.09,1251.9,15.086215,17.79624,28.991035,27.498755,8.091765,2.53599,11.195,21.035
127,0.235,1.27,20.73,78,0,0,2.02,1308.3,15.086215,17.79624,28.991035,27.498755,8.091765,2.53599,11.195,21.035
128,0.15,1.27,20.73,78,0,0,2.02,1409.2,15.086215,17.79624,28.991035,27.498755,8.091765,2.53599,11.195,21.035
129,0.095,1.27,20.73,78,0,0,1.9,1456.7,15.086215,17.79624,28.991035,27.498755,8.091765,2.53599,11.195,21.035
130,0.052,1.27,20.73,78,0,0,2.06,1532.2,15.086215,17.79624,28.991035,27.498755,8.091765,2.53599,11.195,21.035
131,0.035,1.27,20.73,78,0,0,2.09,1591.1,15.086215,17.79624,28.991035,27.498755,8.091765,2.53599,11.195,21.035
132,1.2,1.27,20.73,78,0,0,10.07,1052.8,15.086215,17.79624,28.991035,27.498755,8.091765,2.53599,11.195,21.035
133,1.02,1.27,20.73,78,0,0,9.57,1087.7,15.086215,17.79624,28.991035,27.498755,8.091765,2.53599,11.195,21.035
134,0.401,1.27,20.73,78,0,0,10.21,1129.8,15.086215,17.79624,28.991035,27.498755,8.091765,2.53599,11.195,21.035
135,0.342,1.27,20.73,78,0,0,9.25,1161.7,15.086215,17.79624,28.991035,27.498755,8.091765,2.53599,11.195,21.035
136,0.249,1.27,20.73,78,0,0,9.47,1202.1,15.086215,17.79624,28.991035,27.498755,8.091765,2.53599,11.195,21.035
137,0.122,1.27,20.73,78,0,0,10.14,1307.7,15.086215,17.79624,28.991035,27.498755,8.091765,2.53599,11.195,21.035
138,0.046,1.27,20.73,78,0,0,9.55,1371.7,15.086215,17.79624,28.991035,27.498755,8.091765,2.53599,11.195,21.035
139,0.012,1.27,20.73,78,0,0,10.63,1470.8,15.086215,17.79624,28.991035,27.498755,8.091765,2.53599,11.195,21.035
140,1.238,2.5,20.48,77.03,0,0,2.01,1104.5,15.086215,17.79624,28.991035,27.498755,8.091765,2.53599,11.195,21.035
141,0.687,2.5,20.48,77.03,0,0,1.92,1180.5,15.086215,17.79624,28.991035,27.498755,8.091765,2.53599,11.195,21.035
142,0.665,2.5,20.48,77.03,0,0,1.97,1223.5,15.086215,17.79624,28.991035,27.498755,8.091765,2.53599,11.195,21.035
143,0.393,2.5,20.48,77.03,0,0,2.1,1271.9,15.086215,17.79624,28.991035,27.498755,8.091765,2.53599,11.195,21.035
144,0.245,2.5,20.48,77.03,0,0,1.96,1288.7,15.086215,17.79624,28.991035,27.498755,8.091765,2.53599,11.195,21.035
145,0.174,2.5,20.48,77.03,0,0,1.93,1377.9,15.086215,17.79624,28.991035,27.498755,8.091765,2.53599,11.195,21.035
146,0.08,2.5,20.48,77.03,0,0,2.07,1526.9,15.086215,17.79624,28.991035,27.498755,8.091765,2.53599,11.195,21.035
147,0.068,2.5,20.48,77.03,0,0,1.93,1576.1,15.086215,17.79624,28.991035,27.498755,8.091765,2.53599,11.195,21.035
148,1.36,2.5,20.48,77.03,0,0,10.23,1038.5,15.086215,17.79624,28.991035,27.498755,8.091765,2.53599,11.195,21.035
149,0.817,2.5,20.48,77.03,0,0,10.34,1076,15.086215,17.79624,28.991035,27.498755,8.091765,2.53599,11.195,21.035
150,0.484,2.5,20.48,77.03,0,0,10.57,1092.2,15.086215,17.79624,28.991035,27.498755,8.091765,2.53599,11.195,21.035
151,0.421,2.5,20.48,77.03,0,0,10.44,1117.9,15.086215,17.79624,28.991035,27.498755,8.091765,2.53599,11.195,21.035
152,0.246,2.5,20.48,77.03,0,0,10.22,1170.7,15.086215,17.79624,28.991035,27.498755,8.091765,2.53599,11.195,21.035
153,0.197,2.5,20.48,77.03,0,0,10.12,1221.6,15.086215,17.79624,28.991035,27.498755,8.091765,2.53599,11.195,21.035
154,0.137,2.5,20.48,77.03,0,0,9.45,1270.7,15.086215,17.79624,28.991035,27.498755,8.091765,2.53599,11.195,21.035
155,0.076,2.5,20.48,77.03,0,0,9.48,1320.8,15.086215,17.79624,28.991035,27.498755,8.091765,2.53599,11.195,21.035
156,0.046,2.5,20.48,77.03,0,0,10.2,1373.5,15.086215,17.79624,28.991035,27.498755,8.091765,2.53599,11.195,21.035
157,1.002,0.64,20.87,78.5,0,0,10.33,1115,10.94238,11.06656,33.24736,36.64036,3.61921,4.4842,11.153,20.649
158,0.692,0.64,20.87,78.5,0,0,10.84,1137.6,10.94238,11.06656,33.24736,36.64036,3.61921,4.4842,11.153,20.649
159,0.624,0.64,20.87,78.5,0,0,9.81,1147.1,10.94238,11.06656,33.24736,36.64036,3.61921,4.4842,11.153,20.649
160,0.524,0.64,20.87,78.5,0,0,9.26,1167.6,10.94238,11.06656,33.24736,36.64036,3.61921,4.4842,11.153,20.649
161,0.372,0.64,20.87,78.5,0,0,9.81,1190,10.94238,11.06656,33.24736,36.64036,3.61921,4.4842,11.153,20.649
162,0.272,0.64,20.87,78.5,0,0,10.01,1230.4,10.94238,11.06656,33.24736,36.64036,3.61921,4.4842,11.153,20.649
163,0.206,0.64,20.87,78.5,0,0,9.57,1274.8,10.94238,11.06656,33.24736,36.64036,3.61921,4.4842,11.153,20.649
164,0.118,0.64,20.87,78.5,0,0,9.94,1346.6,10.94238,11.06656,33.24736,36.64036,3.61921,4.4842,11.153,20.649
165,0.074,0.64,20.87,78.5,0,0,10.32,1420.7,10.94238,11.06656,33.24736,36.64036,3.61921,4.4842,11.153,20.649
166,0.036,0.64,20.87,78.5,0,0,10.3,1521.3,10.94238,11.06656,33.24736,36.64036,3.61921,4.4842,11.153,20.649
167,1.296,1.27,20.73,78,0,0,10.27,1060.9,10.94238,11.06656,33.24736,36.64036,3.61921,4.4842,11.153,20.649
168,0.93,1.27,20.73,78,0,0,9.72,1086.8,10.94238,11.06656,33.24736,36.64036,3.61921,4.4842,11.153,20.649
169,0.71,1.27,20.73,78,0,0,10.13,1105.7,10.94238,11.06656,33.24736,36.64036,3.61921,4.4842,11.153,20.649
170,0.408,1.27,20.73,78,0,0,10.31,1164.4,10.94238,11.06656,33.24736,36.64036,3.61921,4.4842,11.153,20.649
171,0.246,1.27,20.73,78,0,0,9.48,1221.8,10.94238,11.06656,33.24736,36.64036,3.61921,4.4842,11.153,20.649
172,0.116,1.27,20.73,78,0,0,10.24,1313.9,10.94238,11.06656,33.24736,36.64036,3.61921,4.4842,11.153,20.649
173,0.086,1.27,20.73,78,0,0,9.49,1367.3,10.94238,11.06656,33.24736,36.64036,3.61921,4.4842,11.153,20.649
174,0.054,1.27,20.73,78,0,0,9.88,1441.9,10.94238,11.06656,33.24736,36.64036,3.61921,4.4842,11.153,20.649
175,1.404,2.5,20.48,77.03,0,0,10.25,1039.5,10.94238,11.06656,33.24736,36.64036,3.61921,4.4842,11.153,20.649
176,0.948,2.5,20.48,77.03,0,0,10.34,1063.3,10.94238,11.06656,33.24736,36.64036,3.61921,4.4842,11.153,20.649
177,0.446,2.5,20.48,77.03,0,0,10.77,1132.2,10.94238,11.06656,33.24736,36.64036,3.61921,4.4842,11.153,20.649
178,0.276,2.5,20.48,77.03,0,0,9.73,1186.5,10.94238,11.06656,33.24736,36.64036,3.61921,4.4842,11.153,20.649
179,0.148,2.5,20.48,77.03,0,0,9.73,1285.1,10.94238,11.06656,33.24736,36.64036,3.61921,4.4842,11.153,20.649
180,0.07,2.5,20.48,77.03,0,0,9.82,1388.9,10.94238,11.06656,33.24736,36.64036,3.61921,4.4842,11.153,20.649
181,0.052,2.5,20.48,77.03,0,0,10.61,1437,10.94238,11.06656,33.24736,36.64036,3.61921,4.4842,11.153,20.649
182,0.04,2.5,20.48,77.03,0,0,10.56,1486.1,10.94238,11.06656,33.24736,36.64036,3.61921,4.4842,11.153,20.649
183,1.17,0.64,20.87,78.5,0,0,9.85,1093.3,16.062,20.76559,28.82611,23.55078,4.31528,6.4803,11.237,21.421
184,1.027,0.64,20.87,78.5,0,0,10.24,1111,16.062,20.76559,28.82611,23.55078,4.31528,6.4803,11.237,21.421
185,0.5,0.64,20.87,78.5,0,0,10.25,1161.9,16.062,20.76559,28.82611,23.55078,4.31528,6.4803,11.237,21.421
186,0.352,0.64,20.87,78.5,0,0,9.43,1227.4,16.062,20.76559,28.82611,23.55078,4.31528,6.4803,11.237,21.421
187,0.25,0.64,20.87,78.5,0,0,10.01,1260.3,16.062,20.76559,28.82611,23.55078,4.31528,6.4803,11.237,21.421
188,0.166,0.64,20.87,78.5,0,0,10.26,1315.4,16.062,20.76559,28.82611,23.55078,4.31528,6.4803,11.237,21.421
189,0.152,0.64,20.87,78.5,0,0,10.5,1328.8,16.062,20.76559,28.82611,23.55078,4.31528,6.4803,11.237,21.421
190,0.098,0.64,20.87,78.5,0,0,10.09,1405.7,16.062,20.76559,28.82611,23.55078,4.31528,6.4803,11.237,21.421
191,0.069,0.64,20.87,78.5,0,0,9.59,1470.2,16.062,20.76559,28.82611,23.55078,4.31528,6.4803,11.237,21.421
192,0.054,0.64,20.87,78.5,0,0,10.04,1502.8,16.062,20.76559,28.82611,23.55078,4.31528,6.4803,11.237,21.421
193,1.128,1.27,20.73,78,0,0,10.55,1072.3,16.062,20.76559,28.82611,23.55078,4.31528,6.4803,11.237,21.421
194,0.835,1.27,20.73,78,0,0,9.84,1091,16.062,20.76559,28.82611,23.55078,4.31528,6.4803,11.237,21.421
195,0.464,1.27,20.73,78,0,0,10.12,1155.7,16.062,20.76559,28.82611,23.55078,4.31528,6.4803,11.237,21.421
196,0.323,1.27,20.73,78,0,0,10.14,1207.1,16.062,20.76559,28.82611,23.55078,4.31528,6.4803,11.237,21.421
197,0.222,1.27,20.73,78,0,0,10.02,1251.1,16.062,20.76559,28.82611,23.55078,4.31528,6.4803,11.237,21.421
198,0.16,1.27,20.73,78,0,0,10.03,1301.8,16.062,20.76559,28.82611,23.55078,4.31528,6.4803,11.237,21.421
199,0.108,1.27,20.73,78,0,0,9.97,1357.9,16.062,20.76559,28.82611,23.55078,4.31528,6.4803,11.237,21.421
200,0.068,1.27,20.73,78,0,0,10.5,1431.9,16.062,20.76559,28.82611,23.55078,4.31528,6.4803,11.237,21.421
201,0.044,1.27,20.73,78,0,0,10.24,1517,16.062,20.76559,28.82611,23.55078,4.31528,6.4803,11.237,21.421
202,0.705,2.5,20.48,77.03,0,0,10.05,1082.1,16.062,20.76559,28.82611,23.55078,4.31528,6.4803,11.237,21.421
203,0.491,2.5,20.48,77.03,0,0,10.35,1114.9,16.062,20.76559,28.82611,23.55078,4.31528,6.4803,11.237,21.421
204,0.399,2.5,20.48,77.03,0,0,9.98,1148.9,16.062,20.76559,28.82611,23.55078,4.31528,6.4803,11.237,21.421
205,0.321,2.5,20.48,77.03,0,0,10.34,1165.2,16.062,20.76559,28.82611,23.55078,4.31528,6.4803,11.237,21.421
206,0.184,2.5,20.48,77.03,0,0,10.06,1253.3,16.062,20.76559,28.82611,23.55078,4.31528,6.4803,11.237,21.421
207,0.107,2.5,20.48,77.03,0,0,9.8,1348.3,16.062,20.76559,28.82611,23.55078,4.31528,6.4803,11.237,21.421
208,0.065,2.5,20.48,77.03,0,0,10.54,1443.5,16.062,20.76559,28.82611,23.55078,4.31528,6.4803,11.237,21.421
209,0.05,2.5,20.48,77.03,0,0,9.91,1493.8,16.062,20.76559,28.82611,23.55078,4.31528,6.4803,11.237,21.421
210,1.462,0.61,20.87,78.52,0,0,2.77,1155,22.68964,31.47275,20.64195,5.12337,15.45842,4.61387,11.09,20.07
211,1.278,0.61,20.87,78.52,0,0,2.84,1171.5,22.68964,31.47275,20.64195,5.12337,15.45842,4.61387,11.09,20.07
212,0.848,0.61,20.87,78.52,0,0,3.01,1202.1,22.68964,31.47275,20.64195,5.12337,15.45842,4.61387,11.09,20.07
213,0.628,0.61,20.87,78.52,0,0,3.22,1237.6,22.68964,31.47275,20.64195,5.12337,15.45842,4.61387,11.09,20.07
214,0.372,0.61,20.87,78.52,0,0,3.02,1304.5,22.68964,31.47275,20.64195,5.12337,15.45842,4.61387,11.09,20.07
215,0.236,0.61,20.87,78.52,0,0,3.2,1339.3,22.68964,31.47275,20.64195,5.12337,15.45842,4.61387,11.09,20.07
216,0.158,0.61,20.87,78.52,0,0,3.05,1411.6,22.68964,31.47275,20.64195,5.12337,15.45842,4.61387,11.09,20.07
217,0.114,0.61,20.87,78.52,0,0,3.01,1451.9,22.68964,31.47275,20.64195,5.12337,15.45842,4.61387,11.09,20.07
218,0.073,0.61,20.87,78.52,0,0,3.06,1513.3,22.68964,31.47275,20.64195,5.12337,15.45842,4.61387,11.09,20.07
219,0.244,0.61,20.87,78.52,0,0,11.2,1261.3,22.68964,31.47275,20.64195,5.12337,15.45842,4.61387,11.09,20.07
220,0.298,0.61,20.87,78.52,0,0,10.67,1234.3,22.68964,31.47275,20.64195,5.12337,15.45842,4.61387,11.09,20.07
221,0.176,0.61,20.87,78.52,0,0,10.01,1300.3,22.68964,31.47275,20.64195,5.12337,15.45842,4.61387,11.09,20.07
222,1.496,0.61,20.87,78.52,0,0,9.73,1087.5,22.68964,31.47275,20.64195,5.12337,15.45842,4.61387,11.09,20.07
223,0.774,0.61,20.87,78.52,0,0,8.79,1135.3,22.68964,31.47275,20.64195,5.12337,15.45842,4.61387,11.09,20.07
224,0.09,0.61,20.87,78.52,0,0,9.89,1392.7,22.68964,31.47275,20.64195,5.12337,15.45842,4.61387,11.09,20.07
225,0.062,0.61,20.87,78.52,0,0,9.98,1448.9,22.68964,31.47275,20.64195,5.12337,15.45842,4.61387,11.09,20.07
226,0.704,0.61,20.87,78.52,0,0,9.3,1144.2,22.68964,31.47275,20.64195,5.12337,15.45842,4.61387,11.09,20.07
227,0.5,0.61,20.87,78.52,0,0,9.84,1172,22.68964,31.47275,20.64195,5.12337,15.45842,4.61387,11.09,20.07
228,0.934,1.25,20.74,78.01,0,0,2.89,1181,22.68964,31.47275,20.64195,5.12337,15.45842,4.61387,11.09,20.07
229,0.28,1.25,20.74,78.01,0,0,3.17,1331.5,22.68964,31.47275,20.64195,5.12337,15.45842,4.61387,11.09,20.07
230,0.106,1.25,20.74,78.01,0,0,3.32,1466.8,22.68964,31.47275,20.64195,5.12337,15.45842,4.61387,11.09,20.07
231,0.24,1.25,20.74,78.01,0,0,2.73,1342.5,22.68964,31.47275,20.64195,5.12337,15.45842,4.61387,11.09,20.07
232,0.084,1.25,20.74,78.01,0,0,3,1499.3,22.68964,31.47275,20.64195,5.12337,15.45842,4.61387,11.09,20.07
233,0.108,1.25,20.74,78.01,0,0,3.26,1455.1,22.68964,31.47275,20.64195,5.12337,15.45842,4.61387,11.09,20.07
234,0.396,1.25,20.74,78.01,0,0,2.97,1293.7,22.68964,31.47275,20.64195,5.12337,15.45842,4.61387,11.09,20.07
235,0.426,1.25,20.74,78.01,0,0,3.24,1282.5,22.68964,31.47275,20.64195,5.12337,15.45842,4.61387,11.09,20.07
236,0.724,1.25,20.74,78.01,0,0,3.13,1221.3,22.68964,31.47275,20.64195,5.12337,15.45842,4.61387,11.09,20.07
237,1.464,1.25,20.74,78.01,0,0,3.1,1156,22.68964,31.47275,20.64195,5.12337,15.45842,4.61387,11.09,20.07
238,0.188,1.25,20.74,78.01,0,0,2.92,1383.1,22.68964,31.47275,20.64195,5.12337,15.45842,4.61387,11.09,20.07
239,0.646,1.25,20.74,78.01,0,0,10.67,1130.2,22.68964,31.47275,20.64195,5.12337,15.45842,4.61387,11.09,20.07
240,0.492,1.25,20.74,78.01,0,0,9.19,1158.2,22.68964,31.47275,20.64195,5.12337,15.45842,4.61387,11.09,20.07
241,1.438,1.25,20.74,78.01,0,0,10.38,1065.6,22.68964,31.47275,20.64195,5.12337,15.45842,4.61387,11.09,20.07
242,0.114,1.25,20.74,78.01,0,0,10.35,1319.8,22.68964,31.47275,20.64195,5.12337,15.45842,4.61387,11.09,20.07
243,0.058,1.25,20.74,78.01,0,0,10.26,1416.4,22.68964,31.47275,20.64195,5.12337,15.45842,4.61387,11.09,20.07
244,0.3,1.25,20.74,78.01,0,0,10.05,1202.8,22.68964,31.47275,20.64195,5.12337,15.45842,4.61387,11.09,20.07
245,0.217,1.25,20.74,78.01,0,0,9.91,1245.2,22.68964,31.47275,20.64195,5.12337,15.45842,4.61387,11.09,20.07
246,0.07,1.25,20.74,78.01,0,0,10.65,1389.2,22.68964,31.47275,20.64195,5.12337,15.45842,4.61387,11.09,20.07
247,0.514,2.47,20.48,77.05,0,0,3.3,1248.5,22.68964,31.47275,20.64195,5.12337,15.45842,4.61387,11.09,20.07
248,1.418,2.47,20.48,77.05,0,0,3.27,1137.1,22.68964,31.47275,20.64195,5.12337,15.45842,4.61387,11.09,20.07
249,0.39,2.47,20.48,77.05,0,0,2.9,1281.7,22.68964,31.47275,20.64195,5.12337,15.45842,4.61387,11.09,20.07
250,0.251,2.47,20.48,77.05,0,0,3.16,1328.5,22.68964,31.47275,20.64195,5.12337,15.45842,4.61387,11.09,20.07
251,0.166,2.47,20.48,77.05,0,0,2.97,1394.6,22.68964,31.47275,20.64195,5.12337,15.45842,4.61387,11.09,20.07
252,0.08,2.47,20.48,77.05,0,0,3.11,1474.3,22.68964,31.47275,20.64195,5.12337,15.45842,4.61387,11.09,20.07
253,0.643,2.47,20.48,77.05,0,0,3.09,1214.1,22.68964,31.47275,20.64195,5.12337,15.45842,4.61387,11.09,20.07
254,0.81,2.47,20.48,77.05,0,0,2.92,1187,22.68964,31.47275,20.64195,5.12337,15.45842,4.61387,11.09,20.07
255,0.346,2.47,20.48,77.05,0,0,9.43,1171.8,22.68964,31.47275,20.64195,5.12337,15.45842,4.61387,11.09,20.07
256,0.482,2.47,20.48,77.05,0,0,10.97,1115.8,22.68964,31.47275,20.64195,5.12337,15.45842,4.61387,11.09,20.07
257,1.021,2.47,20.48,77.05,0,0,10.34,1063.5,22.68964,31.47275,20.64195,5.12337,15.45842,4.61387,11.09,20.07
258,0.166,2.47,20.48,77.05,0,0,10.85,1241.1,22.68964,31.47275,20.64195,5.12337,15.45842,4.61387,11.09,20.07
259,0.056,2.47,20.48,77.05,0,0,10.22,1392.9,22.68964,31.47275,20.64195,5.12337,15.45842,4.61387,11.09,20.07
260,0.084,2.47,20.48,77.05,0,0,10.54,1329.8,22.68964,31.47275,20.64195,5.12337,15.45842,4.61387,11.09,20.07
261,0.278,2.47,20.48,77.05,0,0,10.2,1209.5,22.68964,31.47275,20.64195,5.12337,15.45842,4.61387,11.09,20.07
262,1.519,0.64,20.86,78.5,0,0,2.95,1141.1,13.94883,84.94848,0.99754,0.09832,0.00683,0,11.44,24.82
263,0.849,0.64,20.86,78.5,0,0,3.03,1205.1,13.94883,84.94848,0.99754,0.09832,0.00683,0,11.44,24.82
264,0.51,0.64,20.86,78.5,0,0,3.05,1259.3,13.94883,84.94848,0.99754,0.09832,0.00683,0,11.44,24.82
265,0.259,0.64,20.86,78.5,0,0,2.98,1320.9,13.94883,84.94848,0.99754,0.09832,0.00683,0,11.44,24.82
266,0.138,0.64,20.86,78.5,0,0,3.04,1409,13.94883,84.94848,0.99754,0.09832,0.00683,0,11.44,24.82
267,0.071,0.64,20.86,78.5,0,0,2.9,1475,13.94883,84.94848,0.99754,0.09832,0.00683,0,11.44,24.82
268,1.54,0.64,20.86,78.5,0,0,10.03,1081.3,13.94883,84.94848,0.99754,0.09832,0.00683,0,11.44,24.82
269,0.985,0.64,20.86,78.5,0,0,9.57,1128.9,13.94883,84.94848,0.99754,0.09832,0.00683,0,11.44,24.82
270,0.497,0.64,20.86,78.5,0,0,9.85,1192.5,13.94883,84.94848,0.99754,0.09832,0.00683,0,11.44,24.82
271,0.27,0.64,20.86,78.5,0,0,10.35,1248.8,13.94883,84.94848,0.99754,0.09832,0.00683,0,11.44,24.82
272,0.222,0.64,20.86,78.5,0,0,10.29,1276.1,13.94883,84.94848,0.99754,0.09832,0.00683,0,11.44,24.82
273,0.145,0.64,20.86,78.5,0,0,10.43,1324.4,13.94883,84.94848,0.99754,0.09832,0.00683,0,11.44,24.82
274,0.093,0.64,20.86,78.5,0,0,9.7,1380.2,13.94883,84.94848,0.99754,0.09832,0.00683,0,11.44,24.82
275,0.068,0.64,20.86,78.5,0,0,9.84,1439.1,13.94883,84.94848,0.99754,0.09832,0.00683,0,11.44,24.82
276,1.18,1.27,20.73,78,0,0,3.02,1173,13.94883,84.94848,0.99754,0.09832,0.00683,0,11.44,24.82
277,0.997,1.27,20.73,78,0,0,2.94,1189.2,13.94883,84.94848,0.99754,0.09832,0.00683,0,11.44,24.82
278,0.655,1.27,20.73,78,0,0,3.02,1224,13.94883,84.94848,0.99754,0.09832,0.00683,0,11.44,24.82
279,0.326,1.27,20.73,78,0,0,2.94,1288.8,13.94883,84.94848,0.99754,0.09832,0.00683,0,11.44,24.82
280,0.207,1.27,20.73,78,0,0,3.04,1356.9,13.94883,84.94848,0.99754,0.09832,0.00683,0,11.44,24.82
281,0.124,1.27,20.73,78,0,0,3.04,1408.3,13.94883,84.94848,0.99754,0.09832,0.00683,0,11.44,24.82
282,0.06,1.27,20.73,78,0,0,3,1499.8,13.94883,84.94848,0.99754,0.09832,0.00683,0,11.44,24.82
283,1.18,1.27,20.73,78,0,0,9.91,1096.4,13.94883,84.94848,0.99754,0.09832,0.00683,0,11.44,24.82
284,0.57,1.27,20.73,78,0,0,9.93,1146.8,13.94883,84.94848,0.99754,0.09832,0.00683,0,11.44,24.82
285,0.38,1.27,20.73,78,0,0,9.86,1192.8,13.94883,84.94848,0.99754,0.09832,0.00683,0,11.44,24.82
286,0.226,1.27,20.73,78,0,0,9.98,1248.9,13.94883,84.94848,0.99754,0.09832,0.00683,0,11.44,24.82
287,0.17,1.27,20.73,78,0,0,9.99,1299.2,13.94883,84.94848,0.99754,0.09832,0.00683,0,11.44,24.82
288,0.099,1.27,20.73,78,0,0,10.2,1361.5,13.94883,84.94848,0.99754,0.09832,0.00683,0,11.44,24.82
289,0.065,1.27,20.73,78,0,0,10.06,1423.7,13.94883,84.94848,0.99754,0.09832,0.00683,0,11.44,24.82
290,1.47,2.5,20.48,77.02,0,0,2.96,1143.8,13.94883,84.94848,0.99754,0.09832,0.00683,0,11.44,24.82
291,0.974,2.5,20.48,77.02,0,0,2.91,1186.2,13.94883,84.94848,0.99754,0.09832,0.00683,0,11.44,24.82
292,0.49,2.5,20.48,77.02,0,0,3.04,1257,13.94883,84.94848,0.99754,0.09832,0.00683,0,11.44,24.82
293,0.299,2.5,20.48,77.02,0,0,2.96,1313.4,13.94883,84.94848,0.99754,0.09832,0.00683,0,11.44,24.82
294,0.192,2.5,20.48,77.02,0,0,2.93,1365.5,13.94883,84.94848,0.99754,0.09832,0.00683,0,11.44,24.82
295,0.13,2.5,20.48,77.02,0,0,2.88,1414.1,13.94883,84.94848,0.99754,0.09832,0.00683,0,11.44,24.82
296,0.072,2.5,20.48,77.02,0,0,2.97,1494.4,13.94883,84.94848,0.99754,0.09832,0.00683,0,11.44,24.82
297,1.34,2.5,20.48,77.02,0,0,9.89,1045.8,13.94883,84.94848,0.99754,0.09832,0.00683,0,11.44,24.82
298,0.783,2.5,20.48,77.02,0,0,10.08,1103.4,13.94883,84.94848,0.99754,0.09832,0.00683,0,11.44,24.82
299,0.405,2.5,20.48,77.02,0,0,10.07,1173.3,13.94883,84.94848,0.99754,0.09832,0.00683,0,11.44,24.82
300,0.245,2.5,20.48,77.02,0,0,10.19,1224.4,13.94883,84.94848,0.99754,0.09832,0.00683,0,11.44,24.82
301,0.18,2.5,20.48,77.02,0,0,9.98,1268.7,13.94883,84.94848,0.99754,0.09832,0.00683,0,11.44,24.82
302,0.12,2.5,20.48,77.02,0,0,10.44,1323.9,13.94883,84.94848,0.99754,0.09832,0.00683,0,11.44,24.82
303,0.064,2.5,20.48,77.02,0,0,10.32,1419,13.94883,84.94848,0.99754,0.09832,0.00683,0,11.44,24.82
304,1.5,0.64,20.86,78.5,0,0,10.01,1100.6,20.35322149,45.76681263,15.39099921,3.780174135,11.32820999,3.380582549,11.18,21.29
305,0.734,0.64,20.86,78.5,0,0,9.92,1146,20.35322149,45.76681263,15.39099921,3.780174135,11.32820999,3.380582549,11.18,21.29
306,0.436,0.64,20.86,78.5,0,0,9.84,1191.6,20.35322149,45.76681263,15.39099921,3.780174135,11.32820999,3.380582549,11.18,21.29
307,0.226,0.64,20.86,78.5,0,0,10.18,1269.8,20.35322149,45.76681263,15.39099921,3.780174135,11.32820999,3.380582549,11.18,21.29
308,0.152,0.64,20.86,78.5,0,0,10.26,1314.7,20.35322149,45.76681263,15.39099921,3.780174135,11.32820999,3.380582549,11.18,21.29
309,0.101,0.64,20.86,78.5,0,0,9.59,1373.2,20.35322149,45.76681263,15.39099921,3.780174135,11.32820999,3.380582549,11.18,21.29
310,0.062,0.64,20.86,78.5,0,0,10.49,1431.3,20.35322149,45.76681263,15.39099921,3.780174135,11.32820999,3.380582549,11.18,21.29
311,0.048,0.64,20.86,78.5,0,0,10.33,1473,20.35322149,45.76681263,15.39099921,3.780174135,11.32820999,3.380582549,11.18,21.29
312,1.296,1.27,20.73,78,0,0,9.91,1076,20.35322149,45.76681263,15.39099921,3.780174135,11.32820999,3.380582549,11.18,21.29
313,0.94,1.27,20.73,78,0,0,10.19,1109.3,20.35322149,45.76681263,15.39099921,3.780174135,11.32820999,3.380582549,11.18,21.29
314,0.54,1.27,20.73,78,0,0,9.99,1139.6,20.35322149,45.76681263,15.39099921,3.780174135,11.32820999,3.380582549,11.18,21.29
315,0.302,1.27,20.73,78,0,0,10.18,1208.8,20.35322149,45.76681263,15.39099921,3.780174135,11.32820999,3.380582549,11.18,21.29
316,0.174,1.27,20.73,78,0,0,9.52,1272.5,20.35322149,45.76681263,15.39099921,3.780174135,11.32820999,3.380582549,11.18,21.29
317,0.082,1.27,20.73,78,0,0,10.38,1357.2,20.35322149,45.76681263,15.39099921,3.780174135,11.32820999,3.380582549,11.18,21.29
318,0.057,1.27,20.73,78,0,0,10.12,1407.4,20.35322149,45.76681263,15.39099921,3.780174135,11.32820999,3.380582549,11.18,21.29
319,9.7,2.5,20.48,77.02,0,0,9.7,1087.3,20.35322149,45.76681263,15.39099921,3.780174135,11.32820999,3.380582549,11.18,21.29
320,9.57,2.5,20.48,77.02,0,0,9.57,1130.5,20.35322149,45.76681263,15.39099921,3.780174135,11.32820999,3.380582549,11.18,21.29
321,9.99,2.5,20.48,77.02,0,0,9.99,1199.8,20.35322149,45.76681263,15.39099921,3.780174135,11.32820999,3.380582549,11.18,21.29
322,10.14,2.5,20.48,77.02,0,0,10.14,1257,20.35322149,45.76681263,15.39099921,3.780174135,11.32820999,3.380582549,11.18,21.29
323,10.27,2.5,20.48,77.02,0,0,10.27,1335.4,20.35322149,45.76681263,15.39099921,3.780174135,11.32820999,3.380582549,11.18,21.29
324,9.97,2.5,20.48,77.02,0,0,9.97,1398.1,20.35322149,45.76681263,15.39099921,3.780174135,11.32820999,3.380582549,11.18,21.29
325,10.05,2.5,20.48,77.02,0,0,10.05,1453.3,20.35322149,45.76681263,15.39099921,3.780174135,11.32820999,3.380582549,11.18,21.29
326,1.339,0.64,20.87,78.5,0,0,9.97,1098.5,15.16593,82.1971,1.97005,0.60098,0.07964,0,13.52,28.93
327,0.959,0.64,20.87,78.5,0,0,10.5,1122.4,15.16593,82.1971,1.97005,0.60098,0.07964,0,13.52,28.93
328,0.616,0.64,20.87,78.5,0,0,9.29,1163,15.16593,82.1971,1.97005,0.60098,0.07964,0,13.52,28.93
329,0.304,0.64,20.87,78.5,0,0,9.8,1238.8,15.16593,82.1971,1.97005,0.60098,0.07964,0,13.52,28.93
330,0.104,0.64,20.87,78.5,0,0,10.18,1360.7,15.16593,82.1971,1.97005,0.60098,0.07964,0,13.52,28.93
331,0.064,0.64,20.87,78.5,0,0,9.68,1477.3,15.16593,82.1971,1.97005,0.60098,0.07964,0,13.52,28.93
332,1.288,1.27,20.73,78,0,0,9.43,1074.3,15.16593,82.1971,1.97005,0.60098,0.07964,0,13.52,28.93
333,0.548,1.27,20.73,78,0,0,10.01,1150.4,15.16593,82.1971,1.97005,0.60098,0.07964,0,13.52,28.93
334,0.344,1.27,20.73,78,0,0,10.27,1213.6,15.16593,82.1971,1.97005,0.60098,0.07964,0,13.52,28.93
335,0.174,1.27,20.73,78,0,0,9.92,1295.5,15.16593,82.1971,1.97005,0.60098,0.07964,0,13.52,28.93
336,0.089,1.27,20.73,78,0,0,10.08,1405.1,15.16593,82.1971,1.97005,0.60098,0.07964,0,13.52,28.93
337,0.053,1.27,20.73,78,0,0,9.91,1493.3,15.16593,82.1971,1.97005,0.60098,0.07964,0,13.52,28.93
338,1.215,2.5,20.48,77.03,0,0,10.18,1067,15.16593,82.1971,1.97005,0.60098,0.07964,0,13.52,28.93
339,0.684,2.5,20.48,77.03,0,0,10.14,1105.7,15.16593,82.1971,1.97005,0.60098,0.07964,0,13.52,28.93
340,0.266,2.5,20.48,77.03,0,0,10.12,1205.5,15.16593,82.1971,1.97005,0.60098,0.07964,0,13.52,28.93
341,0.119,2.5,20.48,77.03,0,0,10.12,1306.5,15.16593,82.1971,1.97005,0.60098,0.07964,0,13.52,28.93
342,0.04,2.5,20.48,77.03,0,0,9.85,1470.2,15.16593,82.1971,1.97005,0.60098,0.07964,0,13.52,28.93
343,0.054,2.5,20.48,77.03,0,0,9.69,1449.5,15.16593,82.1971,1.97005,0.60098,0.07964,0,13.52,28.93
344,1.592,0.64,20.87,78.5,0,0,9.71,1086.7,17.83169,67.81749,6.32087,2.44894,4.1087,1.47231,12.78,26.77
345,0.754,0.64,20.87,78.5,0,0,9.77,1138.8,17.83169,67.81749,6.32087,2.44894,4.1087,1.47231,12.78,26.77
346,0.504,0.64,20.87,78.5,0,0,9.55,1176.8,17.83169,67.81749,6.32087,2.44894,4.1087,1.47231,12.78,26.77
347,0.298,0.64,20.87,78.5,0,0,9.7,1233.2,17.83169,67.81749,6.32087,2.44894,4.1087,1.47231,12.78,26.77
348,0.104,0.64,20.87,78.5,0,0,9.69,1330.9,17.83169,67.81749,6.32087,2.44894,4.1087,1.47231,12.78,26.77
349,0.072,0.64,20.87,78.5,0,0,9.82,1388.7,17.83169,67.81749,6.32087,2.44894,4.1087,1.47231,12.78,26.77
350,0.053,0.64,20.87,78.5,0,0,9.74,1432.2,17.83169,67.81749,6.32087,2.44894,4.1087,1.47231,12.78,26.77
351,1.572,1.27,20.73,78,0,0,10.41,1066.5,17.83169,67.81749,6.32087,2.44894,4.1087,1.47231,12.78,26.77
352,0.818,1.27,20.73,78,0,0,9.72,1112.2,17.83169,67.81749,6.32087,2.44894,4.1087,1.47231,12.78,26.77
353,0.37,1.27,20.73,78,0,0,9.74,1187,17.83169,67.81749,6.32087,2.44894,4.1087,1.47231,12.78,26.77
354,0.134,1.27,20.73,78,0,0,9.8,1288.6,17.83169,67.81749,6.32087,2.44894,4.1087,1.47231,12.78,26.77
355,0.055,1.27,20.73,78,0,0,9.82,1388.8,17.83169,67.81749,6.32087,2.44894,4.1087,1.47231,12.78,26.77
356,1.802,2.5,20.48,77.03,0,0,10.27,1060.5,17.83169,67.81749,6.32087,2.44894,4.1087,1.47231,12.78,26.77
357,0.902,2.5,20.48,77.03,0,0,10.16,1106.8,17.83169,67.81749,6.32087,2.44894,4.1087,1.47231,12.78,26.77
358,0.354,2.5,20.48,77.03,0,0,9.92,1195.9,17.83169,67.81749,6.32087,2.44894,4.1087,1.47231,12.78,26.77
359,0.242,2.5,20.48,77.03,0,0,9.93,1256.5,17.83169,67.81749,6.32087,2.44894,4.1087,1.47231,12.78,26.77
360,0.124,2.5,20.48,77.03,0,0,10.56,1329.9,17.83169,67.81749,6.32087,2.44894,4.1087,1.47231,12.78,26.77
361,0.054,2.5,20.48,77.03,0,0,9.69,1449.5,17.83169,67.81749,6.32087,2.44894,4.1087,1.47231,12.78,26.77
362,7.565,0.346,20.94,78.72,0,0,21.1,892,20,29,25,7,16,3,10.17,19.91
363,6.863,0.346,20.94,78.72,0,0,20.8,897,20,29,25,7,16,3,10.17,19.91
364,5.966,0.346,20.94,78.72,0,0,20.3,920,20,29,25,7,16,3,10.17,19.91
365,4.608,0.346,20.94,78.72,0,0,18.9,924,20,29,25,7,16,3,10.17,19.91
366,2.722,0.346,20.94,78.72,0,0,19.1,953,20,29,25,7,16,3,10.17,19.91
367,2.19,0.346,20.94,78.72,0,0,21.5,979,20,29,25,7,16,3,10.17,19.91
368,1.525,0.346,20.94,78.72,0,0,21.3,1016,20,29,25,7,16,3,10.17,19.91
369,1.067,0.346,20.94,78.72,0,0,18.7,1041,20,29,25,7,16,3,10.17,19.91
370,1.094,0.346,20.94,78.72,0,0,22.3,1055,20,29,25,7,16,3,10.17,19.91
371,0.823,0.346,20.94,78.72,0,0,21.1,1080,20,29,25,7,16,3,10.17,19.91
372,0.619,0.346,20.94,78.72,0,0,20.4,1092,20,29,25,7,16,3,10.17,19.91
373,0.575,0.346,20.94,78.72,0,0,21.9,1127,20,29,25,7,16,3,10.17,19.91
374,0.45,0.346,20.94,78.72,0,0,20.7,1133,20,29,25,7,16,3,10.17,19.91
375,0.272,0.346,20.94,78.72,0,0,20.9,1179,20,29,25,7,16,3,10.17,19.91
376,0.153,0.346,20.94,78.72,0,0,21.1,1230,20,29,25,7,16,3,10.17,19.91
377,0.101,0.346,20.94,78.72,0,0,20.4,1259,20,29,25,7,16,3,10.17,19.91
378,0.075,0.346,20.94,78.72,0,0,20.5,1305,20,29,25,7,16,3,10.17,19.91
379,4.921,0.689,20.86,78.45,0,0,20.6,707,20,29,25,7,16,3,10.17,19.91
380,3.035,0.689,20.86,78.45,0,0,20.8,743,20,29,25,7,16,3,10.17,19.91
381,3.594,0.689,20.86,78.45,0,0,19.6,785,20,29,25,7,16,3,10.17,19.91
382,2.941,0.689,20.86,78.45,0,0,21.4,830,20,29,25,7,16,3,10.17,19.91
383,3.358,0.689,20.86,78.45,0,0,21.6,854,20,29,25,7,16,3,10.17,19.91
384,3.202,0.689,20.86,78.45,0,0,18.3,879,20,29,25,7,16,3,10.17,19.91
385,2.347,0.689,20.86,78.45,0,0,21,930,20,29,25,7,16,3,10.17,19.91
386,2.165,0.689,20.86,78.45,0,0,20.1,950,20,29,25,7,16,3,10.17,19.91
387,1.239,0.689,20.86,78.45,0,0,18.5,995,20,29,25,7,16,3,10.17,19.91
388,1.163,0.689,20.86,78.45,0,0,19.8,1017,20,29,25,7,16,3,10.17,19.91
389,0.997,0.689,20.86,78.45,0,0,17.5,1031,20,29,25,7,16,3,10.17,19.91
390,0.863,0.689,20.86,78.45,0,0,20.1,1049,20,29,25,7,16,3,10.17,19.91
391,0.813,0.689,20.86,78.45,0,0,19,1052,20,29,25,7,16,3,10.17,19.91
392,0.609,0.689,20.86,78.45,0,0,20.8,1083,20,29,25,7,16,3,10.17,19.91
393,0.37,0.689,20.86,78.45,0,0,20.2,1113,20,29,25,7,16,3,10.17,19.91
394,0.298,0.689,20.86,78.45,0,0,20.3,1125,20,29,25,7,16,3,10.17,19.91
395,0.196,0.689,20.86,78.45,0,0,21,1160,20,29,25,7,16,3,10.17,19.91
396,0.18,0.689,20.86,78.45,0,0,19,1179,20,29,25,7,16,3,10.17,19.91
397,0.156,0.689,20.86,78.45,0,0,22.5,1182,20,29,25,7,16,3,10.17,19.91
398,0.138,0.689,20.86,78.45,0,0,21.9,1196,20,29,25,7,16,3,10.17,19.91
399,0.107,0.689,20.86,78.45,0,0,20.5,1215,20,29,25,7,16,3,10.17,19.91
400,0.069,0.689,20.86,78.45,0,0,21.8,1263,20,29,25,7,16,3,10.17,19.91
401,0.063,0.689,20.86,78.45,0,0,21.7,1273,20,29,25,7,16,3,10.17,19.91
402,0.056,0.689,20.86,78.45,0,0,21.4,1304,20,29,25,7,16,3,10.17,19.91
403,9.648,1.368,20.72,77.91,0,0,8,848,20,29,25,7,16,3,10.17,19.91
404,7.204,1.368,20.72,77.91,0,0,7.7,866,20,29,25,7,16,3,10.17,19.91
405,5.388,1.368,20.72,77.91,0,0,8.3,906,20,29,25,7,16,3,10.17,19.91
406,5.07,1.368,20.72,77.91,0,0,8.8,907,20,29,25,7,16,3,10.17,19.91
407,3.564,1.368,20.72,77.91,0,0,8.4,949,20,29,25,7,16,3,10.17,19.91
408,2.486,1.368,20.72,77.91,0,0,8.4,968,20,29,25,7,16,3,10.17,19.91
409,2.545,1.368,20.72,77.91,0,0,8.3,983,20,29,25,7,16,3,10.17,19.91
410,1.921,1.368,20.72,77.91,0,0,8.4,1003,20,29,25,7,16,3,10.17,19.91
411,1.811,1.368,20.72,77.91,0,0,8.1,1018,20,29,25,7,16,3,10.17,19.91
412,1.616,1.368,20.72,77.91,0,0,7.9,1022,20,29,25,7,16,3,10.17,19.91
413,0.877,1.368,20.72,77.91,0,0,8.3,1052,20,29,25,7,16,3,10.17,19.91
414,0.617,1.368,20.72,77.91,0,0,8,1089,20,29,25,7,16,3,10.17,19.91
415,0.538,1.368,20.72,77.91,0,0,7.8,1097,20,29,25,7,16,3,10.17,19.91
416,0.709,1.368,20.72,77.91,0,0,6.7,1099,20,29,25,7,16,3,10.17,19.91
417,0.371,1.368,20.72,77.91,0,0,6.1,1143,20,29,25,7,16,3,10.17,19.91
418,0.158,1.368,20.72,77.91,0,0,7.3,1233,20,29,25,7,16,3,10.17,19.91
419,0.118,1.368,20.72,77.91,0,0,8.3,1270,20,29,25,7,16,3,10.17,19.91
420,0.07,1.368,20.72,77.91,0,0,8.3,1327,20,29,25,7,16,3,10.17,19.91
421,0.041,1.368,20.72,77.91,0,0,8.2,1381,20,29,25,7,16,3,10.17,19.91
422,5.617,1.368,20.72,77.91,0,0,12.7,744,20,29,25,7,16,3,10.17,19.91
423,5.43,1.368,20.72,77.91,0,0,11.3,754,20,29,25,7,16,3,10.17,19.91
424,6.762,1.368,20.72,77.91,0,0,10.7,792,20,29,25,7,16,3,10.17,19.91
425,6.8,1.368,20.72,77.91,0,0,11.6,823,20,29,25,7,16,3,10.17,19.91
426,4.261,1.368,20.72,77.91,0,0,10.1,866,20,29,25,7,16,3,10.17,19.91
427,2.803,1.368,20.72,77.91,0,0,11.5,904,20,29,25,7,16,3,10.17,19.91
428,3.104,1.368,20.72,77.91,0,0,10.4,905,20,29,25,7,16,3,10.17,19.91
429,3.117,1.368,20.72,77.91,0,0,12,937,20,29,25,7,16,3,10.17,19.91
430,1.668,1.368,20.72,77.91,0,0,12,978,20,29,25,7,16,3,10.17,19.91
431,1.751,1.368,20.72,77.91,0,0,10.1,987,20,29,25,7,16,3,10.17,19.91
432,1.169,1.368,20.72,77.91,0,0,11.6,1021,20,29,25,7,16,3,10.17,19.91
433,1.054,1.368,20.72,77.91,0,0,12.1,1032,20,29,25,7,16,3,10.17,19.91
434,0.818,1.368,20.72,77.91,0,0,11.5,1046,20,29,25,7,16,3,10.17,19.91
435,0.559,1.368,20.72,77.91,0,0,11.2,1077,20,29,25,7,16,3,10.17,19.91
436,0.298,1.368,20.72,77.91,0,0,10.6,1136,20,29,25,7,16,3,10.17,19.91
437,0.246,1.368,20.72,77.91,0,0,10.3,1154,20,29,25,7,16,3,10.17,19.91
438,0.151,1.368,20.72,77.91,0,0,9.6,1210,20,29,25,7,16,3,10.17,19.91
439,0.11,1.368,20.72,77.91,0,0,9,1240,20,29,25,7,16,3,10.17,19.91
440,0.052,1.368,20.72,77.91,0,0,9,1313,20,29,25,7,16,3,10.17,19.91
441,8.974,1.368,20.72,77.91,0,0,20.8,674,20,29,25,7,16,3,10.17,19.91
442,6.703,1.368,20.72,77.91,0,0,21.8,680,20,29,25,7,16,3,10.17,19.91
443,5.821,1.368,20.72,77.91,0,0,21.3,681,20,29,25,7,16,3,10.17,19.91
444,3.887,1.368,20.72,77.91,0,0,23.5,700,20,29,25,7,16,3,10.17,19.91
445,4.216,1.368,20.72,77.91,0,0,23.7,703,20,29,25,7,16,3,10.17,19.91
446,3.204,1.368,20.72,77.91,0,0,23.4,704,20,29,25,7,16,3,10.17,19.91
447,2.737,1.368,20.72,77.91,0,0,24.3,717,20,29,25,7,16,3,10.17,19.91
448,2.287,1.368,20.72,77.91,0,0,20,723,20,29,25,7,16,3,10.17,19.91
449,1.871,1.368,20.72,77.91,0,0,23.7,737,20,29,25,7,16,3,10.17,19.91
450,1.842,1.368,20.72,77.91,0,0,20.9,750,20,29,25,7,16,3,10.17,19.91
451,1.894,1.368,20.72,77.91,0,0,20.8,753,20,29,25,7,16,3,10.17,19.91
452,1.788,1.368,20.72,77.91,0,0,21.2,755,20,29,25,7,16,3,10.17,19.91
453,1.757,1.368,20.72,77.91,0,0,20.5,757,20,29,25,7,16,3,10.17,19.91
454,1.618,1.368,20.72,77.91,0,0,23,797,20,29,25,7,16,3,10.17,19.91
455,1.618,1.368,20.72,77.91,0,0,24.8,797,20,29,25,7,16,3,10.17,19.91
456,1.616,1.368,20.72,77.91,0,0,21.5,802,20,29,25,7,16,3,10.17,19.91
457,1.625,1.368,20.72,77.91,0,0,23.2,803,20,29,25,7,16,3,10.17,19.91
458,1.742,1.368,20.72,77.91,0,0,22.1,815,20,29,25,7,16,3,10.17,19.91
459,2.102,1.368,20.72,77.91,0,0,19.1,820,20,29,25,7,16,3,10.17,19.91
460,1.896,1.368,20.72,77.91,0,0,21.2,826,20,29,25,7,16,3,10.17,19.91
461,1.789,1.368,20.72,77.91,0,0,21.7,831,20,29,25,7,16,3,10.17,19.91
462,2.038,1.368,20.72,77.91,0,0,20.5,836,20,29,25,7,16,3,10.17,19.91
463,2.138,1.368,20.72,77.91,0,0,20.9,845,20,29,25,7,16,3,10.17,19.91
464,2.059,1.368,20.72,77.91,0,0,21.2,849,20,29,25,7,16,3,10.17,19.91
465,1.897,1.368,20.72,77.91,0,0,22.1,849,20,29,25,7,16,3,10.17,19.91
466,1.908,1.368,20.72,77.91,0,0,21.8,851,20,29,25,7,16,3,10.17,19.91
467,1.843,1.368,20.72,77.91,0,0,22.8,871,20,29,25,7,16,3,10.17,19.91
468,2.032,1.368,20.72,77.91,0,0,21.6,882,20,29,25,7,16,3,10.17,19.91
469,2.031,1.368,20.72,77.91,0,0,21.5,904,20,29,25,7,16,3,10.17,19.91
470,1.749,1.368,20.72,77.91,0,0,20.9,931,20,29,25,7,16,3,10.17,19.91
471,1.675,1.368,20.72,77.91,0,0,22.7,940,20,29,25,7,16,3,10.17,19.91
472,1.354,1.368,20.72,77.91,0,0,21.1,955,20,29,25,7,16,3,10.17,19.91
473,1.236,1.368,20.72,77.91,0,0,21.7,973,20,29,25,7,16,3,10.17,19.91
474,1.14,1.368,20.72,77.91,0,0,19.9,984,20,29,25,7,16,3,10.17,19.91
475,1.05,1.368,20.72,77.91,0,0,18.9,991,20,29,25,7,16,3,10.17,19.91
476,0.816,1.368,20.72,77.91,0,0,19.2,1025,20,29,25,7,16,3,10.17,19.91
477,0.706,1.368,20.72,77.91,0,0,16.7,1043,20,29,25,7,16,3,10.17,19.91
478,0.563,1.368,20.72,77.91,0,0,21.6,1046,20,29,25,7,16,3,10.17,19.91
479,0.458,1.368,20.72,77.91,0,0,21,1050,20,29,25,7,16,3,10.17,19.91
480,0.464,1.368,20.72,77.91,0,0,19.3,1072,20,29,25,7,16,3,10.17,19.91
481,0.375,1.368,20.72,77.91,0,0,19.1,1083,20,29,25,7,16,3,10.17,19.91
482,0.318,1.368,20.72,77.91,0,0,18.4,1092,20,29,25,7,16,3,10.17,19.91
483,0.355,1.368,20.72,77.91,0,0,16.9,1100,20,29,25,7,16,3,10.17,19.91
484,0.261,1.368,20.72,77.91,0,0,18.2,1106,20,29,25,7,16,3,10.17,19.91
485,0.249,1.368,20.72,77.91,0,0,18.1,1109,20,29,25,7,16,3,10.17,19.91
486,0.225,1.368,20.72,77.91,0,0,17.7,1117,20,29,25,7,16,3,10.17,19.91
487,0.185,1.368,20.72,77.91,0,0,19.2,1126,20,29,25,7,16,3,10.17,19.91
488,0.181,1.368,20.72,77.91,0,0,18.7,1138,20,29,25,7,16,3,10.17,19.91
489,0.176,1.368,20.72,77.91,0,0,18.1,1143,20,29,25,7,16,3,10.17,19.91
490,0.184,1.368,20.72,77.91,0,0,17.2,1145,20,29,25,7,16,3,10.17,19.91
491,0.104,1.368,20.72,77.91,0,0,18.1,1177,20,29,25,7,16,3,10.17,19.91
492,0.116,1.368,20.72,77.91,0,0,16.3,1187,20,29,25,7,16,3,10.17,19.91
493,0.095,1.368,20.72,77.91,0,0,16.5,1197,20,29,25,7,16,3,10.17,19.91
494,0.077,1.368,20.72,77.91,0,0,16.8,1222,20,29,25,7,16,3,10.17,19.91
495,1.885,1.368,20.72,77.91,0,0,36.6,741,20,29,25,7,16,3,10.17,19.91
496,1.707,1.368,20.72,77.91,0,0,40.3,763,20,29,25,7,16,3,10.17,19.91
497,1.644,1.368,20.72,77.91,0,0,38.5,812,20,29,25,7,16,3,10.17,19.91
498,1.661,1.368,20.72,77.91,0,0,36,832,20,29,25,7,16,3,10.17,19.91
499,1.727,1.368,20.72,77.91,0,0,40.1,848,20,29,25,7,16,3,10.17,19.91
500,1.423,1.368,20.72,77.91,0,0,36.9,852,20,29,25,7,16,3,10.17,19.91
501,1.423,1.368,20.72,77.91,0,0,36.9,854,20,29,25,7,16,3,10.17,19.91
502,1.824,1.368,20.72,77.91,0,0,35.7,855,20,29,25,7,16,3,10.17,19.91
503,1.55,1.368,20.72,77.91,0,0,39.3,888,20,29,25,7,16,3,10.17,19.91
504,1.64,1.368,20.72,77.91,0,0,38.1,896,20,29,25,7,16,3,10.17,19.91
505,1.689,1.368,20.72,77.91,0,0,34.5,904,20,29,25,7,16,3,10.17,19.91
506,1.483,1.368,20.72,77.91,0,0,39.9,916,20,29,25,7,16,3,10.17,19.91
507,1.192,1.368,20.72,77.91,0,0,36.5,945,20,29,25,7,16,3,10.17,19.91
508,0.819,1.368,20.72,77.91,0,0,41.1,964,20,29,25,7,16,3,10.17,19.91
509,0.821,1.368,20.72,77.91,0,0,40.2,978,20,29,25,7,16,3,10.17,19.91
510,0.542,1.368,20.72,77.91,0,0,38.8,1007,20,29,25,7,16,3,10.17,19.91
511,0.689,1.368,20.72,77.91,0,0,40.3,1008,20,29,25,7,16,3,10.17,19.91
512,0.462,1.368,20.72,77.91,0,0,38.8,1021,20,29,25,7,16,3,10.17,19.91
513,0.456,1.368,20.72,77.91,0,0,38.6,1030,20,29,25,7,16,3,10.17,19.91
514,0.495,1.368,20.72,77.91,0,0,40.9,1034,20,29,25,7,16,3,10.17,19.91
515,0.298,1.368,20.72,77.91,0,0,38.5,1054,20,29,25,7,16,3,10.17,19.91
516,0.169,1.368,20.72,77.91,0,0,40.2,1103,20,29,25,7,16,3,10.17,19.91
517,0.107,1.368,20.72,77.91,0,0,39.6,1132,20,29,25,7,16,3,10.17,19.91
518,0.092,1.368,20.72,77.91,0,0,40.3,1161,20,29,25,7,16,3,10.17,19.91
519,0.079,1.368,20.72,77.91,0,0,40.9,1162,20,29,25,7,16,3,10.17,19.91
520,0.096,1.368,20.72,77.91,0,0,38.7,1163,20,29,25,7,16,3,10.17,19.91
521,0.04,1.368,20.72,77.91,0,0,40.9,1224,20,29,25,7,16,3,10.17,19.91
522,0.038,1.368,20.72,77.91,0,0,38.8,1229,20,29,25,7,16,3,10.17,19.91
523,8.311,2.038,20.58,77.38,0,0,19.8,662,20,29,25,7,16,3,10.17,19.91
524,6.77,2.038,20.58,77.38,0,0,20,670,20,29,25,7,16,3,10.17,19.91
525,5.285,2.038,20.58,77.38,0,0,20.1,672,20,29,25,7,16,3,10.17,19.91
526,3.656,2.038,20.58,77.38,0,0,21.1,684,20,29,25,7,16,3,10.17,19.91
527,2.811,2.038,20.58,77.38,0,0,18.8,701,20,29,25,7,16,3,10.17,19.91
528,2.528,2.038,20.58,77.38,0,0,23,706,20,29,25,7,16,3,10.17,19.91
529,2.331,2.038,20.58,77.38,0,0,23.5,710,20,29,25,7,16,3,10.17,19.91
530,1.72,2.038,20.58,77.38,0,0,19.7,717,20,29,25,7,16,3,10.17,19.91
531,1.973,2.038,20.58,77.38,0,0,21.1,724,20,29,25,7,16,3,10.17,19.91
532,1.709,2.038,20.58,77.38,0,0,18.7,743,20,29,25,7,16,3,10.17,19.91
533,1.832,2.038,20.58,77.38,0,0,19.6,759,20,29,25,7,16,3,10.17,19.91
534,1.481,2.038,20.58,77.38,0,0,20.6,774,20,29,25,7,16,3,10.17,19.91
535,1.678,2.038,20.58,77.38,0,0,21,810,20,29,25,7,16,3,10.17,19.91
536,1.651,2.038,20.58,77.38,0,0,18.4,813,20,29,25,7,16,3,10.17,19.91
537,2.052,2.038,20.58,77.38,0,0,19.6,832,20,29,25,7,16,3,10.17,19.91
538,1.761,2.038,20.58,77.38,0,0,19.1,837,20,29,25,7,16,3,10.17,19.91
539,2.064,2.038,20.58,77.38,0,0,19.2,854,20,29,25,7,16,3,10.17,19.91
540,1.655,2.038,20.58,77.38,0,0,22.2,880,20,29,25,7,16,3,10.17,19.91
541,1.662,2.038,20.58,77.38,0,0,23.4,894,20,29,25,7,16,3,10.17,19.91
542,1.931,2.038,20.58,77.38,0,0,20.4,901,20,29,25,7,16,3,10.17,19.91
543,1.612,2.038,20.58,77.38,0,0,20.5,910,20,29,25,7,16,3,10.17,19.91
544,1.024,2.038,20.58,77.38,0,0,20.2,972,20,29,25,7,16,3,10.17,19.91
545,0.816,2.038,20.58,77.38,0,0,23.2,989,20,29,25,7,16,3,10.17,19.91
546,0.756,2.038,20.58,77.38,0,0,18.9,1004,20,29,25,7,16,3,10.17,19.91
547,0.628,2.038,20.58,77.38,0,0,21.2,1014,20,29,25,7,16,3,10.17,19.91
548,0.522,2.038,20.58,77.38,0,0,21.7,1014,20,29,25,7,16,3,10.17,19.91
549,0.524,2.038,20.58,77.38,0,0,20.9,1020,20,29,25,7,16,3,10.17,19.91
550,0.541,2.038,20.58,77.38,0,0,20.4,1021,20,29,25,7,16,3,10.17,19.91
551,0.371,2.038,20.58,77.38,0,0,22.4,1049,20,29,25,7,16,3,10.17,19.91
552,0.279,2.038,20.58,77.38,0,0,21.9,1075,20,29,25,7,16,3,10.17,19.91
553,0.291,2.038,20.58,77.38,0,0,22.3,1088,20,29,25,7,16,3,10.17,19.91
554,0.243,2.038,20.58,77.38,0,0,21.9,1101,20,29,25,7,16,3,10.17,19.91
555,0.14,2.038,20.58,77.38,0,0,23.4,1121,20,29,25,7,16,3,10.17,19.91
556,0.13,2.038,20.58,77.38,0,0,20.5,1142,20,29,25,7,16,3,10.17,19.91
557,0.155,2.038,20.58,77.38,0,0,18.9,1132,20,29,25,7,16,3,10.17,19.91
558,0.119,2.038,20.58,77.38,0,0,20.3,1157,20,29,25,7,16,3,10.17,19.91
559,0.114,2.038,20.58,77.38,0,0,19.9,1160,20,29,25,7,16,3,10.17,19.91
560,0.083,2.038,20.58,77.38,0,0,21.1,1185,20,29,25,7,16,3,10.17,19.91
561,2.676,1.171,20.76,78.07,0,0,20.2,673,18,82,0,0,0,0,11.51,24.9
562,1.621,1.171,20.76,78.07,0,0,22.5,700,18,82,0,0,0,0,11.51,24.9
563,1.334,1.171,20.76,78.07,0,0,20.6,717,18,82,0,0,0,0,11.51,24.9
564,1.245,1.171,20.76,78.07,0,0,20.1,732,18,82,0,0,0,0,11.51,24.9
565,1.453,1.171,20.76,78.07,0,0,19.6,759,18,82,0,0,0,0,11.51,24.9
566,1.457,1.171,20.76,78.07,0,0,20.3,804,18,82,0,0,0,0,11.51,24.9
567,1.295,1.171,20.76,78.07,0,0,20,832,18,82,0,0,0,0,11.51,24.9
568,1.674,1.171,20.76,78.07,0,0,19.8,857,18,82,0,0,0,0,11.51,24.9
569,1.547,1.171,20.76,78.07,0,0,18.7,870,18,82,0,0,0,0,11.51,24.9
570,1.362,1.171,20.76,78.07,0,0,18.7,926,18,82,0,0,0,0,11.51,24.9
571,1.142,1.171,20.76,78.07,0,0,20.9,942,18,82,0,0,0,0,11.51,24.9
572,1.037,1.171,20.76,78.07,0,0,20.1,956,18,82,0,0,0,0,11.51,24.9
573,0.593,1.171,20.76,78.07,0,0,19.6,1016,18,82,0,0,0,0,11.51,24.9
574,0.423,1.171,20.76,78.07,0,0,24,1044,18,82,0,0,0,0,11.51,24.9
575,0.387,1.171,20.76,78.07,0,0,20.8,1046,18,82,0,0,0,0,11.51,24.9
576,0.343,1.171,20.76,78.07,0,0,20,1066,18,82,0,0,0,0,11.51,24.9
577,0.292,1.171,20.76,78.07,0,0,19,1086,18,82,0,0,0,0,11.51,24.9
578,0.221,1.171,20.76,78.07,0,0,20.3,1119,18,82,0,0,0,0,11.51,24.9
579,0.161,1.171,20.76,78.07,0,0,19.8,1142,18,82,0,0,0,0,11.51,24.9
580,0.103,1.171,20.76,78.07,0,0,19.8,1179,18,82,0,0,0,0,11.51,24.9
581,0.083,1.171,20.76,78.07,0,0,20,1180,18,82,0,0,0,0,11.51,24.9
582,0.039,1.171,20.76,78.07,0,0,20.8,1260,18,82,0,0,0,0,11.51,24.9
583,3.562,1.286,20.74,77.97,0,0,19.2,651,57,42,1,0,0,0,10.4,22.88
584,1.557,1.286,20.74,77.97,0,0,19.8,689,57,42,1,0,0,0,10.4,22.88
585,1.161,1.286,20.74,77.97,0,0,18.5,715,57,42,1,0,0,0,10.4,22.88
586,1.094,1.286,20.74,77.97,0,0,20.6,733,57,42,1,0,0,0,10.4,22.88
587,1.19,1.286,20.74,77.97,0,0,18,808,57,42,1,0,0,0,10.4,22.88
588,0.99,1.286,20.74,77.97,0,0,21.4,811,57,42,1,0,0,0,10.4,22.88
589,1.078,1.286,20.74,77.97,0,0,21,880,57,42,1,0,0,0,10.4,22.88
590,1.192,1.286,20.74,77.97,0,0,20.2,904,57,42,1,0,0,0,10.4,22.88
591,1.001,1.286,20.74,77.97,0,0,22.5,942,57,42,1,0,0,0,10.4,22.88
592,0.782,1.286,20.74,77.97,0,0,21.8,1003,57,42,1,0,0,0,10.4,22.88
593,0.376,1.286,20.74,77.97,0,0,21.4,1072,57,42,1,0,0,0,10.4,22.88
594,0.278,1.286,20.74,77.97,0,0,22.3,1097,57,42,1,0,0,0,10.4,22.88
595,0.223,1.286,20.74,77.97,0,0,19.2,1112,57,42,1,0,0,0,10.4,22.88
596,0.074,1.286,20.74,77.97,0,0,19,1212,57,42,1,0,0,0,10.4,22.88
597,0.029,1.286,20.74,77.97,0,0,19.9,1290,57,42,1,0,0,0,10.4,22.88
598,6.642,1.258,20.74,78,0,0,21.5,681,5.5,77,15,1.6,0.9,0,10.85,23.57
599,5.995,1.258,20.74,78,0,0,20.4,687,5.5,77,15,1.6,0.9,0,10.85,23.57
600,3.06,1.258,20.74,78,0,0,20.4,734,5.5,77,15,1.6,0.9,0,10.85,23.57
601,3.332,1.258,20.74,78,0,0,20.6,805,5.5,77,15,1.6,0.9,0,10.85,23.57
602,2.686,1.258,20.74,78,0,0,20,869,5.5,77,15,1.6,0.9,0,10.85,23.57
603,1.91,1.258,20.74,78,0,0,20.2,914,5.5,77,15,1.6,0.9,0,10.85,23.57
604,1.162,1.258,20.74,78,0,0,20.2,977,5.5,77,15,1.6,0.9,0,10.85,23.57
605,1.038,1.258,20.74,78,0,0,20,989,5.5,77,15,1.6,0.9,0,10.85,23.57
606,0.563,1.258,20.74,78,0,0,20.4,1033,5.5,77,15,1.6,0.9,0,10.85,23.57
607,0.303,1.258,20.74,78,0,0,21.5,1080,5.5,77,15,1.6,0.9,0,10.85,23.57
608,0.135,1.258,20.74,78,0,0,20.3,1151,5.5,77,15,1.6,0.9,0,10.85,23.57
609,0.07,1.258,20.74,78,0,0,20.5,1213,5.5,77,15,1.6,0.9,0,10.85,23.57
610,0.045,1.258,20.74,78,0,0,20.8,1252,5.5,77,15,1.6,0.9,0,10.85,23.57
611,0.027,1.258,20.74,78,0,0,21.9,1323,5.5,77,15,1.6,0.9,0,10.85,23.57
612,6.9798,0.59,20.88,78.53,0,0,10.88,921.5,25.1,42.7,10.7,7.1,14.4,0,11.82,23.2
613,3.2174,0.59,20.88,78.53,0,0,10.88,968.9,25.1,42.7,10.7,7.1,14.4,0,11.82,23.2
614,2.0852,0.59,20.88,78.53,0,0,10.88,1017.8,25.1,42.7,10.7,7.1,14.4,0,11.82,23.2
615,0.8717,0.59,20.88,78.53,0,0,10.88,1084.6,25.1,42.7,10.7,7.1,14.4,0,11.82,23.2
616,0.5217,0.59,20.88,78.53,0,0,10.88,1147.6,25.1,42.7,10.7,7.1,14.4,0,11.82,23.2
617,0.2536,0.59,20.88,78.53,0,0,10.88,1237.2,25.1,42.7,10.7,7.1,14.4,0,11.82,23.2
618,0.1686,0.59,20.88,78.53,0,0,10.88,1301.4,25.1,42.7,10.7,7.1,14.4,0,11.82,23.2
619,7.232,0.59,20.88,78.53,0,0,10.88,785.2,25.1,42.7,10.7,7.1,14.4,0,11.82,23.2
620,6.4533,0.59,20.88,78.53,0,0,10.88,844.1,25.1,42.7,10.7,7.1,14.4,0,11.82,23.2
621,6.7579,0.59,20.88,78.53,0,0,10.88,881.9,25.1,42.7,10.7,7.1,14.4,0,11.82,23.2
622,4.25,0.59,20.88,78.53,0,0,10.88,933,25.1,42.7,10.7,7.1,14.4,0,11.82,23.2
623,3.2964,0.59,20.88,78.53,0,0,10.88,952.6,25.1,42.7,10.7,7.1,14.4,0,11.82,23.2
624,0.3403,0.59,20.88,78.53,0,0,10.88,1161.7,25.1,42.7,10.7,7.1,14.4,0,11.82,23.2
625,2.9961,0.59,20.88,78.53,0,0,10.88,965.6,25.1,42.7,10.7,7.1,14.4,0,11.82,23.2
626,2.2723,0.59,20.88,78.53,0,0,10.88,999.8,25.1,42.7,10.7,7.1,14.4,0,11.82,23.2
627,0.8375,0.59,20.88,78.53,0,0,10.88,1066.1,25.1,42.7,10.7,7.1,14.4,0,11.82,23.2
628,0.1575,0.59,20.88,78.53,0,0,10.88,1233.8,25.1,42.7,10.7,7.1,14.4,0,11.82,23.2
629,5.7043,1.18,20.75,78.07,0,0,10.88,773.2,25.1,42.7,10.7,7.1,14.4,0,11.82,23.2
630,6.3575,1.18,20.75,78.07,0,0,10.88,829,25.1,42.7,10.7,7.1,14.4,0,11.82,23.2
631,4.5319,1.18,20.75,78.07,0,0,10.88,891.7,25.1,42.7,10.7,7.1,14.4,0,11.82,23.2
632,2.4805,1.18,20.75,78.07,0,0,10.88,952.1,25.1,42.7,10.7,7.1,14.4,0,11.82,23.2
633,1.6625,1.18,20.75,78.07,0,0,10.88,996.1,25.1,42.7,10.7,7.1,14.4,0,11.82,23.2
634,0.9814,1.18,20.75,78.07,0,0,10.88,1047.1,25.1,42.7,10.7,7.1,14.4,0,11.82,23.2
635,0.5424,1.18,20.75,78.07,0,0,10.88,1102,25.1,42.7,10.7,7.1,14.4,0,11.82,23.2
636,0.3977,1.18,20.75,78.07,0,0,10.88,1141.7,25.1,42.7,10.7,7.1,14.4,0,11.82,23.2
637,0.2137,1.18,20.75,78.07,0,0,10.88,1226.5,25.1,42.7,10.7,7.1,14.4,0,11.82,23.2
638,4.9193,1.76,20.63,77.61,0,0,10.88,795.9,25.1,42.7,10.7,7.1,14.4,0,11.82,23.2
639,4.3233,1.76,20.63,77.61,0,0,10.88,749.4,25.1,42.7,10.7,7.1,14.4,0,11.82,23.2
640,5.8276,1.76,20.63,77.61,0,0,10.88,832.7,25.1,42.7,10.7,7.1,14.4,0,11.82,23.2
641,4.9722,1.76,20.63,77.61,0,0,10.88,883.7,25.1,42.7,10.7,7.1,14.4,0,11.82,23.2
642,1.9295,1.76,20.63,77.61,0,0,10.88,960.8,25.1,42.7,10.7,7.1,14.4,0,11.82,23.2
643,2.3592,1.76,20.63,77.61,0,0,10.88,962.7,25.1,42.7,10.7,7.1,14.4,0,11.82,23.2
644,1.1586,1.76,20.63,77.61,0,0,10.88,1034.9,25.1,42.7,10.7,7.1,14.4,0,11.82,23.2
645,0.4712,1.76,20.63,77.61,0,0,10.88,1109.6,25.1,42.7,10.7,7.1,14.4,0,11.82,23.2
646,0.2169,1.76,20.63,77.61,0,0,10.88,1225.8,25.1,42.7,10.7,7.1,14.4,0,11.82,23.2
647,10.0378,0.59,10.44,88.97,0,0,10.88,817,25.1,42.7,10.7,7.1,14.4,0,11.82,23.2
648,8.8067,0.59,10.44,88.97,0,0,10.88,864.4,25.1,42.7,10.7,7.1,14.4,0,11.82,23.2
649,6.7526,0.59,10.44,88.97,0,0,10.88,904.5,25.1,42.7,10.7,7.1,14.4,0,11.82,23.2
650,6.2996,0.59,10.44,88.97,0,0,10.88,922.1,25.1,42.7,10.7,7.1,14.4,0,11.82,23.2
651,0.5574,0.59,10.44,88.97,0,0,10.88,1157,25.1,42.7,10.7,7.1,14.4,0,11.82,23.2
652,3.5289,0.59,10.44,88.97,0,0,10.88,958.6,25.1,42.7,10.7,7.1,14.4,0,11.82,23.2
653,1.5373,0.59,10.44,88.97,0,0,10.88,1044.6,25.1,42.7,10.7,7.1,14.4,0,11.82,23.2
654,0.1539,0.59,10.44,88.97,0,0,10.88,1295.3,25.1,42.7,10.7,7.1,14.4,0,11.82,23.2
655,11.0094,0.59,10.44,88.97,0,0,10.88,901.8,25.1,42.7,10.7,7.1,14.4,0,11.82,23.2
656,8.9756,0.59,10.44,88.97,0,0,10.88,908.8,25.1,42.7,10.7,7.1,14.4,0,11.82,23.2
657,4.4196,0.59,10.44,88.97,0,0,10.88,947.6,25.1,42.7,10.7,7.1,14.4,0,11.82,23.2
658,2.5072,0.59,10.44,88.97,0,0,10.88,1008.5,25.1,42.7,10.7,7.1,14.4,0,11.82,23.2
659,1.0052,0.59,10.44,88.97,0,0,10.88,1099.5,25.1,42.7,10.7,7.1,14.4,0,11.82,23.2
660,0.5186,0.59,10.44,88.97,0,0,10.88,1185.7,25.1,42.7,10.7,7.1,14.4,0,11.82,23.2
661,0.2088,0.59,10.44,88.97,0,0,10.88,1302,25.1,42.7,10.7,7.1,14.4,0,11.82,23.2
662,0.0827,0.59,10.44,88.97,0,0,10.88,1397.4,25.1,42.7,10.7,7.1,14.4,0,11.82,23.2
663,5.4239,0.59,10.44,88.97,0,0,10.88,958.6,25.1,42.7,10.7,7.1,14.4,0,11.82,23.2
664,11.4041,0.59,10.44,88.97,0,0,10.88,907,25.1,42.7,10.7,7.1,14.4,0,11.82,23.2
665,3.8677,0.59,10.44,88.97,0,0,10.88,1004.5,25.1,42.7,10.7,7.1,14.4,0,11.82,23.2
666,2.2017,0.59,10.44,88.97,0,0,10.88,1059.8,25.1,42.7,10.7,7.1,14.4,0,11.82,23.2
667,1.2128,0.59,10.44,88.97,0,0,10.88,1118.9,25.1,42.7,10.7,7.1,14.4,0,11.82,23.2
668,0.6199,0.59,10.44,88.97,0,0,10.88,1211.9,25.1,42.7,10.7,7.1,14.4,0,11.82,23.2
669,0.2564,0.59,10.44,88.97,0,0,10.88,1335.3,25.1,42.7,10.7,7.1,14.4,0,11.82,23.2
670,0.1167,0.59,10.44,88.97,0,0,10.88,1437.1,25.1,42.7,10.7,7.1,14.4,0,11.82,23.2
671,11.3219,0.59,6.96,92.45,0,0,10.88,900.7,25.1,42.7,10.7,7.1,14.4,0,11.82,23.2
672,7.2795,0.59,6.96,92.45,0,0,10.88,939.4,25.1,42.7,10.7,7.1,14.4,0,11.82,23.2
673,3.3667,0.59,6.96,92.45,0,0,10.88,1030.8,25.1,42.7,10.7,7.1,14.4,0,11.82,23.2
674,5.1542,0.59,6.96,92.45,0,0,10.88,979,25.1,42.7,10.7,7.1,14.4,0,11.82,23.2
675,1.2998,0.59,6.96,92.45,0,0,10.88,1129.6,25.1,42.7,10.7,7.1,14.4,0,11.82,23.2
676,2.2588,0.59,6.96,92.45,0,0,10.88,1065.3,25.1,42.7,10.7,7.1,14.4,0,11.82,23.2
677,0.4796,0.59,6.96,92.45,0,0,10.88,1272.7,25.1,42.7,10.7,7.1,14.4,0,11.82,23.2
678,0.6974,0.59,6.96,92.45,0,0,10.88,1191.8,25.1,42.7,10.7,7.1,14.4,0,11.82,23.2
679,2.968,0.59,6.96,92.45,0,0,10.88,1039,25.1,42.7,10.7,7.1,14.4,0,11.82,23.2
680,1.7471,0.59,6.96,92.45,0,0,10.88,1103.6,25.1,42.7,10.7,7.1,14.4,0,11.82,23.2
681,0.9277,0.59,6.96,92.45,0,0,10.88,1174.3,25.1,42.7,10.7,7.1,14.4,0,11.82,23.2
682,0.3358,0.59,6.96,92.45,0,0,10.88,1280.4,25.1,42.7,10.7,7.1,14.4,0,11.82,23.2
683,0.1929,0.59,6.96,92.45,0,0,10.88,1372.3,25.1,42.7,10.7,7.1,14.4,0,11.82,23.2
684,4.5128,0.59,6.96,92.45,0,0,10.88,1058,25.1,42.7,10.7,7.1,14.4,0,11.82,23.2
685,1.9642,0.59,6.96,92.45,0,0,10.88,1122.3,25.1,42.7,10.7,7.1,14.4,0,11.82,23.2
686,1.08,0.59,6.96,92.45,0,0,10.88,1197.7,25.1,42.7,10.7,7.1,14.4,0,11.82,23.2
687,0.5366,0.59,6.96,92.45,0,0,10.88,1256.5,25.1,42.7,10.7,7.1,14.4,0,11.82,23.2
688,0.7992,0.59,6.96,92.45,0,0,10.88,1251.7,25.1,42.7,10.7,7.1,14.4,0,11.82,23.2
689,0.4074,0.59,6.96,92.45,0,0,10.88,1329.9,25.1,42.7,10.7,7.1,14.4,0,11.82,23.2
690,0.355,0.39,20.93,78.68,0,0,14.1,1169,20,29,25,7,16,3,11,21
691,0.716,0.39,20.93,78.68,0,0,15.2,1105.4,20,29,25,7,16,3,11,21
692,1.574,0.39,20.93,78.68,0,0,16.3,1034.3,20,29,25,7,16,3,11,21
693,0.148,0.39,20.93,78.68,0,0,29.6,1195.6,20,29,25,7,16,3,11,21
694,0.226,0.39,20.93,78.68,0,0,28.9,1171.8,20,29,25,7,16,3,11,21
695,0.755,0.39,20.93,78.68,0,0,27.5,1061.5,20,29,25,7,16,3,11,21
696,1.179,0.39,20.93,78.68,0,0,25.9,1036.8,20,29,25,7,16,3,11,21
697,2.242,0.39,20.93,78.68,0,0,28.1,974.5,20,29,25,7,16,3,11,21
698,3.889,0.39,20.93,78.68,0,0,24.8,928.5,20,29,25,7,16,3,11,21
699,4.671,0.39,20.93,78.68,0,0,27.7,874.9,20,29,25,7,16,3,11,21
700,4.025,0.39,20.93,78.68,0,0,30.4,854.6,20,29,25,7,16,3,11,21
701,5.142,0.39,20.93,78.68,0,0,25.5,848.4,20,29,25,7,16,3,11,21
702,4.777,0.39,20.93,78.68,0,0,31.5,814.8,20,29,25,7,16,3,11,21
703,0.064,1.28,20.74,77.98,0,0,16.8,1235.7,20,29,25,7,16,3,11,21
704,0.175,1.28,20.74,77.98,0,0,14.9,1174.3,20,29,25,7,16,3,11,21
705,0.266,1.28,20.74,77.98,0,0,16.1,1110.6,20,29,25,7,16,3,11,21
706,0.931,1.28,20.74,77.98,0,0,15.7,998.1,20,29,25,7,16,3,11,21
707,3.865,1.28,20.74,77.98,0,0,14.7,876.9,20,29,25,7,16,3,11,21
708,5.528,1.28,20.74,77.98,0,0,15.3,838.4,20,29,25,7,16,3,11,21
709,5.535,1.28,20.74,77.98,0,0,13.1,750,20,29,25,7,16,3,11,21
710,5.533,1.28,20.74,77.98,0,0,14.9,734.3,20,29,25,7,16,3,11,21
711,8.428,1.28,20.74,77.98,0,0,16.3,704.3,20,29,25,7,16,3,11,21
712,8.176,1.28,20.74,77.98,0,0,16.2,702.1,20,29,25,7,16,3,11,21
713,0.042,1.28,20.74,77.98,0,0,31,1194.5,20,29,25,7,16,3,11,21
714,0.203,1.28,20.74,77.98,0,0,30.5,1087.2,20,29,25,7,16,3,11,21
715,0.695,1.28,20.74,77.98,0,0,30.5,998,20,29,25,7,16,3,11,21
716,1.759,1.28,20.74,77.98,0,0,29.4,925.7,20,29,25,7,16,3,11,21
717,2.233,1.28,20.74,77.98,0,0,29,872.6,20,29,25,7,16,3,11,21
718,3.109,1.276,20.74,77.984,0,0,23.3,874,20,29,25,7,16,3,10.17,19.91
719,2.355,1.276,20.74,77.984,0,0,25.1,880,20,29,25,7,16,3,10.17,19.91
720,1.23,1.276,20.74,77.984,0,0,31.4,934,20,29,25,7,16,3,10.17,19.91
721,1.358,1.276,20.74,77.984,0,0,24,952,20,29,25,7,16,3,10.17,19.91
722,1.287,1.276,20.74,77.984,0,0,22.5,958,20,29,25,7,16,3,10.17,19.91
723,1.412,1.276,20.74,77.984,0,0,21.7,963,20,29,25,7,16,3,10.17,19.91
724,0.777,1.276,20.74,77.984,0,0,32.5,974,20,29,25,7,16,3,10.17,19.91
725,0.984,1.276,20.74,77.984,0,0,21.3,987,20,29,25,7,16,3,10.17,19.91
726,0.641,1.276,20.74,77.984,0,0,32.1,997,20,29,25,7,16,3,10.17,19.91
727,0.4,1.276,20.74,77.984,0,0,36.1,1022,20,29,25,7,16,3,10.17,19.91
728,0.539,1.276,20.74,77.984,0,0,21.9,1035,20,29,25,7,16,3,10.17,19.91
729,0.486,1.276,20.74,77.984,0,0,22,1042,20,29,25,7,16,3,10.17,19.91
730,0.278,1.276,20.74,77.984,0,0,28.3,1073,20,29,25,7,16,3,10.17,19.91
731,0.138,1.276,20.74,77.984,0,0,24.8,1130,20,29,25,7,16,3,10.17,19.91
732,0.101,1.276,20.74,77.984,0,0,29.4,1145,20,29,25,7,16,3,10.17,19.91
733,0.052,1.276,20.74,77.984,0,0,27,1192,20,29,25,7,16,3,10.17,19.91
734,0.034,1.276,20.74,77.984,0,0,29.2,1220,20,29,25,7,16,3,10.17,19.91
735,0.528,1.276,20.74,77.984,0,0,49.3,961,20,29,25,7,16,3,10.17,19.91
736,0.286,1.276,20.74,77.984,0,0,50.9,1009,20,29,25,7,16,3,10.17,19.91
737,0.115,1.276,20.74,77.984,0,0,50.5,1090,20,29,25,7,16,3,10.17,19.91
738,0.08,1.276,20.74,77.984,0,0,47.8,1124,20,29,25,7,16,3,10.17,19.91
739,1.82,0.615,10,89.385,0,0,18.9,1025,20,29,25,7,16,3,10.17,19.91
740,1.34,0.615,10,89.385,0,0,17.5,1057,20,29,25,7,16,3,10.17,19.91
741,1.109,0.615,10,89.385,0,0,19.7,1067,20,29,25,7,16,3,10.17,19.91
742,1.137,0.615,10,89.385,0,0,17.7,1072,20,29,25,7,16,3,10.17,19.91
743,1.005,0.615,10,89.385,0,0,18.3,1081,20,29,25,7,16,3,10.17,19.91
744,0.818,0.615,10,89.385,0,0,20.2,1092,20,29,25,7,16,3,10.17,19.91
745,0.732,0.615,10,89.385,0,0,17.7,1111,20,29,25,7,16,3,10.17,19.91
746,0.646,0.615,10,89.385,0,0,17.3,1124,20,29,25,7,16,3,10.17,19.91
747,0.569,0.615,10,89.385,0,0,17.7,1127,20,29,25,7,16,3,10.17,19.91
748,3.286,1.276,20.74,77.984,0,0,21.7,715,20,29,25,7,16,3,10.17,19.91
749,2.584,1.276,20.74,77.984,0,0,21.8,753,20,29,25,7,16,3,10.17,19.91
750,2.423,1.276,20.74,77.984,0,0,21.5,763,20,29,25,7,16,3,10.17,19.91
751,2.566,1.276,20.74,77.984,0,0,19.4,774,20,29,25,7,16,3,10.17,19.91
752,2.484,1.276,20.74,77.984,0,0,21.1,785,20,29,25,7,16,3,10.17,19.91
753,2.742,1.276,20.74,77.984,0,0,19.7,786,20,29,25,7,16,3,10.17,19.91
754,2.628,1.276,20.74,77.984,0,0,20.8,808,20,29,25,7,16,3,10.17,19.91
755,1.961,0.642,20.87,78.488,0,0,19.6,970,20,29,25,7,16,3,10.17,19.91
756,0.917,0.642,20.87,78.488,0,0,21,1032,20,29,25,7,16,3,10.17,19.91
757,0.873,0.642,20.87,78.488,0,0,19.9,1039,20,29,25,7,16,3,10.17,19.91
758,0.53,0.642,20.87,78.488,0,0,19.9,1081,20,29,25,7,16,3,10.17,19.91
759,0.463,0.642,20.87,78.488,0,0,22.2,1081,20,29,25,7,16,3,10.17,19.91
760,0.11,0.642,20.87,78.488,0,0,22.1,1187,20,29,25,7,16,3,10.17,19.91
761,0.973,1.276,20.74,77.984,0,0,26.4,1000,20,29,25,7,16,3,10.17,19.91
762,0.208,1.276,20.74,77.984,0,0,26.2,1100,20,29,25,7,16,3,10.17,19.91
763,0.123,1.276,20.74,77.984,0,0,25.5,1137,20,29,25,7,16,3,10.17,19.91
764,0.131,1.276,20.74,77.984,0,0,21.8,1145,20,29,25,7,16,3,10.17,19.91
765,0.072,1.276,20.74,77.984,0,0,26.1,1172,20,29,25,7,16,3,10.17,19.91
766,0.07,1.276,20.74,77.984,0,0,21.9,1187,20,29,25,7,16,3,10.17,19.91
767,0.064,1.276,20.74,77.984,0,0,22.2,1194,20,29,25,7,16,3,10.17,19.91
768,0.028,1.276,20.74,77.984,0,0,23.7,1229,20,29,25,7,16,3,10.17,19.91
769,0.567,1.1282,21,77.8718,0,0,2.69,1290,0,99.6,0,0,0,0.4,12.2,26.4
770,0.778,1.117,21,77.883,0,0,3.08,1232,0,99.6,0,0,0,0.4,12.2,26.4
771,1.417,1.1058,21,77.8942,0,0,2.99,1147,0,99.6,0,0,0,0.4,12.2,26.4
772,0.878,1.1058,21,77.8942,0,0,3.09,1210,0,99.6,0,0,0,0.4,12.2,26.4
773,0.368,1.0723,21,77.9277,0,0,2.52,1331,0,99.6,0,0,0,0.4,12.2,26.4
774,0.659,1.1952,21,77.8048,0,0,3.23,1221,0,99.6,0,0,0,0.4,12.2,26.4
775,0.1095,1.0947,21,77.9053,0,0,6.64,1363,0,99.6,0,0,0,0.4,12.2,26.4
776,0.268,1.1393,21,77.8607,0,0,6.08,1244,0,99.6,0,0,0,0.4,12.2,26.4
777,0.1062,1.1729,21,77.8272,0,0,6.81,1364,0,99.6,0,0,0,0.4,12.2,26.4
778,0.492,1.1282,21,77.8718,0,0,6.26,1168,0,99.6,0,0,0,0.4,12.2,26.4
779,0.393,1.1952,21,77.8048,0,0,7.39,1168,0,99.6,0,0,0,0.4,12.2,26.4
780,0.57,1.2399,21,77.7601,0,0,7.69,1127,0,99.6,0,0,0,0.4,12.2,26.4
781,1.118,1.2846,21,77.7155,0,0,8.27,1070,0,99.6,0,0,0,0.4,12.2,26.4
782,0.265,1.3627,21,77.6373,0,0,7.34,1217,0,99.6,0,0,0,0.4,12.2,26.4
783,1.227,1.0723,21,77.9277,0,0,8.15,1069,0,99.6,0,0,0,0.4,12.2,26.4
784,1.164,1.117,21,77.883,0,0,8.07,1070,0,99.6,0,0,0,0.4,12.2,26.4
785,0.196,0.5027,21,78.4974,0,0,6.59,1278,0,99.6,0,0,0,0.4,12.2,26.4
786,0.451,0.5585,21,78.4415,0,0,7.37,1173,0,99.6,0,0,0,0.4,12.2,26.4
787,0.714,0.6032,21,78.3968,0,0,7.74,1126,0,99.6,0,0,0,0.4,12.2,26.4
788,1.515,0.6367,21,78.3633,0,0,8.19,1053,0,99.6,0,0,0,0.4,12.2,26.4
789,1.231,2.4462,21,76.5538,0,0,8.2,1070,0,99.6,0,0,0,0.4,12.2,26.4
790,0.348,1.3828,21,77.6172,0,0,5.98,1201,5.5,77,15,1.6,0.9,0,10.85,23.57
791,0.517,1.4603,21,77.5397,0,0,6.12,1167,5.5,77,15,1.6,0.9,0,10.85,23.57
792,0.813,1.4732,21,77.5268,0,0,6.01,1128,5.5,77,15,1.6,0.9,0,10.85,23.57
793,0.257,1.3064,21,77.6936,0,0,5.92,1232,57,42,1,0,0,0,10.4,22.88
794,0.533,1.6575,21,77.3425,0,0,6.04,1175,57,42,1,0,0,0,10.4,22.88
795,0.471,1.798,21,77.202,0,0,5.98,1193,57,42,1,0,0,0,10.4,22.88
796,2.488,1.9104,21,77.0896,0,0,5.57,1065,57,42,1,0,0,0,10.4,22.88
797,0.859,1.5732,21,77.4268,0,0,6.17,1136,57,42,1,0,0,0,10.4,22.88
798,0.272,1.2034,21,77.7966,0,0,6.14,1210,8.8,89.2,2,0,0,0,11.3,24.6
799,0.511,1.0951,21,77.9049,0,0,6.27,1148,8.8,89.2,2,0,0,0,11.3,24.6
800,1.681,1.6246,21,77.3754,0,0,5.73,1055,8.8,89.2,2,0,0,0,11.3,24.6
801,0.703,1.408,21,77.592,0,0,6.36,1123,8.8,89.2,2,0,0,0,11.3,24.6
802,1.422,0.9463,21,78.0537,0,0,5.26,1095,10.2,79.8,10,0,0,0,11.6,25.5
803,0.633,1.3085,21,77.6915,0,0,5.23,1162,10.2,79.8,10,0,0,0,11.6,25.5
804,0.279,1.3085,21,77.6915,0,0,5.22,1225,10.2,79.8,10,0,0,0,11.6,25.5
805,0.518,1.0982,21,77.9018,0,0,5.76,1165,10.2,79.8,10,0,0,0,11.6,25.5
806,0.833,1.0398,21,77.9602,0,0,5.77,1133,10.2,79.8,10,0,0,0,11.6,25.5
807,0.112,1.6929,21,0,77.3071,0,16.1,1220,16.14,22.52,30.58,11.23,19.52,0,10.9,22
808,0.257,1.9772,21,0,77.0228,0,17.9,1120,16.14,22.52,30.58,11.23,19.52,0,10.9,22
809,0.149,1.8351,21,0,77.1649,0,17,1188,16.14,22.52,30.58,11.23,19.52,0,10.9,22
810,0.729,0.7754,21,0,78.2246,0,17.26,1054,16.14,22.52,30.58,11.23,19.52,0,10.9,22
811,0.299,1.0855,21,0,77.9145,0,17.3,1140,16.14,22.52,30.58,11.23,19.52,0,10.9,22
812,0.296,1.3957,21,0,77.6043,0,18.1,1105,16.14,22.52,30.58,11.23,19.52,0,10.9,22
813,0.288,1.3569,21,0,77.6431,0,18.2,1112,16.14,22.52,30.58,11.23,19.52,0,10.9,22
814,0.275,1.512,21,0,77.488,0,17.9,1108,16.14,22.52,30.58,11.23,19.52,0,10.9,22
815,0.19,1.3698,21,0,77.6302,0,34.11,1107,16.14,22.52,30.58,11.23,19.52,0,10.9,22
816,0.187,1.2535,21,0,77.7465,0,33.85,1092,16.14,22.52,30.58,11.23,19.52,0,10.9,22
817,0.25,1.2148,21,0,77.7852,0,34.59,1080,16.14,22.52,30.58,11.23,19.52,0,10.9,22
818,0.418,1.4215,21,0,77.5785,0,35.95,1022,16.14,22.52,30.58,11.23,19.52,0,10.9,22
819,0.532,0.2511,4,0,95.7489,0,11.96,1286,16.14,22.52,30.58,11.23,19.52,0,10.9,22
820,1.309,0.256,4,0,95.744,0,12.4,1205,16.14,22.52,30.58,11.23,19.52,0,10.9,22
821,0.783,0.2585,4,0,95.7415,0,12.26,1244,16.14,22.52,30.58,11.23,19.52,0,10.9,22
822,2.498,0.256,4,0,95.744,0,12.55,1155,16.14,22.52,30.58,11.23,19.52,0,10.9,22
823,1.806,0.2634,4,0,95.7366,0,12.42,1181,16.14,22.52,30.58,11.23,19.52,0,10.9,22
824,0.483,0.2732,4,0,95.7268,0,12.22,1290,16.14,22.52,30.58,11.23,19.52,0,10.9,22
825,2.711,0.2511,4,0,95.7489,0,12.35,1154,16.14,22.52,30.58,11.23,19.52,0,10.9,22
826,0.77,0.2486,4,0,95.7514,0,12.66,1240,16.14,22.52,30.58,11.23,19.52,0,10.9,22
827,2.039,0.2486,4,0,95.7514,0,12.87,1173,16.14,22.52,30.58,11.23,19.52,0,10.9,22
828,0.365,0.2732,4,0,95.7268,0,15.12,1317,16.14,22.52,30.58,11.23,19.52,0,10.9,22
829,0.232,0.2511,4,0,95.7489,0,14.8,1374,16.14,22.52,30.58,11.23,19.52,0,10.9,22
830,0.53,0.2732,4,0,95.7268,0,15.42,1274,16.14,22.52,30.58,11.23,19.52,0,10.9,22
831,0.79,0.2806,4,0,95.7194,0,15.56,1229,16.14,22.52,30.58,11.23,19.52,0,10.9,22
832,1.05,0.2757,4,0,95.7243,0,15.83,1198,16.14,22.52,30.58,11.23,19.52,0,10.9,22
833,2.2,0.2782,4,0,95.7218,0,15.98,1154,16.14,22.52,30.58,11.23,19.52,0,10.9,22
834,0.653,0.1058,4,0,95.8942,0,12.54,1231,16.14,22.52,30.58,11.23,19.52,0,10.9,22
835,1.279,0.1206,4,0,95.8794,0,12.65,1193,16.14,22.52,30.58,11.23,19.52,0,10.9,22
836,1.403,0.1206,4,0,95.8794,0,12.82,1182,16.14,22.52,30.58,11.23,19.52,0,10.9,22
837,2.12,0.1231,4,0,95.8769,0,13,1157,16.14,22.52,30.58,11.23,19.52,0,10.9,22
838,0.379,0.1206,4,0,95.8794,0,12.24,1284,16.14,22.52,30.58,11.23,19.52,0,10.9,22
839,0.215,0.1182,4,0,95.8818,0,12.16,1334,16.14,22.52,30.58,11.23,19.52,0,10.9,22
840,1.715,0.5268,4,0,95.4732,0,12.59,1186,16.14,22.52,30.58,11.23,19.52,0,10.9,22
841,0.942,0.5095,4,0,95.4905,0,12.27,1243,16.14,22.52,30.58,11.23,19.52,0,10.9,22
842,0.403,0.5268,4,0,95.4732,0,11.87,1324,16.14,22.52,30.58,11.23,19.52,0,10.9,22
843,1.967,0.5194,4,0,95.4806,0,12.4,1169,16.14,22.52,30.58,11.23,19.52,0,10.9,22
844,0.873,0.512,4,0,95.488,0,12.1,1248,16.14,22.52,30.58,11.23,19.52,0,10.9,22
845,0.4,0.5169,4,0,95.4831,0,11.61,1330,16.14,22.52,30.58,11.23,19.52,0,10.9,22
846,0.822,0.3077,4,0,95.6923,0,53.8,1110,16.14,22.52,30.58,11.23,19.52,0,10.9,22
847,0.599,0.2978,4,0,95.7022,0,50.09,1147,16.14,22.52,30.58,11.23,19.52,0,10.9,22
848,0.253,0.2978,4,0,95.7022,0,49.28,1235,16.14,22.52,30.58,11.23,19.52,0,10.9,22
849,1.573,0.2585,4,0,95.7415,0,51.99,1067,16.14,22.52,30.58,11.23,19.52,0,10.9,22
850,2.613,0.2609,4,0,95.7391,0,52.21,1030,16.14,22.52,30.58,11.23,19.52,0,10.9,22
851,0.343,1.2637,20.7429,77.9934,0,0,11.25,1169,16.14,22.52,30.58,11.23,19.52,0,10.9,22
852,0.793,1.1122,20.7747,78.113,0,0,11.89,1103,16.14,22.52,30.58,11.23,19.52,0,10.9,22
853,1.293,1.2007,20.7562,78.0432,0,0,12.8,1050,16.14,22.52,30.58,11.23,19.52,0,10.9,22
854,1.593,1.5402,20.6848,77.7749,0,0,11.35,1034,16.14,22.52,30.58,11.23,19.52,0,10.9,22
855,0.355,1.0996,20.7774,78.123,0,0,10.45,1174,16.14,22.52,30.58,11.23,19.52,0,10.9,22
856,0.357,1.2259,20.7509,78.0232,0,0,10.54,1162,16.14,22.52,30.58,11.23,19.52,0,10.9,22
857,1.385,1.2385,20.7482,78.0133,0,0,11.59,1052,16.14,22.52,30.58,11.23,19.52,0,10.9,22
858,0.792,1.3141,20.7323,77.9536,0,0,11.25,1101,16.14,22.52,30.58,11.23,19.52,0,10.9,22
859,0.233,1.3015,20.735,77.9635,0,0,10.57,1201,16.14,22.52,30.58,11.23,19.52,0,10.9,22
860,0.125,0.4761,20.9084,78.6155,0,0,10.34,1256,16.14,22.52,30.58,11.23,19.52,0,10.9,22
861,0.43,0.5401,20.8949,78.565,0,0,11.2,1161,16.14,22.52,30.58,11.23,19.52,0,10.9,22
862,0.51,0.5273,20.8976,78.5751,0,0,10.9,1148,16.14,22.52,30.58,11.23,19.52,0,10.9,22
863,1.3,0.5145,20.9003,78.5852,0,0,11.42,1087,16.14,22.52,30.58,11.23,19.52,0,10.9,22
864,0.8,0.5273,20.8976,78.5751,0,0,11.28,1120,16.14,22.52,30.58,11.23,19.52,0,10.9,22
865,0.255,0.4889,20.9057,78.6054,0,0,10.57,1200,16.14,22.52,30.58,11.23,19.52,0,10.9,22
866,1.545,1.087,20.7801,78.133,0,0,14.8,1008,16.14,22.52,30.58,11.23,19.52,0,10.9,22
867,0.517,1.2637,20.7429,77.9934,0,0,14.1,1109,16.14,22.52,30.58,11.23,19.52,0,10.9,22
868,0.133,1.2385,20.7482,78.0133,0,0,13,1247,16.14,22.52,30.58,11.23,19.52,0,10.9,22
869,0.18,1.3519,20.7244,77.9237,0,0,34.11,1107,16.14,22.52,30.58,11.23,19.52,0,10.9,22
870,0.245,1.2007,20.7562,78.0432,0,0,34.59,1080,16.14,22.52,30.58,11.23,19.52,0,10.9,22
871,0.415,1.4022,20.7138,77.884,0,0,35.95,1022,16.14,22.52,30.58,11.23,19.52,0,10.9,22
872,0.125,0.4761,20.9084,78.6155,0,0,10.34,1256,16.14,22.52,30.58,11.23,19.52,0,10.9,22
873,0.43,0.5401,20.8949,78.565,0,0,11.2,1161,16.14,22.52,30.58,11.23,19.52,0,10.9,22
874,0.51,0.5273,20.8976,78.5751,0,0,10.9,1148,16.14,22.52,30.58,11.23,19.52,0,10.9,22
875,1.3,0.5145,20.9003,78.5852,0,0,11.42,1087,16.14,22.52,30.58,11.23,19.52,0,10.9,22
876,0.8,0.5273,20.8976,78.5751,0,0,11.28,1120,16.14,22.52,30.58,11.23,19.52,0,10.9,22
877,0.255,0.4889,20.9057,78.6054,0,0,10.57,1200,16.14,22.52,30.58,11.23,19.52,0,10.9,22
878,0.303,0.9554,21,0,78.0446,0,15.8,1153,20,29,25,7,16,3,11.4,21.7
879,0.452,1.3897,21,0,77.6103,0,16.6,1072,20,29,25,7,16,3,11.4,21.7
880,0.481,1.4517,21,0,77.5483,0,17.05,1051,20,29,25,7,16,3,11.4,21.7
881,0.152,0.9182,21,0,78.0818,0,15.7,1209,20,29,25,7,16,3,11.4,21.7
882,0.344,1.3276,21,0,77.6724,0,16.4,1117,20,29,25,7,16,3,11.4,21.7
883,0.438,1.3897,21,0,77.6103,0,16.66,1073,20,29,25,7,16,3,11.4,21.7
884,0.417,0.943,21,0,78.057,0,15.8,1110,20,29,25,7,16,3,11.4,21.7
885,0.274,1.551,21,0,77.449,0,16.35,1126,20,29,25,7,16,3,11.4,21.7
886,0.314,1.6254,21,0,77.3746,0,16.6,1112,20,29,25,7,16,3,11.4,21.7
887,0.611,0.9926,21,0,78.0074,0,16.8,1051,20,29,25,7,16,3,11.4,21.7
888,0.8,0.2434,4,0,95.7566,0,12.81,1239,20,29,25,7,16,3,11.4,21.7
889,1.673,0.2482,4,0,95.7518,0,12.98,1190,20,29,25,7,16,3,11.4,21.7
890,0.523,0.234,4,0,95.766,0,12.39,1285,20,29,25,7,16,3,11.4,21.7
891,2.711,0.2482,4,0,95.7518,0,13.16,1145,20,29,25,7,16,3,11.4,21.7
892,0.267,0.2411,4,0,95.7589,0,12.31,1356,20,29,25,7,16,3,11.4,21.7
893,0.17,0.2245,4,0,95.7755,0,11.78,1411,20,29,25,7,16,3,11.4,21.7
894,0.363,0.2292,4,0,95.7708,0,15.02,1318,20,29,25,7,16,3,11.4,21.7
895,0.217,0.2198,4,0,95.7802,0,14.76,1373,20,29,25,7,16,3,11.4,21.7
896,0.497,0.2411,4,0,95.7589,0,15.33,1278,20,29,25,7,16,3,11.4,21.7
897,0.76,0.2458,4,0,95.7542,0,15.38,1229,20,29,25,7,16,3,11.4,21.7
898,2.094,0.234,4,0,95.766,0,15.93,1161,20,29,25,7,16,3,11.4,21.7
899,0.702,0.2363,4,0,95.7637,0,12.65,1264,20,29,25,7,16,3,11.4,21.7
900,1.535,0.2718,4,0,95.7282,0,12.95,1199,20,29,25,7,16,3,11.4,21.7
901,0.164,0.208,4,0,95.792,0,1.28,1483,20,29,25,7,16,3,11.4,21.7
902,0.431,0.1938,4,0,95.8062,0,1.34,1421,20,29,25,7,16,3,11.4,21.7
903,1.185,0.2434,4,0,95.7566,0,1.35,1338,20,29,25,7,16,3,11.4,21.7
904,1.795,0.2647,4,0,95.7353,0,1.38,1296,20,29,25,7,16,3,11.4,21.7
905,1.02,0.2623,4,0,95.7377,0,1.33,1356,20,29,25,7,16,3,11.4,21.7
906,0.164,0.208,4,0,95.792,0,1.28,1483,20,29,25,7,16,3,11.4,21.7
907,0.431,0.1938,4,0,95.8062,0,1.34,1421,20,29,25,7,16,3,11.4,21.7
908,1.185,0.2434,4,0,95.7566,0,1.35,1338,20,29,25,7,16,3,11.4,21.7
909,1.795,0.2647,4,0,95.7353,0,1.38,1296,20,29,25,7,16,3,11.4,21.7
910,1.02,0.2623,4,0,95.7377,0,1.33,1356,20,29,25,7,16,3,11.4,21.7
911,0.296,1.4435,20.7051,77.8513,0,0,11.61,1166,20,29,25,7,16,3,11.4,21.7
912,1.645,1.0684,20.784,78.1477,0,0,12.5,1024,20,29,25,7,16,3,11.4,21.7
913,0.718,1.3591,20.7229,77.918,0,0,9.86,1109,20,29,25,7,16,3,11.4,21.7
914,1.44,1.3832,20.7178,77.899,0,0,11.05,1031,20,29,25,7,16,3,11.4,21.7
915,0.115,1.2987,20.7356,77.9658,0,0,9.51,1253,20,29,25,7,16,3,11.4,21.7
916,0.21,1.3107,20.733,77.9562,0,0,10.24,1208,20,29,25,7,16,3,11.4,21.7
917,0.565,1.4194,20.7102,77.8704,0,0,11.03,1118,20,29,25,7,16,3,11.4,21.7
918,0.93,1.1897,20.7585,78.0518,0,0,11.65,1074,20,29,25,7,16,3,11.4,21.7
919,1.221,1.2745,20.7407,77.9849,0,0,15.2,1011,20,29,25,7,16,3,11.4,21.7
920,0.715,1.3712,20.7203,77.9085,0,0,14.4,1072,20,29,25,7,16,3,11.4,21.7
921,0.367,1.1607,21,0,77.8393,0,16.1,1116,13.9,18.1,26.56,20.84,20.6,0,12,22.3
922,0.458,1.4957,21,0,77.5043,0,17.2,1061,13.9,18.1,26.56,20.84,20.6,0,12,22.3
923,0.16,0.9573,21,0,78.0427,0,15.8,1194,13.9,18.1,26.56,20.84,20.6,0,12,22.3
924,0.506,1.2444,21,0,77.7556,0,17.1,1053,13.9,18.1,26.56,20.84,20.6,0,12,22.3
925,0.444,1.041,21,0,77.959,0,16.9,1085,13.9,18.1,26.56,20.84,20.6,0,12,22.3
926,0.416,1.3162,21,0,77.6838,0,17.2,1082,13.9,18.1,26.56,20.84,20.6,0,12,22.3
927,1.754,0.2325,4,0,95.7675,0,12.84,1185,13.9,18.1,26.56,20.84,20.6,0,12,22.3
928,2.623,0.2393,4,0,95.7607,0,13.11,1147,13.9,18.1,26.56,20.84,20.6,0,12,22.3
929,0.8,0.237,4,0,95.763,0,12.75,1242,13.9,18.1,26.56,20.84,20.6,0,12,22.3
930,0.53,0.2325,4,0,95.7675,0,12.44,1287,13.9,18.1,26.56,20.84,20.6,0,12,22.3
931,0.32,0.2165,4,0,95.7835,0,12.06,1342,13.9,18.1,26.56,20.84,20.6,0,12,22.3
932,0.237,0.2051,4,0,95.7949,0,11.82,1386,13.9,18.1,26.56,20.84,20.6,0,12,22.3
933,2.275,0.253,4,0,95.747,0,15.7,1146,13.9,18.1,26.56,20.84,20.6,0,12,22.3
934,1.24,0.2462,4,0,95.7538,0,15.45,1181,13.9,18.1,26.56,20.84,20.6,0,12,22.3
935,0.815,0.2621,4,0,95.7379,0,15.26,1219,13.9,18.1,26.56,20.84,20.6,0,12,22.3
936,0.507,0.2142,4,0,95.7858,0,15.17,1278,13.9,18.1,26.56,20.84,20.6,0,12,22.3
937,0.37,0.2416,4,0,95.7584,0,14.95,1313,13.9,18.1,26.56,20.84,20.6,0,12,22.3
938,0.23,0.2644,4,0,95.7356,0,14.99,1374,13.9,18.1,26.56,20.84,20.6,0,12,22.3
939,1.381,1.323,20.7305,77.9466,0,0,12.63,1024,13.9,18.1,26.56,20.84,20.6,0,12,22.3
940,0.64,1.019,20.7943,78.1867,0,0,11.99,1118,13.9,18.1,26.56,20.84,20.6,0,12,22.3
941,0.134,1.4045,20.7133,77.8822,0,0,10.93,1229,13.9,18.1,26.56,20.84,20.6,0,12,22.3
942,0.199,1.4859,20.6962,77.8179,0,0,30.63,1092,13.9,18.1,26.56,20.84,20.6,0,12,22.3
943,0.517,1.0776,20.782,78.1404,0,0,32.36,1029,13.9,18.1,26.56,20.84,20.6,0,12,22.3
944,1.452,1.4045,20.7133,77.8822,0,0,15.3,999,13.9,18.1,26.56,20.84,20.6,0,12,22.3
945,0.498,1.4394,20.706,77.8546,0,0,14.6,1087,13.9,18.1,26.56,20.84,20.6,0,12,22.3
946,1.285,1.4045,20.7133,77.8822,0,0,14.9,1015,13.9,18.1,26.56,20.84,20.6,0,12,22.3
947,0.377,1.5323,20.6865,77.7812,0,0,14,1138,13.9,18.1,26.56,20.84,20.6,0,12,22.3
948,0.566,0.2508,4,0,95.7492,0,12.51,1296,2.4,36.6,41,19.7,0.3,0,12,24.1
949,0.853,0.2308,4,0,95.7692,0,12.87,1248,2.4,36.6,41,19.7,0.3,0,12,24.1
950,0.26,0.2419,4,0,95.7581,0,12.35,1379,2.4,36.6,41,19.7,0.3,0,12,24.1
951,0.192,0.2308,4,0,95.7692,0,12.26,1410,2.4,36.6,41,19.7,0.3,0,12,24.1
952,1.007,0.233,4,0,95.767,0,13.03,1217,2.4,36.6,41,19.7,0.3,0,12,24.1
953,1.228,0.1997,4,0,95.8003,0,12.96,1209,2.4,36.6,41,19.7,0.3,0,12,24.1
954,1.093,0.1997,4,0,95.8003,0,13.07,1216,2.4,36.6,41,19.7,0.3,0,12,24.1
955,1.065,0.2352,4,0,95.7648,0,12.99,1216,2.4,36.6,41,19.7,0.3,0,12,24.1
956,1.978,0.2352,4,0,95.7648,0,13.28,1181,2.4,36.6,41,19.7,0.3,0,12,24.1
957,1.532,0.233,4,0,95.767,0,13.24,1202,2.4,36.6,41,19.7,0.3,0,12,24.1
958,0.061,0.1975,4,0,95.8025,0,1.09,1610,2.4,36.6,41,19.7,0.3,0,12,24.1
959,0.099,0.2042,4,0,95.7958,0,1.15,1563,2.4,36.6,41,19.7,0.3,0,12,24.1
960,0.465,0.2441,4,0,95.7559,0,1.08,1438,2.4,36.6,41,19.7,0.3,0,12,24.1
961,0.515,0.2508,4,0,95.7492,0,1.14,1436,2.4,36.6,41,19.7,0.3,0,12,24.1
962,0.35,0.213,4,0,95.787,0,1.12,1484,2.4,36.6,41,19.7,0.3,0,12,24.1
963,0.231,0.324,4,0,95.676,0,1.09,1537,2.4,36.6,41,19.7,0.3,0,12,24.1
964,0.053,0.2996,4,0,95.7004,0,1.14,1694,2.4,36.6,41,19.7,0.3,0,12,24.1
965,0.349,1.2545,20.7449,78.0007,0,0,10.8,1152,2.4,36.6,41,19.7,0.3,0,12,24.1
966,1.703,1.3566,20.7234,77.92,0,0,11.99,1010,2.4,36.6,41,19.7,0.3,0,12,24.1
967,0.806,1.0837,20.7807,78.1356,0,0,11.24,1091,2.4,36.6,41,19.7,0.3,0,12,24.1
968,0.144,1.1179,20.7735,78.1085,0,0,10.24,1233,2.4,36.6,41,19.7,0.3,0,12,24.1
969,1.089,1.1749,20.7616,78.0636,0,0,11.64,1056,2.4,36.6,41,19.7,0.3,0,12,24.1
970,0.174,0.2124,4,0,95.7876,0,1.16,1508,13.4,39.7,18,28.2,0.7,0,12.6,25.6
971,0.041,0.1934,4,0,95.8066,0,1.22,1608,13.4,39.7,18,28.2,0.7,0,12.6,25.6
972,0.23,0.1913,4,0,95.8087,0,1.21,1476,13.4,39.7,18,28.2,0.7,0,12.6,25.6
973,0.157,0.2418,4,0,95.7582,0,1.26,1512,13.4,39.7,18,28.2,0.7,0,12.6,25.6
974,0.382,0.1871,4,0,95.8129,0,1.21,1442,13.4,39.7,18,28.2,0.7,0,12.6,25.6
975,0.671,0.1955,4,0,95.8045,0,1.28,1385,13.4,39.7,18,28.2,0.7,0,12.6,25.6
976,0.088,0.1934,4,0,95.8066,0,1.23,1572,13.4,39.7,18,28.2,0.7,0,12.6,25.6
977,1.883,0.2145,4,0,95.7855,0,1.43,1284,13.4,39.7,18,28.2,0.7,0,12.6,25.6
978,1.277,1.0598,20.7858,78.1545,0,0,11.85,1030,13.4,39.7,18,28.2,0.7,0,12.6,25.6
979,0.309,1.0057,20.7971,78.1972,0,0,10.65,1174,13.4,39.7,18,28.2,0.7,0,12.6,25.6
980,1.037,1.049,20.788,78.163,0,0,11.21,1084,13.4,39.7,18,28.2,0.7,0,12.6,25.6
981,0.426,1.1893,20.7585,78.0521,0,0,10.75,1153,13.4,39.7,18,28.2,0.7,0,12.6,25.6
982,0.249,1.1354,20.7699,78.0947,0,0,10.47,1196,13.4,39.7,18,28.2,0.7,0,12.6,25.6
983,0.723,1.2863,20.7382,77.9756,0,0,11.36,1100,13.4,39.7,18,28.2,0.7,0,12.6,25.6
984,20.07,0.51,9.9,89.59,0,0,16.641,841.7,0,99.6,0,0,0,0.4,12.2,26.4
985,21.52,0.51,9.9,89.59,0,0,17.027,847.4,0,99.6,0,0,0,0.4,12.2,26.4
986,24.42,0.51,9.9,89.59,0,0,17.035,847.6,0,99.6,0,0,0,0.4,12.2,26.4
987,17.71,0.51,9.9,89.59,0,0,17.527,856.7,0,99.6,0,0,0,0.4,12.2,26.4
988,20.07,0.51,9.9,89.59,0,0,17.877,862.6,0,99.6,0,0,0,0.4,12.2,26.4
989,11.45,0.51,9.9,89.59,0,0,16.935,886.7,0,99.6,0,0,0,0.4,12.2,26.4
990,9.69,0.51,9.9,89.59,0,0,17.271,891.9,0,99.6,0,0,0,0.4,12.2,26.4
991,7.34,0.51,9.9,89.59,0,0,16.399,924.7,0,99.6,0,0,0,0.4,12.2,26.4
992,5.55,0.51,9.9,89.59,0,0,17.158,939.8,0,99.6,0,0,0,0.4,12.2,26.4
993,4.24,0.51,9.9,89.59,0,0,18.325,962.6,0,99.6,0,0,0,0.4,12.2,26.4
994,5.15,0.51,9.9,89.59,0,0,18.889,973.4,0,99.6,0,0,0,0.4,12.2,26.4
995,4.08,0.51,9.9,89.59,0,0,16.167,982.9,0,99.6,0,0,0,0.4,12.2,26.4
996,2.18,0.51,9.9,89.59,0,0,14.058,1015.4,0,99.6,0,0,0,0.4,12.2,26.4
997,2.42,0.51,9.9,89.59,0,0,14.306,1021,0,99.6,0,0,0,0.4,12.2,26.4
998,1.85,0.51,9.9,89.59,0,0,17.014,1042.3,0,99.6,0,0,0,0.4,12.2,26.4
999,1.55,0.51,9.9,89.59,0,0,16.196,1070.8,0,99.6,0,0,0,0.4,12.2,26.4
1000,1.35,0.51,9.9,89.59,0,0,16.452,1078.5,0,99.6,0,0,0,0.4,12.2,26.4
1001,1.4,0.51,9.9,89.59,0,0,14.461,1078.9,0,99.6,0,0,0,0.4,12.2,26.4
1002,0.92542,0.51,9.9,89.59,0,0,15.731,1128.2,0,99.6,0,0,0,0.4,12.2,26.4
1003,0.53416,0.51,9.9,89.59,0,0,16.495,1210.6,0,99.6,0,0,0,0.4,12.2,26.4
1004,0.36966,0.51,9.9,89.59,0,0,16.06,1271.9,0,99.6,0,0,0,0.4,12.2,26.4
1005,0.38468,0.51,9.9,89.59,0,0,16.142,1274.6,0,99.6,0,0,0,0.4,12.2,26.4
1006,0.18554,0.51,9.9,89.59,0,0,16.666,1388.9,0,99.6,0,0,0,0.4,12.2,26.4
1007,0.11695,0.51,9.9,89.59,0,0,18.31,1448.5,0,99.6,0,0,0,0.4,12.2,26.4
1008,0.06834,0.51,9.9,89.59,0,0,18.176,1508.7,0,99.6,0,0,0,0.4,12.2,26.4
1009,0.0398013,0.51,9.9,89.59,0,0,17.875,1663.7,0,99.6,0,0,0,0.4,12.2,26.4
1010,0.0269614,0.51,9.9,89.59,0,0,19.002,1712.1,0,99.6,0,0,0,0.4,12.2,26.4
1011,7.94,1,9.8,89.2,0,0,16.9702,893.9,0,99.6,0,0,0,0.4,12.2,26.4
1012,6.34,1,9.8,89.2,0,0,17.059,922.7,0,99.6,0,0,0,0.4,12.2,26.4
1013,4.67,1,9.8,89.2,0,0,17.9277,944.8,0,99.6,0,0,0,0.4,12.2,26.4
1014,4.12,1,9.8,89.2,0,0,18.2491,977,0,99.6,0,0,0,0.4,12.2,26.4
1015,3.25,1,9.8,89.2,0,0,15.5522,999.2,0,99.6,0,0,0,0.4,12.2,26.4
1016,2,1,9.8,89.2,0,0,15.9807,1038.3,0,99.6,0,0,0,0.4,12.2,26.4
1017,1.48,1,9.8,89.2,0,0,14.125,1072.5,0,99.6,0,0,0,0.4,12.2,26.4
1018,1.43,1,9.8,89.2,0,0,15.9668,1071.5,0,99.6,0,0,0,0.4,12.2,26.4
1019,1.2,1,9.8,89.2,0,0,16.1363,1075.8,0,99.6,0,0,0,0.4,12.2,26.4
1020,0.925596,1,9.8,89.2,0,0,16.4639,1109.8,0,99.6,0,0,0,0.4,12.2,26.4
1021,0.784838,1,9.8,89.2,0,0,16.3371,1134.8,0,99.6,0,0,0,0.4,12.2,26.4
1022,0.71721,1,9.8,89.2,0,0,13.6671,1175.3,0,99.6,0,0,0,0.4,12.2,26.4
1023,0.691245,1,9.8,89.2,0,0,15.6458,1180.2,0,99.6,0,0,0,0.4,12.2,26.4
1024,0.590361,1,9.8,89.2,0,0,14.2725,1193.6,0,99.6,0,0,0,0.4,12.2,26.4
1025,0.468979,1,9.8,89.2,0,0,14.3536,1267.7,0,99.6,0,0,0,0.4,12.2,26.4
1026,0.37485,1,9.8,89.2,0,0,15.9366,1250.7,0,99.6,0,0,0,0.4,12.2,26.4
1027,0.373901,1,9.8,89.2,0,0,16.1852,1257.2,0,99.6,0,0,0,0.4,12.2,26.4
1028,0.299207,1,9.8,89.2,0,0,16.7093,1296.3,0,99.6,0,0,0,0.4,12.2,26.4
1029,0.269318,1,9.8,89.2,0,0,17.7899,1309.6,0,99.6,0,0,0,0.4,12.2,26.4
1030,0.228643,1,9.8,89.2,0,0,16.7481,1353,0,99.6,0,0,0,0.4,12.2,26.4
1031,0.219633,1,9.8,89.2,0,0,16.6895,1351.9,0,99.6,0,0,0,0.4,12.2,26.4
1032,0.18499,1,9.8,89.2,0,0,14.5907,1402.5,0,99.6,0,0,0,0.4,12.2,26.4
1033,0.118375,1,9.8,89.2,0,0,15.8992,1458.7,0,99.6,0,0,0,0.4,12.2,26.4
1034,0.0959756,1,9.8,89.2,0,0,11.39,1552,0,99.6,0,0,0,0.4,12.2,26.4
1035,0.0718422,1,9.8,89.2,0,0,17.7198,1531.5,0,99.6,0,0,0,0.4,12.2,26.4
1036,0.0570556,1,9.8,89.2,0,0,18.6344,1565.6,0,99.6,0,0,0,0.4,12.2,26.4
1037,0.0491892,1,9.8,89.2,0,0,15.5223,1586.9,0,99.6,0,0,0,0.4,12.2,26.4
1038,0.0482995,1,9.8,89.2,0,0,15.9881,1607.2,0,99.6,0,0,0,0.4,12.2,26.4
1039,0.041365,1,9.8,89.2,0,0,16.1256,1616.2,0,99.6,0,0,0,0.4,12.2,26.4
1040,0.0344198,1,9.8,89.2,0,0,16.3754,1626.6,0,99.6,0,0,0,0.4,12.2,26.4
1041,0.467,1.224,20.751,78.025,0,0,11.1,1138,21.2,31.5,25,5.8,16.5,0,12.2,26.4
1042,0.457,1.224,20.751,78.025,0,0,10.7,1148,21.2,31.5,25,5.8,16.5,0,12.2,26.4
1043,0.828,1.224,20.751,78.025,0,0,10.8,1086,21.2,31.5,25,5.8,16.5,0,12.2,26.4
1044,0.458,1.224,20.751,78.025,0,0,10.1,1162,21.2,31.5,25,5.8,16.5,0,12.2,26.4
1045,0.253,1.224,20.751,78.025,0,0,10.1,1194,21.2,31.5,25,5.8,16.5,0,12.2,26.4
1046,0.24,1.224,20.751,78.025,0,0,9.9,1214,21.2,31.5,25,5.8,16.5,0,12.2,26.4
1047,0.222,1.224,20.751,78.025,0,0,9.7,1222,21.2,31.5,25,5.8,16.5,0,12.2,26.4
1048,0.802,1.224,20.751,78.025,0,0,10.3,1099,21.2,31.5,25,5.8,16.5,0,12.2,26.4
1049,1.561,1.224,20.751,78.025,0,0,9.3,1046,21.2,31.5,25,5.8,16.5,0,12.2,26.4
1050,0.367,1.224,20.751,78.025,0,0,10.6,1176,21.2,31.5,25,5.8,16.5,0,12.2,26.4
1051,0.348,1.224,20.751,78.025,0,0,12.3,1156,21.2,31.5,25,5.8,16.5,0,12.2,26.4
1052,0.806,1.224,20.751,78.025,0,0,10.6,1089,21.2,31.5,25,5.8,16.5,0,12.2,26.4
1053,0.67,1.224,20.751,78.025,0,0,10,1114,21.2,31.5,25,5.8,16.5,0,12.2,26.4
1054,1.301,1.224,20.751,78.025,0,0,10.6,1040,21.2,31.5,25,5.8,16.5,0,12.2,26.4
1055,1.532,1.224,20.751,78.025,0,0,10,1035,21.2,31.5,25,5.8,16.5,0,12.2,26.4
1056,1.121,1.224,20.751,78.025,0,0,9.5,1067,21.2,31.5,25,5.8,16.5,0,12.2,26.4
1057,1.14,1.224,20.751,78.025,0,0,7.6,1085,21.2,31.5,25,5.8,16.5,0,12.2,26.4
1058,0.342,1.224,20.751,78.025,0,0,9.9,1191,21.2,31.5,25,5.8,16.5,0,12.2,26.4
1059,0.373,1.224,20.751,78.025,0,0,9.4,1191,21.2,31.5,25,5.8,16.5,0,12.2,26.4
1060,0.338,1.224,20.751,78.025,0,0,8.7,1204,21.2,31.5,25,5.8,16.5,0,12.2,26.4
1061,1.053,1.224,20.751,78.025,0,0,11.5,1050,21.2,31.5,25,5.8,16.5,0,12.2,26.4
1062,0.332,1.224,20.751,78.025,0,0,24.8,1076,21.2,31.5,25,5.8,16.5,0,12.2,26.4
1063,0.16,1.224,20.751,78.025,0,0,23.7,1154,21.2,31.5,25,5.8,16.5,0,12.2,26.4
1064,0.216,1.224,20.751,78.025,0,0,24.6,1125,21.2,31.5,25,5.8,16.5,0,12.2,26.4
1065,0.305,1.224,20.751,78.025,0,0,24.5,1096,21.2,31.5,25,5.8,16.5,0,12.2,26.4
1066,0.974,1.224,20.751,78.025,0,0,24.4,966,21.2,31.5,25,5.8,16.5,0,12.2,26.4
1067,0.71,1.224,20.751,78.025,0,0,25,987,21.2,31.5,25,5.8,16.5,0,12.2,26.4
1068,0.525,1.224,20.751,78.025,0,0,24.8,1021,21.2,31.5,25,5.8,16.5,0,12.2,26.4
1069,0.319,1.224,20.751,78.025,0,0,25.2,1083,21.2,31.5,25,5.8,16.5,0,12.2,26.4
1070,0.181,0.616,20.87,78.505,0,0,9.9,1252,21.2,31.5,25,5.8,16.5,0,12.2,26.4
1071,0.265,0.616,20.87,78.505,0,0,10.1,1208,21.2,31.5,25,5.8,16.5,0,12.2,26.4
1072,0.857,0.616,20.87,78.505,0,0,10.1,1106,21.2,31.5,25,5.8,16.5,0,12.2,26.4
1073,0.592,0.616,20.87,78.505,0,0,10,1144,21.2,31.5,25,5.8,16.5,0,12.2,26.4
1074,0.53,0.616,20.87,78.505,0,0,10.5,1147,21.2,31.5,25,5.8,16.5,0,12.2,26.4
1075,0.833,0.616,20.87,78.505,0,0,11.3,1096,21.2,31.5,25,5.8,16.5,0,12.2,26.4
1076,0.804,0.616,20.87,78.505,0,0,11,1098,21.2,31.5,25,5.8,16.5,0,12.2,26.4
1077,2.044,0.616,20.87,78.505,0,0,10.7,1022,21.2,31.5,25,5.8,16.5,0,12.2,26.4
1078,1.233,0.616,20.87,78.505,0,0,9.7,1078,21.2,31.5,25,5.8,16.5,0,12.2,26.4
1079,0.379,0.616,20.87,78.505,0,0,9.6,1189,21.2,31.5,25,5.8,16.5,0,12.2,26.4
1080,0.148,0.616,20.87,78.505,0,0,25,1193,21.2,31.5,25,5.8,16.5,0,12.2,26.4
1081,0.316,0.616,20.87,78.505,0,0,25.1,1128,21.2,31.5,25,5.8,16.5,0,12.2,26.4
1082,1.001,0.616,20.87,78.505,0,0,26.1,1010,21.2,31.5,25,5.8,16.5,0,12.2,26.4
1083,0.539,0.616,20.87,78.505,0,0,25.8,1078,21.2,31.5,25,5.8,16.5,0,12.2,26.4
1084,1.68,0.616,20.87,78.505,0,0,25.8,972,21.2,31.5,25,5.8,16.5,0,12.2,26.4
1085,0.241,0.616,20.87,78.505,0,0,22.6,1160,21.2,31.5,25,5.8,16.5,0,12.2,26.4
1086,3.081,0.616,20.87,78.505,0,0,20,790,21.2,31.5,25,5.8,16.5,0,12.2,26.4
1087,2.699,0.616,20.87,78.505,0,0,20.2,828,21.2,31.5,25,5.8,16.5,0,12.2,26.4
1088,3.159,0.616,20.87,78.505,0,0,19.2,842,21.2,31.5,25,5.8,16.5,0,12.2,26.4
1089,3.311,0.616,20.87,78.505,0,0,19.6,883,21.2,31.5,25,5.8,16.5,0,12.2,26.4
1090,0.477,1.1521,20.7664,78.0815,0,0,9.8,1153,0.5,37.2,40,22.1,0.2,0,12,24.1
1091,0.688,1.1521,20.7664,78.0815,0,0,10.6,1106,0.5,37.2,40,22.1,0.2,0,12,24.1
1092,0.296,1.1521,20.7664,78.0815,0,0,10.2,1204,0.5,37.2,40,22.1,0.2,0,12,24.1
1093,0.175,1.1521,20.7664,78.0815,0,0,9.7,1264,0.5,37.2,40,22.1,0.2,0,12,24.1
1094,1.039,1.1521,20.7664,78.0815,0,0,11,1052,0.5,37.2,40,22.1,0.2,0,12,24.1
1095,1.534,1.1521,20.7664,78.0815,0,0,10.5,1013,0.5,37.2,40,22.1,0.2,0,12,24.1
1096,0.776,1.1521,20.7664,78.0815,0,0,10.9,1085,0.5,37.2,40,22.1,0.2,0,12,24.1
1097,0.648,1.1521,20.7664,78.0815,0,0,10.3,1115,0.5,37.2,40,22.1,0.2,0,12,24.1
1098,0.557,1.1521,20.7664,78.0815,0,0,24,1025,0.5,37.2,40,22.1,0.2,0,12,24.1
1099,0.656,1.1521,20.7664,78.0815,0,0,24.2,1005,0.5,37.2,40,22.1,0.2,0,12,24.1
1100,0.454,1.1521,20.7664,78.0815,0,0,24.1,1060,0.5,37.2,40,22.1,0.2,0,12,24.1
1101,0.283,1.1521,20.7664,78.0815,0,0,23.2,1115,0.5,37.2,40,22.1,0.2,0,12,24.1
1102,0.197,1.1521,20.7664,78.0815,0,0,21.7,1170,0.5,37.2,40,22.1,0.2,0,12,24.1
1103,0.848,1.1521,20.7664,78.0815,0,0,24.4,976,0.5,37.2,40,22.1,0.2,0,12,24.1
1104,0.223,0.5794,20.8867,78.5339,0,0,9.7,1239,0.5,37.2,40,22.1,0.2,0,12,24.1
1105,1.058,0.5794,20.8867,78.5339,0,0,10.5,1082,0.5,37.2,40,22.1,0.2,0,12,24.1
1106,2.141,0.5794,20.8867,78.5339,0,0,10.3,1024,0.5,37.2,40,22.1,0.2,0,12,24.1
1107,0.455,0.5794,20.8867,78.5339,0,0,10,1164,0.5,37.2,40,22.1,0.2,0,12,24.1
1108,1.014,0.5794,20.8867,78.5339,0,0,9.7,1093,0.5,37.2,40,22.1,0.2,0,12,24.1
1109,0.886,0.5794,20.8867,78.5339,0,0,9.4,1103,0.5,37.2,40,22.1,0.2,0,12,24.1
1110,1.258,0.5794,20.8867,78.5339,0,0,10.2,1065,0.5,37.2,40,22.1,0.2,0,12,24.1
1111,0.343,0.5794,20.8867,78.5339,0,0,9.7,1199,0.5,37.2,40,22.1,0.2,0,12,24.1
1112,0.637,0.5794,20.8867,78.5339,0,0,10.2,1128,0.5,37.2,40,22.1,0.2,0,12,24.1
1113,1.333,0.5794,20.8867,78.5339,0,0,10.5,1056,0.5,37.2,40,22.1,0.2,0,12,24.1
1114,0.307,0.5794,20.8867,78.5339,0,0,25.3,1122,0.5,37.2,40,22.1,0.2,0,12,24.1
1115,0.511,0.5794,20.8867,78.5339,0,0,24.7,1066,0.5,37.2,40,22.1,0.2,0,12,24.1
1116,0.229,0.5794,20.8867,78.5339,0,0,24.1,1155,0.5,37.2,40,22.1,0.2,0,12,24.1
1117,0.849,0.5794,20.8867,78.5339,0,0,25.7,1013,0.5,37.2,40,22.1,0.2,0,12,24.1
1118,1.38,0.5794,20.8867,78.5339,0,0,26.4,977,0.5,37.2,40,22.1,0.2,0,12,24.1
1119,3.633,0.5794,20.8867,78.5339,0,0,17.4,882,0.5,37.2,40,22.1,0.2,0,12,24.1
1120,4.136,0.5794,20.8867,78.5339,0,0,16,785,0.5,37.2,40,22.1,0.2,0,12,24.1
1138,0.337,0.5794,20.8867,78.5339,0,0,20.3,885,0.5,37.2,40,22.1,0.2,0,12,24.1
