Point,X_Fuel,X_O2,X_N2,X_Ar,X_He,P,T,N-alkanes,iso-alkanes,monicyclic-alkanes,polycyclic-alkanes,Aromatics,Others,Formula_C,Formula_H
1,0.61,20.87,78.52,0,0,1.96,1091.5,22.20168489,28.8996301,26.27306416,10.93039112,7.681035334,4.0141944,11.09,20.07
2,0.61,20.87,78.52,0,0,2.06,1157.9,22.20168489,28.8996301,26.27306416,10.93039112,7.681035334,4.0141944,11.09,20.07
3,0.61,20.87,78.52,0,0,2.03,1210,22.20168489,28.8996301,26.27306416,10.93039112,7.681035334,4.0141944,11.09,20.07
4,0.61,20.87,78.52,0,0,1.98,1255.6,22.20168489,28.8996301,26.27306416,10.93039112,7.681035334,4.0141944,11.09,20.07
5,0.61,20.87,78.52,0,0,2.08,1327.2,22.20168489,28.8996301,26.27306416,10.93039112,7.681035334,4.0141944,11.09,20.07
6,0.61,20.87,78.52,0,0,1.96,1386.3,22.20168489,28.8996301,26.27306416,10.93039112,7.681035334,4.0141944,11.09,20.07
7,0.61,20.87,78.52,0,0,2.01,1457.9,22.20168489,28.8996301,26.27306416,10.93039112,7.681035334,4.0141944,11.09,20.07
8,0.61,20.87,78.52,0,0,2.16,1501,22.20168489,28.8996301,26.27306416,10.93039112,7.681035334,4.0141944,11.09,20.07
9,0.61,20.87,78.52,0,0,2.04,1516.1,22.20168489,28.8996301,26.27306416,10.93039112,7.681035334,4.0141944,11.09,20.07
10,0.61,20.87,78.52,0,0,2.06,1585.2,22.20168489,28.8996301,26.27306416,10.93039112,7.681035334,4.0141944,11.09,20.07
11,0.61,20.87,78.52,0,0,10.5,1070.7,22.20168489,28.8996301,26.27306416,10.93039112,7.681035334,4.0141944,11.09,20.07
12,0.61,20.87,78.52,0,0,10.9,1109.6,22.20168489,28.8996301,26.27306416,10.93039112,7.681035334,4.0141944,11.09,20.07
13,0.61,20.87,78.52,0,0,9.31,1164.1,22.20168489,28.8996301,26.27306416,10.93039112,7.681035334,4.0141944,11.09,20.07
14,0.61,20.87,78.52,0,0,9.69,1281.8,22.20168489,28.8996301,26.27306416,10.93039112,7.681035334,4.0141944,11.09,20.07
15,0.61,20.87,78.52,0,0,10.7,1372.1,22.20168489,28.8996301,26.27306416,10.93039112,7.681035334,4.0141944,11.09,20.07
16,0.61,20.87,78.52,0,0,10.8,1382.9,22.20168489,28.8996301,26.27306416,10.93039112,7.681035334,4.0141944,11.09,20.07
17,0.61,20.87,78.52,0,0,10.6,1386.5,22.20168489,28.8996301,26.27306416,10.93039112,7.681035334,4.0141944,11.09,20.07
18,1.25,20.74,78.01,0,0,1.81,1095,22.20168489,28.8996301,26.27306416,10.93039112,7.681035334,4.0141944,11.09,20.07
19,1.25,20.74,78.01,0,0,2.1,1166.6,22.20168489,28.8996301,26.27306416,10.93039112,7.681035334,4.0141944,11.09,20.07
20,1.25,20.74,78.01,0,0,1.98,1261.5,22.20168489,28.8996301,26.27306416,10.93039112,7.681035334,4.0141944,11.09,20.07
21,1.25,20.74,78.01,0,0,2.04,1312.9,22.20168489,28.8996301,26.27306416,10.93039112,7.681035334,4.0141944,11.09,20.07
22,1.25,20.74,78.01,0,0,2,1370.4,22.20168489,28.8996301,26.27306416,10.93039112,7.681035334,4.0141944,11.09,20.07
23,1.25,20.74,78.01,0,0,2.1,1434.5,22.20168489,28.8996301,26.27306416,10.93039112,7.681035334,4.0141944,11.09,20.07
24,1.25,20.74,78.01,0,0,1.95,1484.1,22.20168489,28.8996301,26.27306416,10.93039112,7.681035334,4.0141944,11.09,20.07
25,1.25,20.74,78.01,0,0,1.89,1484.1,22.20168489,28.8996301,26.27306416,10.93039112,7.681035334,4.0141944,11.09,20.07
26,1.25,20.74,78.01,0,0,2.05,1570.9,22.20168489,28.8996301,26.27306416,10.93039112,7.681035334,4.0141944,11.09,20.07
27,1.25,20.74,78.01,0,0,10.7,922.2,22.20168489,28.8996301,26.27306416,10.93039112,7.681035334,4.0141944,11.09,20.07
28,1.25,20.74,78.01,0,0,9.97,988.9,22.20168489,28.8996301,26.27306416,10.93039112,7.681035334,4.0141944,11.09,20.07
29,1.25,20.74,78.01,0,0,9.42,1011.4,22.20168489,28.8996301,26.27306416,10.93039112,7.681035334,4.0141944,11.09,20.07
30,1.25,20.74,78.01,0,0,9.32,1069.5,22.20168489,28.8996301,26.27306416,10.93039112,7.681035334,4.0141944,11.09,20.07
31,1.25,20.74,78.01,0,0,9.65,1084.4,22.20168489,28.8996301,26.27306416,10.93039112,7.681035334,4.0141944,11.09,20.07
32,1.25,20.74,78.01,0,0,10,1151,22.20168489,28.8996301,26.27306416,10.93039112,7.681035334,4.0141944,11.09,20.07
33,1.25,20.74,78.01,0,0,10.2,1211.2,22.20168489,28.8996301,26.27306416,10.93039112,7.681035334,4.0141944,11.09,20.07
34,1.25,20.74,78.01,0,0,9.91,1290,22.20168489,28.8996301,26.27306416,10.93039112,7.681035334,4.0141944,11.09,20.07
35,1.25,20.74,78.01,0,0,9.44,1355.9,22.20168489,28.8996301,26.27306416,10.93039112,7.681035334,4.0141944,11.09,20.07
36,1.25,20.74,78.01,0,0,10.14,1439.4,22.20168489,28.8996301,26.27306416,10.93039112,7.681035334,4.0141944,11.09,20.07
37,2.47,20.48,77.05,0,0,2,1150.3,22.20168489,28.8996301,26.27306416,10.93039112,7.681035334,4.0141944,11.09,20.07
38,2.47,20.48,77.05,0,0,1.97,1194,22.20168489,28.8996301,26.27306416,10.93039112,7.681035334,4.0141944,11.09,20.07
39,2.47,20.48,77.05,0,0,1.98,1246,22.20168489,28.8996301,26.27306416,10.93039112,7.681035334,4.0141944,11.09,20.07
40,2.47,20.48,77.05,0,0,2.08,1325.5,22.20168489,28.8996301,26.27306416,10.93039112,7.681035334,4.0141944,11.09,20.07
41,2.47,20.48,77.05,0,0,2.08,1426.7,22.20168489,28.8996301,26.27306416,10.93039112,7.681035334,4.0141944,11.09,20.07
42,2.47,20.48,77.05,0,0,1.93,1477.1,22.20168489,28.8996301,26.27306416,10.93039112,7.681035334,4.0141944,11.09,20.07
43,2.47,20.48,77.05,0,0,2,1553.6,22.20168489,28.8996301,26.27306416,10.93039112,7.681035334,4.0141944,11.09,20.07
44,2.47,20.48,77.05,0,0,11.1,1041.4,22.20168489,28.8996301,26.27306416,10.93039112,7.681035334,4.0141944,11.09,20.07
45,2.47,20.48,77.05,0,0,9.55,1080.8,22.20168489,28.8996301,26.27306416,10.93039112,7.681035334,4.0141944,11.09,20.07
46,2.47,20.48,77.05,0,0,10.36,1161.2,22.20168489,28.8996301,26.27306416,10.93039112,7.681035334,4.0141944,11.09,20.07
47,2.47,20.48,77.05,0,0,10.24,1211.5,22.20168489,28.8996301,26.27306416,10.93039112,7.681035334,4.0141944,11.09,20.07
48,2.47,20.48,77.05,0,0,9.43,1332.9,22.20168489,28.8996301,26.27306416,10.93039112,7.681035334,4.0141944,11.09,20.07
49,2.47,20.48,77.05,0,0,9.3,1356.6,22.20168489,28.8996301,26.27306416,10.93039112,7.681035334,4.0141944,11.09,20.07
50,0.65,20.86,78.48,0,0,2.03,1158.8,7.48279,4.11973,37.34012,49.87414,0.72511,0.45811,11.3,22
51,0.65,20.86,78.48,0,0,1.95,1185.7,7.48279,4.11973,37.34012,49.87414,0.72511,0.45811,11.3,22
52,0.65,20.86,78.48,0,0,1.91,1195.8,7.48279,4.11973,37.34012,49.87414,0.72511,0.45811,11.3,22
53,0.65,20.86,78.48,0,0,1.9,1266.4,7.48279,4.11973,37.34012,49.87414,0.72511,0.45811,11.3,22
54,0.65,20.86,78.48,0,0,2.07,1345.5,7.48279,4.11973,37.34012,49.87414,0.72511,0.45811,11.3,22
55,0.65,20.86,78.48,0,0,1.96,1386.9,7.48279,4.11973,37.34012,49.87414,0.72511,0.45811,11.3,22
56,0.65,20.86,78.48,0,0,1.97,1432.7,7.48279,4.11973,37.34012,49.87414,0.72511,0.45811,11.3,22
57,0.65,20.86,78.48,0,0,1.99,1498.1,7.48279,4.11973,37.34012,49.87414,0.72511,0.45811,11.3,22
58,0.65,20.86,78.48,0,0,2.02,1513.3,7.48279,4.11973,37.34012,49.87414,0.72511,0.45811,11.3,22
59,0.65,20.86,78.48,0,0,10.16,1076.9,7.48279,4.11973,37.34012,49.87414,0.72511,0.45811,11.3,22
60,0.65,20.86,78.48,0,0,10.2,1110.7,7.48279,4.11973,37.34012,49.87414,0.72511,0.45811,11.3,22
61,0.65,20.86,78.48,0,0,9.57,1172.9,7.48279,4.11973,37.34012,49.87414,0.72511,0.45811,11.3,22
62,0.65,20.86,78.48,0,0,10.48,1236.1,7.48279,4.11973,37.34012,49.87414,0.72511,0.45811,11.3,22
63,0.65,20.86,78.48,0,0,10.67,1251.4,7.48279,4.11973,37.34012,49.87414,0.72511,0.45811,11.3,22
64,0.65,20.86,78.48,0,0,9.82,1289.3,7.48279,4.11973,37.34012,49.87414,0.72511,0.45811,11.3,22
65,0.65,20.86,78.48,0,0,10.2,1343.6,7.48279,4.11973,37.34012,49.87414,0.72511,0.45811,11.3,22
66,0.65,20.86,78.48,0,0,10.56,1363.2,7.48279,4.11973,37.34012,49.87414,0.72511,0.45811,11.3,22
67,0.65,20.86,78.48,0,0,10.5,1373.9,7.48279,4.11973,37.34012,49.87414,0.72511,0.45811,11.3,22
68,1.3,20.73,77.98,0,0,1.98,1085.9,7.48279,4.11973,37.34012,49.87414,0.72511,0.45811,11.3,22
69,1.3,20.73,77.98,0,0,2.06,1115.5,7.48279,4.11973,37.34012,49.87414,0.72511,0.45811,11.3,22
70,1.3,20.73,77.98,0,0,2.09,1128,7.48279,4.11973,37.34012,49.87414,0.72511,0.45811,11.3,22
71,1.3,20.73,77.98,0,0,1.91,1137.5,7.48279,4.11973,37.34012,49.87414,0.72511,0.45811,11.3,22
72,1.3,20.73,77.98,0,0,2.02,1206.8,7.48279,4.11973,37.34012,49.87414,0.72511,0.45811,11.3,22
73,1.3,20.73,77.98,0,0,1.91,1273.7,7.48279,4.11973,37.34012,49.87414,0.72511,0.45811,11.3,22
74,1.3,20.73,77.98,0,0,1.93,1282,7.48279,4.11973,37.34012,49.87414,0.72511,0.45811,11.3,22
75,1.3,20.73,77.98,0,0,2.05,1368,7.48279,4.11973,37.34012,49.87414,0.72511,0.45811,11.3,22
76,1.3,20.73,77.98,0,0,2.01,1414.8,7.48279,4.11973,37.34012,49.87414,0.72511,0.45811,11.3,22
77,1.3,20.73,77.98,0,0,1.92,1471.3,7.48279,4.11973,37.34012,49.87414,0.72511,0.45811,11.3,22
78,1.3,20.73,77.98,0,0,2.04,1519.8,7.48279,4.11973,37.34012,49.87414,0.72511,0.45811,11.3,22
79,1.3,20.73,77.98,0,0,2,1600.7,7.48279,4.11973,37.34012,49.87414,0.72511,0.45811,11.3,22
80,1.3,20.73,77.98,0,0,1.96,1683.8,7.48279,4.11973,37.34012,49.87414,0.72511,0.45811,11.3,22
81,1.3,20.73,77.98,0,0,10.69,1028.1,7.48279,4.11973,37.34012,49.87414,0.72511,0.45811,11.3,22
82,1.3,20.73,77.98,0,0,9.69,1058.1,7.48279,4.11973,37.34012,49.87414,0.72511,0.45811,11.3,22
83,1.3,20.73,77.98,0,0,10.37,1090.2,7.48279,4.11973,37.34012,49.87414,0.72511,0.45811,11.3,22
84,1.3,20.73,77.98,0,0,10.89,1114.9,7.48279,4.11973,37.34012,49.87414,0.72511,0.45811,11.3,22
85,1.3,20.73,77.98,0,0,10.31,1124.9,7.48279,4.11973,37.34012,49.87414,0.72511,0.45811,11.3,22
86,1.3,20.73,77.98,0,0,9.56,1177.6,7.48279,4.11973,37.34012,49.87414,0.72511,0.45811,11.3,22
87,1.3,20.73,77.98,0,0,10.05,1224.6,7.48279,4.11973,37.34012,49.87414,0.72511,0.45811,11.3,22
88,1.3,20.73,77.98,0,0,9.59,1247.2,7.48279,4.11973,37.34012,49.87414,0.72511,0.45811,11.3,22
89,1.3,20.73,77.98,0,0,10.95,1270,7.48279,4.11973,37.34012,49.87414,0.72511,0.45811,11.3,22
90,1.3,20.73,77.98,0,0,10.8,1306.3,7.48279,4.11973,37.34012,49.87414,0.72511,0.45811,11.3,22
91,1.3,20.73,77.98,0,0,10.78,1343.2,7.48279,4.11973,37.34012,49.87414,0.72511,0.45811,11.3,22
92,2.56,20.46,76.98,0,0,2.07,1169.5,7.48279,4.11973,37.34012,49.87414,0.72511,0.45811,11.3,22
93,2.56,20.46,76.98,0,0,2.1,1182.7,7.48279,4.11973,37.34012,49.87414,0.72511,0.45811,11.3,22
94,2.56,20.46,76.98,0,0,2.03,1209.3,7.48279,4.11973,37.34012,49.87414,0.72511,0.45811,11.3,22
95,2.56,20.46,76.98,0,0,2.1,1284.8,7.48279,4.11973,37.34012,49.87414,0.72511,0.45811,11.3,22
96,2.56,20.46,76.98,0,0,2,1300.2,7.48279,4.11973,37.34012,49.87414,0.72511,0.45811,11.3,22
97,2.56,20.46,76.98,0,0,1.99,1347,7.48279,4.11973,37.34012,49.87414,0.72511,0.45811,11.3,22
98,2.56,20.46,76.98,0,0,2,1402.6,7.48279,4.11973,37.34012,49.87414,0.72511,0.45811,11.3,22
99,2.56,20.46,76.98,0,0,2.08,1487.5,7.48279,4.11973,37.34012,49.87414,0.72511,0.45811,11.3,22
100,2.56,20.46,76.98,0,0,1.98,1544.4,7.48279,4.11973,37.34012,49.87414,0.72511,0.45811,11.3,22
101,2.56,20.46,76.98,0,0,9.68,1020.8,7.48279,4.11973,37.34012,49.87414,0.72511,0.45811,11.3,22
102,2.56,20.46,76.98,0,0,10.65,1075,7.48279,4.11973,37.34012,49.87414,0.72511,0.45811,11.3,22
103,2.56,20.46,76.98,0,0,9.38,1136.9,7.48279,4.11973,37.34012,49.87414,0.72511,0.45811,11.3,22
104,2.56,20.46,76.98,0,0,10.38,1218.1,7.48279,4.11973,37.34012,49.87414,0.72511,0.45811,11.3,22
105,2.56,20.46,76.98,0,0,9.63,1279.5,7.48279,4.11973,37.34012,49.87414,0.72511,0.45811,11.3,22
106,2.56,20.46,76.98,0,0,10.39,1372.2,7.48279,4.11973,37.34012,49.87414,0.72511,0.45811,11.3,22
107,0.64,20.87,78.5,0,0,1.92,1131.9,15.086215,17.79624,28.991035,27.498755,8.091765,2.53599,11.195,21.035
108,0.64,20.87,78.5,0,0,2.09,1179.2,15.086215,17.79624,28.991035,27.498755,8.091765,2.53599,11.195,21.035
109,0.64,20.87,78.5,0,0,2.1,1229.6,15.086215,17.79624,28.991035,27.498755,8.091765,2.53599,11.195,21.035
110,0.64,20.87,78.5,0,0,2.02,1294,15.086215,17.79624,28.991035,27.498755,8.091765,2.53599,11.195,21.035
111,0.64,20.87,78.5,0,0,2.09,1336.4,15.086215,17.79624,28.991035,27.498755,8.091765,2.53599,11.195,21.035
112,0.64,20.87,78.5,0,0,2.02,1408.6,15.086215,17.79624,28.991035,27.498755,8.091765,2.53599,11.195,21.035
113,0.64,20.87,78.5,0,0,2.02,1511.2,15.086215,17.79624,28.991035,27.498755,8.091765,2.53599,11.195,21.035
114,0.64,20.87,78.5,0,0,9.42,1025.2,15.086215,17.79624,28.991035,27.498755,8.091765,2.53599,11.195,21.035
115,0.64,20.87,78.5,0,0,10.44,1099.3,15.086215,17.79624,28.991035,27.498755,8.091765,2.53599,11.195,21.035
116,0.64,20.87,78.5,0,0,10.23,1134.9,15.086215,17.79624,28.991035,27.498755,8.091765,2.53599,11.195,21.035
117,0.64,20.87,78.5,0,0,9.78,1174,15.086215,17.79624,28.991035,27.498755,8.091765,2.53599,11.195,21.035
118,0.64,20.87,78.5,0,0,9.96,1227.4,15.086215,17.79624,28.991035,27.498755,8.091765,2.53599,11.195,21.035
119,0.64,20.87,78.5,0,0,9.99,1266.7,15.086215,17.79624,28.991035,27.498755,8.091765,2.53599,11.195,21.035
120,0.64,20.87,78.5,0,0,10.17,1310,15.086215,17.79624,28.991035,27.498755,8.091765,2.53599,11.195,21.035
121,0.64,20.87,78.5,0,0,10.14,1357.7,15.086215,17.79624,28.991035,27.498755,8.091765,2.53599,11.195,21.035
122,1.27,20.73,78,0,0,2.07,1123.1,15.086215,17.79624,28.991035,27.498755,8.091765,2.53599,11.195,21.035
123,1.27,20.73,78,0,0,2.08,1186.1,15.086215,17.79624,28.991035,27.498755,8.091765,2.53599,11.195,21.035
124,1.27,20.73,78,0,0,2.04,1212.9,15.086215,17.79624,28.991035,27.498755,8.091765,2.53599,11.195,21.035
125,1.27,20.73,78,0,0,2,1251.8,15.086215,17.79624,28.991035,27.498755,8.091765,2.53599,11.195,21.035
126,1.27,20.73,78,0,0,2.09,1251.9,15.086215,17.79624,28.991035,27.498755,8.091765,2.53599,11.195,21.035
127,1.27,20.73,78,0,0,2.02,1308.3,15.086215,17.79624,28.991035,27.498755,8.091765,2.53599,11.195,21.035
128,1.27,20.73,78,0,0,2.02,1409.2,15.086215,17.79624,28.991035,27.498755,8.091765,2.53599,11.195,21.035
129,1.27,20.73,78,0,0,1.9,1456.7,15.086215,17.79624,28.991035,27.498755,8.091765,2.53599,11.195,21.035
130,1.27,20.73,78,0,0,2.06,1532.2,15.086215,17.79624,28.991035,27.498755,8.091765,2.53599,11.195,21.035
131,1.27,20.73,78,0,0,2.09,1591.1,15.086215,17.79624,28.991035,27.498755,8.091765,2.53599,11.195,21.035
132,1.27,20.73,78,0,0,10.07,1052.8,15.086215,17.79624,28.991035,27.498755,8.091765,2.53599,11.195,21.035
133,1.27,20.73,78,0,0,9.57,1087.7,15.086215,17.79624,28.991035,27.498755,8.091765,2.53599,11.195,21.035
134,1.27,20.73,78,0,0,10.21,1129.8,15.086215,17.79624,28.991035,27.498755,8.091765,2.53599,11.195,21.035
135,1.27,20.73,78,0,0,9.25,1161.7,15.086215,17.79624,28.991035,27.498755,8.091765,2.53599,11.195,21.035
136,1.27,20.73,78,0,0,9.47,1202.1,15.086215,17.79624,28.991035,27.498755,8.091765,2.53599,11.195,21.035
137,1.27,20.73,78,0,0,10.14,1307.7,15.086215,17.79624,28.991035,27.498755,8.091765,2.53599,11.195,21.035
138,1.27,20.73,78,0,0,9.55,1371.7,15.086215,17.79624,28.991035,27.498755,8.091765,2.53599,11.195,21.035
139,1.27,20.73,78,0,0,10.63,1470.8,15.086215,17.79624,28.991035,27.498755,8.091765,2.53599,11.195,21.035
140,2.5,20.48,77.03,0,0,2.01,1104.5,15.086215,17.79624,28.991035,27.498755,8.091765,2.53599,11.195,21.035
141,2.5,20.48,77.03,0,0,1.92,1180.5,15.086215,17.79624,28.991035,27.498755,8.091765,2.53599,11.195,21.035
142,2.5,20.48,77.03,0,0,1.97,1223.5,15.086215,17.79624,28.991035,27.498755,8.091765,2.53599,11.195,21.035
143,2.5,20.48,77.03,0,0,2.1,1271.9,15.086215,17.79624,28.991035,27.498755,8.091765,2.53599,11.195,21.035
144,2.5,20.48,77.03,0,0,1.96,1288.7,15.086215,17.79624,28.991035,27.498755,8.091765,2.53599,11.195,21.035
145,2.5,20.48,77.03,0,0,1.93,1377.9,15.086215,17.79624,28.991035,27.498755,8.091765,2.53599,11.195,21.035
146,2.5,20.48,77.03,0,0,2.07,1526.9,15.086215,17.79624,28.991035,27.498755,8.091765,2.53599,11.195,21.035
147,2.5,20.48,77.03,0,0,1.93,1576.1,15.086215,17.79624,28.991035,27.498755,8.091765,2.53599,11.195,21.035
148,2.5,20.48,77.03,0,0,10.23,1038.5,15.086215,17.79624,28.991035,27.498755,8.091765,2.53599,11.195,21.035
149,2.5,20.48,77.03,0,0,10.34,1076,15.086215,17.79624,28.991035,27.498755,8.091765,2.53599,11.195,21.035
150,2.5,20.48,77.03,0,0,10.57,1092.2,15.086215,17.79624,28.991035,27.498755,8.091765,2.53599,11.195,21.035
151,2.5,20.48,77.03,0,0,10.44,1117.9,15.086215,17.79624,28.991035,27.498755,8.091765,2.53599,11.195,21.035
152,2.5,20.48,77.03,0,0,10.22,1170.7,15.086215,17.79624,28.991035,27.498755,8.091765,2.53599,11.195,21.035
153,2.5,20.48,77.03,0,0,10.12,1221.6,15.086215,17.79624,28.991035,27.498755,8.091765,2.53599,11.195,21.035
154,2.5,20.48,77.03,0,0,9.45,1270.7,15.086215,17.79624,28.991035,27.498755,8.091765,2.53599,11.195,21.035
155,2.5,20.48,77.03,0,0,9.48,1320.8,15.086215,17.79624,28.991035,27.498755,8.091765,2.53599,11.195,21.035
156,2.5,20.48,77.03,0,0,10.2,1373.5,15.086215,17.79624,28.991035,27.498755,8.091765,2.53599,11.195,21.035
157,0.64,20.87,78.5,0,0,10.33,1115,10.94238,11.06656,33.24736,36.64036,3.61921,4.4842,11.153,20.649
158,0.64,20.87,78.5,0,0,10.84,1137.6,10.94238,11.06656,33.24736,36.64036,3.61921,4.4842,11.153,20.649
159,0.64,20.87,78.5,0,0,9.81,1147.1,10.94238,11.06656,33.24736,36.64036,3.61921,4.4842,11.153,20.649
160,0.64,20.87,78.5,0,0,9.26,1167.6,10.94238,11.06656,33.24736,36.64036,3.61921,4.4842,11.153,20.649
161,0.64,20.87,78.5,0,0,9.81,1190,10.94238,11.06656,33.24736,36.64036,3.61921,4.4842,11.153,20.649
162,0.64,20.87,78.5,0,0,10.01,1230.4,10.94238,11.06656,33.24736,36.64036,3.61921,4.4842,11.153,20.649
163,0.64,20.87,78.5,0,0,9.57,1274.8,10.94238,11.06656,33.24736,36.64036,3.61921,4.4842,11.153,20.649
164,0.64,20.87,78.5,0,0,9.94,1346.6,10.94238,11.06656,33.24736,36.64036,3.61921,4.4842,11.153,20.649
165,0.64,20.87,78.5,0,0,10.32,1420.7,10.94238,11.06656,33.24736,36.64036,3.61921,4.4842,11.153,20.649
166,0.64,20.87,78.5,0,0,10.3,1521.3,10.94238,11.06656,33.24736,36.64036,3.61921,4.4842,11.153,20.649
167,1.27,20.73,78,0,0,10.27,1060.9,10.94238,11.06656,33.24736,36.64036,3.61921,4.4842,11.153,20.649
168,1.27,20.73,78,0,0,9.72,1086.8,10.94238,11.06656,33.24736,36.64036,3.61921,4.4842,11.153,20.649
169,1.27,20.73,78,0,0,10.13,1105.7,10.94238,11.06656,33.24736,36.64036,3.61921,4.4842,11.153,20.649
170,1.27,20.73,78,0,0,10.31,1164.4,10.94238,11.06656,33.24736,36.64036,3.61921,4.4842,11.153,20.649
171,1.27,20.73,78,0,0,9.48,1221.8,10.94238,11.06656,33.24736,36.64036,3.61921,4.4842,11.153,20.649
172,1.27,20.73,78,0,0,10.24,1313.9,10.94238,11.06656,33.24736,36.64036,3.61921,4.4842,11.153,20.649
173,1.27,20.73,78,0,0,9.49,1367.3,10.94238,11.06656,33.24736,36.64036,3.61921,4.4842,11.153,20.649
174,1.27,20.73,78,0,0,9.88,1441.9,10.94238,11.06656,33.24736,36.64036,3.61921,4.4842,11.153,20.649
175,2.5,20.48,77.03,0,0,10.25,1039.5,10.94238,11.06656,33.24736,36.64036,3.61921,4.4842,11.153,20.649
176,2.5,20.48,77.03,0,0,10.34,1063.3,10.94238,11.06656,33.24736,36.64036,3.61921,4.4842,11.153,20.649
177,2.5,20.48,77.03,0,0,10.77,1132.2,10.94238,11.06656,33.24736,36.64036,3.61921,4.4842,11.153,20.649
178,2.5,20.48,77.03,0,0,9.73,1186.5,10.94238,11.06656,33.24736,36.64036,3.61921,4.4842,11.153,20.649
179,2.5,20.48,77.03,0,0,9.73,1285.1,10.94238,11.06656,33.24736,36.64036,3.61921,4.4842,11.153,20.649
180,2.5,20.48,77.03,0,0,9.82,1388.9,10.94238,11.06656,33.24736,36.64036,3.61921,4.4842,11.153,20.649
181,2.5,20.48,77.03,0,0,10.61,1437,10.94238,11.06656,33.24736,36.64036,3.61921,4.4842,11.153,20.649
182,2.5,20.48,77.03,0,0,10.56,1486.1,10.94238,11.06656,33.24736,36.64036,3.61921,4.4842,11.153,20.649
183,0.64,20.87,78.5,0,0,9.85,1093.3,16.062,20.76559,28.82611,23.55078,4.31528,6.4803,11.237,21.421
184,0.64,20.87,78.5,0,0,10.24,1111,16.062,20.76559,28.82611,23.55078,4.31528,6.4803,11.237,21.421
185,0.64,20.87,78.5,0,0,10.25,1161.9,16.062,20.76559,28.82611,23.55078,4.31528,6.4803,11.237,21.421
186,0.64,20.87,78.5,0,0,9.43,1227.4,16.062,20.76559,28.82611,23.55078,4.31528,6.4803,11.237,21.421
187,0.64,20.87,78.5,0,0,10.01,1260.3,16.062,20.76559,28.82611,23.55078,4.31528,6.4803,11.237,21.421
188,0.64,20.87,78.5,0,0,10.26,1315.4,16.062,20.76559,28.82611,23.55078,4.31528,6.4803,11.237,21.421
189,0.64,20.87,78.5,0,0,10.5,1328.8,16.062,20.76559,28.82611,23.55078,4.31528,6.4803,11.237,21.421
190,0.64,20.87,78.5,0,0,10.09,1405.7,16.062,20.76559,28.82611,23.55078,4.31528,6.4803,11.237,21.421
191,0.64,20.87,78.5,0,0,9.59,1470.2,16.062,20.76559,28.82611,23.55078,4.31528,6.4803,11.237,21.421
192,0.64,20.87,78.5,0,0,10.04,1502.8,16.062,20.76559,28.82611,23.55078,4.31528,6.4803,11.237,21.421
193,1.27,20.73,78,0,0,10.55,1072.3,16.062,20.76559,28.82611,23.55078,4.31528,6.4803,11.237,21.421
194,1.27,20.73,78,0,0,9.84,1091,16.062,20.76559,28.82611,23.55078,4.31528,6.4803,11.237,21.421
195,1.27,20.73,78,0,0,10.12,1155.7,16.062,20.76559,28.82611,23.55078,4.31528,6.4803,11.237,21.421
196,1.27,20.73,78,0,0,10.14,1207.1,16.062,20.76559,28.82611,23.55078,4.31528,6.4803,11.237,21.421
197,1.27,20.73,78,0,0,10.02,1251.1,16.062,20.76559,28.82611,23.55078,4.31528,6.4803,11.237,21.421
198,1.27,20.73,78,0,0,10.03,1301.8,16.062,20.76559,28.82611,23.55078,4.31528,6.4803,11.237,21.421
199,1.27,20.73,78,0,0,9.97,1357.9,16.062,20.76559,28.82611,23.55078,4.31528,6.4803,11.237,21.421
200,1.27,20.73,78,0,0,10.5,1431.9,16.062,20.76559,28.82611,23.55078,4.31528,6.4803,11.237,21.421
201,1.27,20.73,78,0,0,10.24,1517,16.062,20.76559,28.82611,23.55078,4.31528,6.4803,11.237,21.421
202,2.5,20.48,77.03,0,0,10.05,1082.1,16.062,20.76559,28.82611,23.55078,4.31528,6.4803,11.237,21.421
203,2.5,20.48,77.03,0,0,10.35,1114.9,16.062,20.76559,28.82611,23.55078,4.31528,6.4803,11.237,21.421
204,2.5,20.48,77.03,0,0,9.98,1148.9,16.062,20.76559,28.82611,23.55078,4.31528,6.4803,11.237,21.421
205,2.5,20.48,77.03,0,0,10.34,1165.2,16.062,20.76559,28.82611,23.55078,4.31528,6.4803,11.237,21.421
206,2.5,20.48,77.03,0,0,10.06,1253.3,16.062,20.76559,28.82611,23.55078,4.31528,6.4803,11.237,21.421
207,2.5,20.48,77.03,0,0,9.8,1348.3,16.062,20.76559,28.82611,23.55078,4.31528,6.4803,11.237,21.421
208,2.5,20.48,77.03,0,0,10.54,1443.5,16.062,20.76559,28.82611,23.55078,4.31528,6.4803,11.237,21.421
209,2.5,20.48,77.03,0,0,9.91,1493.8,16.062,20.76559,28.82611,23.55078,4.31528,6.4803,11.237,21.421
210,0.61,20.87,78.52,0,0,2.77,1155,22.68964,31.47275,20.64195,5.12337,15.45842,4.61387,11.09,20.07
211,0.61,20.87,78.52,0,0,2.84,1171.5,22.68964,31.47275,20.64195,5.12337,15.45842,4.61387,11.09,20.07
212,0.61,20.87,78.52,0,0,3.01,1202.1,22.68964,31.47275,20.64195,5.12337,15.45842,4.61387,11.09,20.07
213,0.61,20.87,78.52,0,0,3.22,1237.6,22.68964,31.47275,20.64195,5.12337,15.45842,4.61387,11.09,20.07
214,0.61,20.87,78.52,0,0,3.02,1304.5,22.68964,31.47275,20.64195,5.12337,15.45842,4.61387,11.09,20.07
215,0.61,20.87,78.52,0,0,3.2,1339.3,22.68964,31.47275,20.64195,5.12337,15.45842,4.61387,11.09,20.07
216,0.61,20.87,78.52,0,0,3.05,1411.6,22.68964,31.47275,20.64195,5.12337,15.45842,4.61387,11.09,20.07
217,0.61,20.87,78.52,0,0,3.01,1451.9,22.68964,31.47275,20.64195,5.12337,15.45842,4.61387,11.09,20.07
218,0.61,20.87,78.52,0,0,3.06,1513.3,22.68964,31.47275,20.64195,5.12337,15.45842,4.61387,11.09,20.07
219,0.61,20.87,78.52,0,0,11.2,1261.3,22.68964,31.47275,20.64195,5.12337,15.45842,4.61387,11.09,20.07
220,0.61,20.87,78.52,0,0,10.67,1234.3,22.68964,31.47275,20.64195,5.12337,15.45842,4.61387,11.09,20.07
221,0.61,20.87,78.52,0,0,10.01,1300.3,22.68964,31.47275,20.64195,5.12337,15.45842,4.61387,11.09,20.07
222,0.61,20.87,78.52,0,0,9.73,1087.5,22.68964,31.47275,20.64195,5.12337,15.45842,4.61387,11.09,20.07
223,0.61,20.87,78.52,0,0,8.79,1135.3,22.68964,31.47275,20.64195,5.12337,15.45842,4.61387,11.09,20.07
224,0.61,20.87,78.52,0,0,9.89,1392.7,22.68964,31.47275,20.64195,5.12337,15.45842,4.61387,11.09,20.07
225,0.61,20.87,78.52,0,0,9.98,1448.9,22.68964,31.47275,20.64195,5.12337,15.45842,4.61387,11.09,20.07
226,0.61,20.87,78.52,0,0,9.3,1144.2,22.68964,31.47275,20.64195,5.12337,15.45842,4.61387,11.09,20.07
227,0.61,20.87,78.52,0,0,9.84,1172,22.68964,31.47275,20.64195,5.12337,15.45842,4.61387,11.09,20.07
228,1.25,20.74,78.01,0,0,2.89,1181,22.68964,31.47275,20.64195,5.12337,15.45842,4.61387,11.09,20.07
229,1.25,20.74,78.01,0,0,3.17,1331.5,22.68964,31.47275,20.64195,5.12337,15.45842,4.61387,11.09,20.07
230,1.25,20.74,78.01,0,0,3.32,1466.8,22.68964,31.47275,20.64195,5.12337,15.45842,4.61387,11.09,20.07
231,1.25,20.74,78.01,0,0,2.73,1342.5,22.68964,31.47275,20.64195,5.12337,15.45842,4.61387,11.09,20.07
232,1.25,20.74,78.01,0,0,3,1499.3,22.68964,31.47275,20.64195,5.12337,15.45842,4.61387,11.09,20.07
233,1.25,20.74,78.01,0,0,3.26,1455.1,22.68964,31.47275,20.64195,5.12337,15.45842,4.61387,11.09,20.07
234,1.25,20.74,78.01,0,0,2.97,1293.7,22.68964,31.47275,20.64195,5.12337,15.45842,4.61387,11.09,20.07
235,1.25,20.74,78.01,0,0,3.24,1282.5,22.68964,31.47275,20.64195,5.12337,15.45842,4.61387,11.09,20.07
236,1.25,20.74,78.01,0,0,3.13,1221.3,22.68964,31.47275,20.64195,5.12337,15.45842,4.61387,11.09,20.07
237,1.25,20.74,78.01,0,0,3.1,1156,22.68964,31.47275,20.64195,5.12337,15.45842,4.61387,11.09,20.07
238,1.25,20.74,78.01,0,0,2.92,1383.1,22.68964,31.47275,20.64195,5.12337,15.45842,4.61387,11.09,20.07
239,1.25,20.74,78.01,0,0,10.67,1130.2,22.68964,31.47275,20.64195,5.12337,15.45842,4.61387,11.09,20.07
240,1.25,20.74,78.01,0,0,9.19,1158.2,22.68964,31.47275,20.64195,5.12337,15.45842,4.61387,11.09,20.07
241,1.25,20.74,78.01,0,0,10.38,1065.6,22.68964,31.47275,20.64195,5.12337,15.45842,4.61387,11.09,20.07
242,1.25,20.74,78.01,0,0,10.35,1319.8,22.68964,31.47275,20.64195,5.12337,15.45842,4.61387,11.09,20.07
243,1.25,20.74,78.01,0,0,10.26,1416.4,22.68964,31.47275,20.64195,5.12337,15.45842,4.61387,11.09,20.07
244,1.25,20.74,78.01,0,0,10.05,1202.8,22.68964,31.47275,20.64195,5.12337,15.45842,4.61387,11.09,20.07
245,1.25,20.74,78.01,0,0,9.91,1245.2,22.68964,31.47275,20.64195,5.12337,15.45842,4.61387,11.09,20.07
246,1.25,20.74,78.01,0,0,10.65,1389.2,22.68964,31.47275,20.64195,5.12337,15.45842,4.61387,11.09,20.07
247,2.47,20.48,77.05,0,0,3.3,1248.5,22.68964,31.47275,20.64195,5.12337,15.45842,4.61387,11.09,20.07
248,2.47,20.48,77.05,0,0,3.27,1137.1,22.68964,31.47275,20.64195,5.12337,15.45842,4.61387,11.09,20.07
249,2.47,20.48,77.05,0,0,2.9,1281.7,22.68964,31.47275,20.64195,5.12337,15.45842,4.61387,11.09,20.07
250,2.47,20.48,77.05,0,0,3.16,1328.5,22.68964,31.47275,20.64195,5.12337,15.45842,4.61387,11.09,20.07
251,2.47,20.48,77.05,0,0,2.97,1394.6,22.68964,31.47275,20.64195,5.12337,15.45842,4.61387,11.09,20.07
252,2.47,20.48,77.05,0,0,3.11,1474.3,22.68964,31.47275,20.64195,5.12337,15.45842,4.61387,11.09,20.07
253,2.47,20.48,77.05,0,0,3.09,1214.1,22.68964,31.47275,20.64195,5.12337,15.45842,4.61387,11.09,20.07
254,2.47,20.48,77.05,0,0,2.92,1187,22.68964,31.47275,20.64195,5.12337,15.45842,4.61387,11.09,20.07
255,2.47,20.48,77.05,0,0,9.43,1171.8,22.68964,31.47275,20.64195,5.12337,15.45842,4.61387,11.09,20.07
256,2.47,20.48,77.05,0,0,10.97,1115.8,22.68964,31.47275,20.64195,5.12337,15.45842,4.61387,11.09,20.07
257,2.47,20.48,77.05,0,0,10.34,1063.5,22.68964,31.47275,20.64195,5.12337,15.45842,4.61387,11.09,20.07
258,2.47,20.48,77.05,0,0,10.85,1241.1,22.68964,31.47275,20.64195,5.12337,15.45842,4.61387,11.09,20.07
259,2.47,20.48,77.05,0,0,10.22,1392.9,22.68964,31.47275,20.64195,5.12337,15.45842,4.61387,11.09,20.07
260,2.47,20.48,77.05,0,0,10.54,1329.8,22.68964,31.47275,20.64195,5.12337,15.45842,4.61387,11.09,20.07
261,2.47,20.48,77.05,0,0,10.2,1209.5,22.68964,31.47275,20.64195,5.12337,15.45842,4.61387,11.09,20.07
262,0.64,20.86,78.5,0,0,2.95,1141.1,13.94883,84.94848,0.99754,0.09832,0.00683,0,11.44,24.82
263,0.64,20.86,78.5,0,0,3.03,1205.1,13.94883,84.94848,0.99754,0.09832,0.00683,0,11.44,24.82
264,0.64,20.86,78.5,0,0,3.05,1259.3,13.94883,84.94848,0.99754,0.09832,0.00683,0,11.44,24.82
265,0.64,20.86,78.5,0,0,2.98,1320.9,13.94883,84.94848,0.99754,0.09832,0.00683,0,11.44,24.82
266,0.64,20.86,78.5,0,0,3.04,1409,13.94883,84.94848,0.99754,0.09832,0.00683,0,11.44,24.82
267,0.64,20.86,78.5,0,0,2.9,1475,13.94883,84.94848,0.99754,0.09832,0.00683,0,11.44,24.82
268,0.64,20.86,78.5,0,0,10.03,1081.3,13.94883,84.94848,0.99754,0.09832,0.00683,0,11.44,24.82
269,0.64,20.86,78.5,0,0,9.57,1128.9,13.94883,84.94848,0.99754,0.09832,0.00683,0,11.44,24.82
270,0.64,20.86,78.5,0,0,9.85,1192.5,13.94883,84.94848,0.99754,0.09832,0.00683,0,11.44,24.82
271,0.64,20.86,78.5,0,0,10.35,1248.8,13.94883,84.94848,0.99754,0.09832,0.00683,0,11.44,24.82
272,0.64,20.86,78.5,0,0,10.29,1276.1,13.94883,84.94848,0.99754,0.09832,0.00683,0,11.44,24.82
273,0.64,20.86,78.5,0,0,10.43,1324.4,13.94883,84.94848,0.99754,0.09832,0.00683,0,11.44,24.82
274,0.64,20.86,78.5,0,0,9.7,1380.2,13.94883,84.94848,0.99754,0.09832,0.00683,0,11.44,24.82
275,0.64,20.86,78.5,0,0,9.84,1439.1,13.94883,84.94848,0.99754,0.09832,0.00683,0,11.44,24.82
276,1.27,20.73,78,0,0,3.02,1173,13.94883,84.94848,0.99754,0.09832,0.00683,0,11.44,24.82
277,1.27,20.73,78,0,0,2.94,1189.2,13.94883,84.94848,0.99754,0.09832,0.00683,0,11.44,24.82
278,1.27,20.73,78,0,0,3.02,1224,13.94883,84.94848,0.99754,0.09832,0.00683,0,11.44,24.82
279,1.27,20.73,78,0,0,2.94,1288.8,13.94883,84.94848,0.99754,0.09832,0.00683,0,11.44,24.82
280,1.27,20.73,78,0,0,3.04,1356.9,13.94883,84.94848,0.99754,0.09832,0.00683,0,11.44,24.82
281,1.27,20.73,78,0,0,3.04,1408.3,13.94883,84.94848,0.99754,0.09832,0.00683,0,11.44,24.82
282,1.27,20.73,78,0,0,3,1499.8,13.94883,84.94848,0.99754,0.09832,0.00683,0,11.44,24.82
283,1.27,20.73,78,0,0,9.91,1096.4,13.94883,84.94848,0.99754,0.09832,0.00683,0,11.44,24.82
284,1.27,20.73,78,0,0,9.93,1146.8,13.94883,84.94848,0.99754,0.09832,0.00683,0,11.44,24.82
285,1.27,20.73,78,0,0,9.86,1192.8,13.94883,84.94848,0.99754,0.09832,0.00683,0,11.44,24.82
286,1.27,20.73,78,0,0,9.98,1248.9,13.94883,84.94848,0.99754,0.09832,0.00683,0,11.44,24.82
287,1.27,20.73,78,0,0,9.99,1299.2,13.94883,84.94848,0.99754,0.09832,0.00683,0,11.44,24.82
288,1.27,20.73,78,0,0,10.2,1361.5,13.94883,84.94848,0.99754,0.09832,0.00683,0,11.44,24.82
289,1.27,20.73,78,0,0,10.06,1423.7,13.94883,84.94848,0.99754,0.09832,0.00683,0,11.44,24.82
290,2.5,20.48,77.02,0,0,2.96,1143.8,13.94883,84.94848,0.99754,0.09832,0.00683,0,11.44,24.82
291,2.5,20.48,77.02,0,0,2.91,1186.2,13.94883,84.94848,0.99754,0.09832,0.00683,0,11.44,24.82
292,2.5,20.48,77.02,0,0,3.04,1257,13.94883,84.94848,0.99754,0.09832,0.00683,0,11.44,24.82
293,2.5,20.48,77.02,0,0,2.96,1313.4,13.94883,84.94848,0.99754,0.09832,0.00683,0,11.44,24.82
294,2.5,20.48,77.02,0,0,2.93,1365.5,13.94883,84.94848,0.99754,0.09832,0.00683,0,11.44,24.82
295,2.5,20.48,77.02,0,0,2.88,1414.1,13.94883,84.94848,0.99754,0.09832,0.00683,0,11.44,24.82
296,2.5,20.48,77.02,0,0,2.97,1494.4,13.94883,84.94848,0.99754,0.09832,0.00683,0,11.44,24.82
297,2.5,20.48,77.02,0,0,9.89,1045.8,13.94883,84.94848,0.99754,0.09832,0.00683,0,11.44,24.82
298,2.5,20.48,77.02,0,0,10.08,1103.4,13.94883,84.94848,0.99754,0.09832,0.00683,0,11.44,24.82
299,2.5,20.48,77.02,0,0,10.07,1173.3,13.94883,84.94848,0.99754,0.09832,0.00683,0,11.44,24.82
300,2.5,20.48,77.02,0,0,10.19,1224.4,13.94883,84.94848,0.99754,0.09832,0.00683,0,11.44,24.82
301,2.5,20.48,77.02,0,0,9.98,1268.7,13.94883,84.94848,0.99754,0.09832,0.00683,0,11.44,24.82
302,2.5,20.48,77.02,0,0,10.44,1323.9,13.94883,84.94848,0.99754,0.09832,0.00683,0,11.44,24.82
303,2.5,20.48,77.02,0,0,10.32,1419,13.94883,84.94848,0.99754,0.09832,0.00683,0,11.44,24.82
304,0.64,20.86,78.5,0,0,10.01,1100.6,20.35322149,45.76681263,15.39099921,3.780174135,11.32820999,3.380582549,11.18,21.29
305,0.64,20.86,78.5,0,0,9.92,1146,20.35322149,45.76681263,15.39099921,3.780174135,11.32820999,3.380582549,11.18,21.29
306,0.64,20.86,78.5,0,0,9.84,1191.6,20.35322149,45.76681263,15.39099921,3.780174135,11.32820999,3.380582549,11.18,21.29
307,0.64,20.86,78.5,0,0,10.18,1269.8,20.35322149,45.76681263,15.39099921,3.780174135,11.32820999,3.380582549,11.18,21.29
308,0.64,20.86,78.5,0,0,10.26,1314.7,20.35322149,45.76681263,15.39099921,3.780174135,11.32820999,3.380582549,11.18,21.29
309,0.64,20.86,78.5,0,0,9.59,1373.2,20.35322149,45.76681263,15.39099921,3.780174135,11.32820999,3.380582549,11.18,21.29
310,0.64,20.86,78.5,0,0,10.49,1431.3,20.35322149,45.76681263,15.39099921,3.780174135,11.32820999,3.380582549,11.18,21.29
311,0.64,20.86,78.5,0,0,10.33,1473,20.35322149,45.76681263,15.39099921,3.780174135,11.32820999,3.380582549,11.18,21.29
312,1.27,20.73,78,0,0,9.91,1076,20.35322149,45.76681263,15.39099921,3.780174135,11.32820999,3.380582549,11.18,21.29
313,1.27,20.73,78,0,0,10.19,1109.3,20.35322149,45.76681263,15.39099921,3.780174135,11.32820999,3.380582549,11.18,21.29
314,1.27,20.73,78,0,0,9.99,1139.6,20.35322149,45.76681263,15.39099921,3.780174135,11.32820999,3.380582549,11.18,21.29
315,1.27,20.73,78,0,0,10.18,1208.8,20.35322149,45.76681263,15.39099921,3.780174135,11.32820999,3.380582549,11.18,21.29
316,1.27,20.73,78,0,0,9.52,1272.5,20.35322149,45.76681263,15.39099921,3.780174135,11.32820999,3.380582549,11.18,21.29
317,1.27,20.73,78,0,0,10.38,1357.2,20.35322149,45.76681263,15.39099921,3.780174135,11.32820999,3.380582549,11.18,21.29
318,1.27,20.73,78,0,0,10.12,1407.4,20.35322149,45.76681263,15.39099921,3.780174135,11.32820999,3.380582549,11.18,21.29
319,2.5,20.48,77.02,0,0,9.7,1087.3,20.35322149,45.76681263,15.39099921,3.780174135,11.32820999,3.380582549,11.18,21.29
320,2.5,20.48,77.02,0,0,9.57,1130.5,20.35322149,45.76681263,15.39099921,3.780174135,11.32820999,3.380582549,11.18,21.29
321,2.5,20.48,77.02,0,0,9.99,1199.8,20.35322149,45.76681263,15.39099921,3.780174135,11.32820999,3.380582549,11.18,21.29
322,2.5,20.48,77.02,0,0,10.14,1257,20.35322149,45.76681263,15.39099921,3.780174135,11.32820999,3.380582549,11.18,21.29
323,2.5,20.48,77.02,0,0,10.27,1335.4,20.35322149,45.76681263,15.39099921,3.780174135,11.32820999,3.380582549,11.18,21.29
324,2.5,20.48,77.02,0,0,9.97,1398.1,20.35322149,45.76681263,15.39099921,3.780174135,11.32820999,3.380582549,11.18,21.29
325,2.5,20.48,77.02,0,0,10.05,1453.3,20.35322149,45.76681263,15.39099921,3.780174135,11.32820999,3.380582549,11.18,21.29
326,0.64,20.87,78.5,0,0,9.97,1098.5,15.16593,82.1971,1.97005,0.60098,0.07964,0,13.52,28.93
327,0.64,20.87,78.5,0,0,10.5,1122.4,15.16593,82.1971,1.97005,0.60098,0.07964,0,13.52,28.93
328,0.64,20.87,78.5,0,0,9.29,1163,15.16593,82.1971,1.97005,0.60098,0.07964,0,13.52,28.93
329,0.64,20.87,78.5,0,0,9.8,1238.8,15.16593,82.1971,1.97005,0.60098,0.07964,0,13.52,28.93
330,0.64,20.87,78.5,0,0,10.18,1360.7,15.16593,82.1971,1.97005,0.60098,0.07964,0,13.52,28.93
331,0.64,20.87,78.5,0,0,9.68,1477.3,15.16593,82.1971,1.97005,0.60098,0.07964,0,13.52,28.93
332,1.27,20.73,78,0,0,9.43,1074.3,15.16593,82.1971,1.97005,0.60098,0.07964,0,13.52,28.93
333,1.27,20.73,78,0,0,10.01,1150.4,15.16593,82.1971,1.97005,0.60098,0.07964,0,13.52,28.93
334,1.27,20.73,78,0,0,10.27,1213.6,15.16593,82.1971,1.97005,0.60098,0.07964,0,13.52,28.93
335,1.27,20.73,78,0,0,9.92,1295.5,15.16593,82.1971,1.97005,0.60098,0.07964,0,13.52,28.93
336,1.27,20.73,78,0,0,10.08,1405.1,15.16593,82.1971,1.97005,0.60098,0.07964,0,13.52,28.93
337,1.27,20.73,78,0,0,9.91,1493.3,15.16593,82.1971,1.97005,0.60098,0.07964,0,13.52,28.93
338,2.5,20.48,77.03,0,0,10.18,1067,15.16593,82.1971,1.97005,0.60098,0.07964,0,13.52,28.93
339,2.5,20.48,77.03,0,0,10.14,1105.7,15.16593,82.1971,1.97005,0.60098,0.07964,0,13.52,28.93
340,2.5,20.48,77.03,0,0,10.12,1205.5,15.16593,82.1971,1.97005,0.60098,0.07964,0,13.52,28.93
341,2.5,20.48,77.03,0,0,10.12,1306.5,15.16593,82.1971,1.97005,0.60098,0.07964,0,13.52,28.93
342,2.5,20.48,77.03,0,0,9.85,1470.2,15.16593,82.1971,1.97005,0.60098,0.07964,0,13.52,28.93
343,0.64,20.87,78.5,0,0,9.71,1086.7,17.83169,67.81749,6.32087,2.44894,4.1087,1.47231,12.78,26.77
344,0.64,20.87,78.5,0,0,9.77,1138.8,17.83169,67.81749,6.32087,2.44894,4.1087,1.47231,12.78,26.77
345,0.64,20.87,78.5,0,0,9.55,1176.8,17.83169,67.81749,6.32087,2.44894,4.1087,1.47231,12.78,26.77
346,0.64,20.87,78.5,0,0,9.7,1233.2,17.83169,67.81749,6.32087,2.44894,4.1087,1.47231,12.78,26.77
347,0.64,20.87,78.5,0,0,9.69,1330.9,17.83169,67.81749,6.32087,2.44894,4.1087,1.47231,12.78,26.77
348,0.64,20.87,78.5,0,0,9.82,1388.7,17.83169,67.81749,6.32087,2.44894,4.1087,1.47231,12.78,26.77
349,0.64,20.87,78.5,0,0,9.74,1432.2,17.83169,67.81749,6.32087,2.44894,4.1087,1.47231,12.78,26.77
350,1.27,20.73,78,0,0,10.41,1066.5,17.83169,67.81749,6.32087,2.44894,4.1087,1.47231,12.78,26.77
351,1.27,20.73,78,0,0,9.72,1112.2,17.83169,67.81749,6.32087,2.44894,4.1087,1.47231,12.78,26.77
352,1.27,20.73,78,0,0,9.74,1187,17.83169,67.81749,6.32087,2.44894,4.1087,1.47231,12.78,26.77
353,1.27,20.73,78,0,0,9.8,1288.6,17.83169,67.81749,6.32087,2.44894,4.1087,1.47231,12.78,26.77
354,1.27,20.73,78,0,0,9.82,1388.8,17.83169,67.81749,6.32087,2.44894,4.1087,1.47231,12.78,26.77
355,2.5,20.48,77.03,0,0,10.27,1060.5,17.83169,67.81749,6.32087,2.44894,4.1087,1.47231,12.78,26.77
356,2.5,20.48,77.03,0,0,10.16,1106.8,17.83169,67.81749,6.32087,2.44894,4.1087,1.47231,12.78,26.77
357,2.5,20.48,77.03,0,0,9.92,1195.9,17.83169,67.81749,6.32087,2.44894,4.1087,1.47231,12.78,26.77
358,2.5,20.48,77.03,0,0,9.93,1256.5,17.83169,67.81749,6.32087,2.44894,4.1087,1.47231,12.78,26.77
359,2.5,20.48,77.03,0,0,10.56,1329.9,17.83169,67.81749,6.32087,2.44894,4.1087,1.47231,12.78,26.77
360,2.5,20.48,77.03,0,0,9.69,1449.5,17.83169,67.81749,6.32087,2.44894,4.1087,1.47231,12.78,26.77
361,0.346,20.94,78.72,0,0,21.1,892,20,29,25,7,16,3,10.17,19.91
362,0.346,20.94,78.72,0,0,20.8,897,20,29,25,7,16,3,10.17,19.91
363,0.346,20.94,78.72,0,0,20.3,920,20,29,25,7,16,3,10.17,19.91
364,0.346,20.94,78.72,0,0,18.9,924,20,29,25,7,16,3,10.17,19.91
365,0.346,20.94,78.72,0,0,19.1,953,20,29,25,7,16,3,10.17,19.91
366,0.346,20.94,78.72,0,0,21.5,979,20,29,25,7,16,3,10.17,19.91
367,0.346,20.94,78.72,0,0,21.3,1016,20,29,25,7,16,3,10.17,19.91
368,0.346,20.94,78.72,0,0,18.7,1041,20,29,25,7,16,3,10.17,19.91
369,0.346,20.94,78.72,0,0,22.3,1055,20,29,25,7,16,3,10.17,19.91
370,0.346,20.94,78.72,0,0,21.1,1080,20,29,25,7,16,3,10.17,19.91
371,0.346,20.94,78.72,0,0,20.4,1092,20,29,25,7,16,3,10.17,19.91
372,0.346,20.94,78.72,0,0,21.9,1127,20,29,25,7,16,3,10.17,19.91
373,0.346,20.94,78.72,0,0,20.7,1133,20,29,25,7,16,3,10.17,19.91
374,0.346,20.94,78.72,0,0,20.9,1179,20,29,25,7,16,3,10.17,19.91
375,0.346,20.94,78.72,0,0,21.1,1230,20,29,25,7,16,3,10.17,19.91
376,0.346,20.94,78.72,0,0,20.4,1259,20,29,25,7,16,3,10.17,19.91
377,0.346,20.94,78.72,0,0,20.5,1305,20,29,25,7,16,3,10.17,19.91
378,0.689,20.86,78.45,0,0,20.6,707,20,29,25,7,16,3,10.17,19.91
379,0.689,20.86,78.45,0,0,20.8,743,20,29,25,7,16,3,10.17,19.91
380,0.689,20.86,78.45,0,0,19.6,785,20,29,25,7,16,3,10.17,19.91
381,0.689,20.86,78.45,0,0,21.4,830,20,29,25,7,16,3,10.17,19.91
382,0.689,20.86,78.45,0,0,21.6,854,20,29,25,7,16,3,10.17,19.91
383,0.689,20.86,78.45,0,0,18.3,879,20,29,25,7,16,3,10.17,19.91
384,0.689,20.86,78.45,0,0,21,930,20,29,25,7,16,3,10.17,19.91
385,0.689,20.86,78.45,0,0,20.1,950,20,29,25,7,16,3,10.17,19.91
386,0.689,20.86,78.45,0,0,18.5,995,20,29,25,7,16,3,10.17,19.91
387,0.689,20.86,78.45,0,0,19.8,1017,20,29,25,7,16,3,10.17,19.91
388,0.689,20.86,78.45,0,0,17.5,1031,20,29,25,7,16,3,10.17,19.91
389,0.689,20.86,78.45,0,0,20.1,1049,20,29,25,7,16,3,10.17,19.91
390,0.689,20.86,78.45,0,0,19,1052,20,29,25,7,16,3,10.17,19.91
391,0.689,20.86,78.45,0,0,20.8,1083,20,29,25,7,16,3,10.17,19.91
392,0.689,20.86,78.45,0,0,20.2,1113,20,29,25,7,16,3,10.17,19.91
393,0.689,20.86,78.45,0,0,20.3,1125,20,29,25,7,16,3,10.17,19.91
394,0.689,20.86,78.45,0,0,21,1160,20,29,25,7,16,3,10.17,19.91
395,0.689,20.86,78.45,0,0,19,1179,20,29,25,7,16,3,10.17,19.91
396,0.689,20.86,78.45,0,0,22.5,1182,20,29,25,7,16,3,10.17,19.91
397,0.689,20.86,78.45,0,0,21.9,1196,20,29,25,7,16,3,10.17,19.91
398,0.689,20.86,78.45,0,0,20.5,1215,20,29,25,7,16,3,10.17,19.91
399,0.689,20.86,78.45,0,0,21.8,1263,20,29,25,7,16,3,10.17,19.91
400,0.689,20.86,78.45,0,0,21.7,1273,20,29,25,7,16,3,10.17,19.91
401,0.689,20.86,78.45,0,0,21.4,1304,20,29,25,7,16,3,10.17,19.91
402,1.368,20.72,77.91,0,0,8,848,20,29,25,7,16,3,10.17,19.91
403,1.368,20.72,77.91,0,0,7.7,866,20,29,25,7,16,3,10.17,19.91
404,1.368,20.72,77.91,0,0,8.3,906,20,29,25,7,16,3,10.17,19.91
405,1.368,20.72,77.91,0,0,8.8,907,20,29,25,7,16,3,10.17,19.91
406,1.368,20.72,77.91,0,0,8.4,949,20,29,25,7,16,3,10.17,19.91
407,1.368,20.72,77.91,0,0,8.4,968,20,29,25,7,16,3,10.17,19.91
408,1.368,20.72,77.91,0,0,8.3,983,20,29,25,7,16,3,10.17,19.91
409,1.368,20.72,77.91,0,0,8.4,1003,20,29,25,7,16,3,10.17,19.91
410,1.368,20.72,77.91,0,0,8.1,1018,20,29,25,7,16,3,10.17,19.91
411,1.368,20.72,77.91,0,0,7.9,1022,20,29,25,7,16,3,10.17,19.91
412,1.368,20.72,77.91,0,0,8.3,1052,20,29,25,7,16,3,10.17,19.91
413,1.368,20.72,77.91,0,0,8,1089,20,29,25,7,16,3,10.17,19.91
414,1.368,20.72,77.91,0,0,7.8,1097,20,29,25,7,16,3,10.17,19.91
415,1.368,20.72,77.91,0,0,6.7,1099,20,29,25,7,16,3,10.17,19.91
416,1.368,20.72,77.91,0,0,6.1,1143,20,29,25,7,16,3,10.17,19.91
417,1.368,20.72,77.91,0,0,7.3,1233,20,29,25,7,16,3,10.17,19.91
418,1.368,20.72,77.91,0,0,8.3,1270,20,29,25,7,16,3,10.17,19.91
419,1.368,20.72,77.91,0,0,8.3,1327,20,29,25,7,16,3,10.17,19.91
420,1.368,20.72,77.91,0,0,8.2,1381,20,29,25,7,16,3,10.17,19.91
421,1.368,20.72,77.91,0,0,12.7,744,20,29,25,7,16,3,10.17,19.91
422,1.368,20.72,77.91,0,0,11.3,754,20,29,25,7,16,3,10.17,19.91
423,1.368,20.72,77.91,0,0,10.7,792,20,29,25,7,16,3,10.17,19.91
424,1.368,20.72,77.91,0,0,11.6,823,20,29,25,7,16,3,10.17,19.91
425,1.368,20.72,77.91,0,0,10.1,866,20,29,25,7,16,3,10.17,19.91
426,1.368,20.72,77.91,0,0,11.5,904,20,29,25,7,16,3,10.17,19.91
427,1.368,20.72,77.91,0,0,10.4,905,20,29,25,7,16,3,10.17,19.91
428,1.368,20.72,77.91,0,0,12,937,20,29,25,7,16,3,10.17,19.91
429,1.368,20.72,77.91,0,0,12,978,20,29,25,7,16,3,10.17,19.91
430,1.368,20.72,77.91,0,0,10.1,987,20,29,25,7,16,3,10.17,19.91
431,1.368,20.72,77.91,0,0,11.6,1021,20,29,25,7,16,3,10.17,19.91
432,1.368,20.72,77.91,0,0,12.1,1032,20,29,25,7,16,3,10.17,19.91
433,1.368,20.72,77.91,0,0,11.5,1046,20,29,25,7,16,3,10.17,19.91
434,1.368,20.72,77.91,0,0,11.2,1077,20,29,25,7,16,3,10.17,19.91
435,1.368,20.72,77.91,0,0,10.6,1136,20,29,25,7,16,3,10.17,19.91
436,1.368,20.72,77.91,0,0,10.3,1154,20,29,25,7,16,3,10.17,19.91
437,1.368,20.72,77.91,0,0,9.6,1210,20,29,25,7,16,3,10.17,19.91
438,1.368,20.72,77.91,0,0,9,1240,20,29,25,7,16,3,10.17,19.91
439,1.368,20.72,77.91,0,0,9,1313,20,29,25,7,16,3,10.17,19.91
440,1.368,20.72,77.91,0,0,20.8,674,20,29,25,7,16,3,10.17,19.91
441,1.368,20.72,77.91,0,0,21.8,680,20,29,25,7,16,3,10.17,19.91
442,1.368,20.72,77.91,0,0,21.3,681,20,29,25,7,16,3,10.17,19.91
443,1.368,20.72,77.91,0,0,23.5,700,20,29,25,7,16,3,10.17,19.91
444,1.368,20.72,77.91,0,0,23.7,703,20,29,25,7,16,3,10.17,19.91
445,1.368,20.72,77.91,0,0,23.4,704,20,29,25,7,16,3,10.17,19.91
446,1.368,20.72,77.91,0,0,24.3,717,20,29,25,7,16,3,10.17,19.91
447,1.368,20.72,77.91,0,0,20,723,20,29,25,7,16,3,10.17,19.91
448,1.368,20.72,77.91,0,0,23.7,737,20,29,25,7,16,3,10.17,19.91
449,1.368,20.72,77.91,0,0,20.9,750,20,29,25,7,16,3,10.17,19.91
450,1.368,20.72,77.91,0,0,20.8,753,20,29,25,7,16,3,10.17,19.91
451,1.368,20.72,77.91,0,0,21.2,755,20,29,25,7,16,3,10.17,19.91
452,1.368,20.72,77.91,0,0,20.5,757,20,29,25,7,16,3,10.17,19.91
453,1.368,20.72,77.91,0,0,23,797,20,29,25,7,16,3,10.17,19.91
454,1.368,20.72,77.91,0,0,24.8,797,20,29,25,7,16,3,10.17,19.91
455,1.368,20.72,77.91,0,0,21.5,802,20,29,25,7,16,3,10.17,19.91
456,1.368,20.72,77.91,0,0,23.2,803,20,29,25,7,16,3,10.17,19.91
457,1.368,20.72,77.91,0,0,22.1,815,20,29,25,7,16,3,10.17,19.91
458,1.368,20.72,77.91,0,0,19.1,820,20,29,25,7,16,3,10.17,19.91
459,1.368,20.72,77.91,0,0,21.2,826,20,29,25,7,16,3,10.17,19.91
460,1.368,20.72,77.91,0,0,21.7,831,20,29,25,7,16,3,10.17,19.91
461,1.368,20.72,77.91,0,0,20.5,836,20,29,25,7,16,3,10.17,19.91
462,1.368,20.72,77.91,0,0,20.9,845,20,29,25,7,16,3,10.17,19.91
463,1.368,20.72,77.91,0,0,21.2,849,20,29,25,7,16,3,10.17,19.91
464,1.368,20.72,77.91,0,0,22.1,849,20,29,25,7,16,3,10.17,19.91
465,1.368,20.72,77.91,0,0,21.8,851,20,29,25,7,16,3,10.17,19.91
466,1.368,20.72,77.91,0,0,22.8,871,20,29,25,7,16,3,10.17,19.91
467,1.368,20.72,77.91,0,0,21.6,882,20,29,25,7,16,3,10.17,19.91
468,1.368,20.72,77.91,0,0,21.5,904,20,29,25,7,16,3,10.17,19.91
469,1.368,20.72,77.91,0,0,20.9,931,20,29,25,7,16,3,10.17,19.91
470,1.368,20.72,77.91,0,0,22.7,940,20,29,25,7,16,3,10.17,19.91
471,1.368,20.72,77.91,0,0,21.1,955,20,29,25,7,16,3,10.17,19.91
472,1.368,20.72,77.91,0,0,21.7,973,20,29,25,7,16,3,10.17,19.91
473,1.368,20.72,77.91,0,0,19.9,984,20,29,25,7,16,3,10.17,19.91
474,1.368,20.72,77.91,0,0,18.9,991,20,29,25,7,16,3,10.17,19.91
475,1.368,20.72,77.91,0,0,19.2,1025,20,29,25,7,16,3,10.17,19.91
476,1.368,20.72,77.91,0,0,16.7,1043,20,29,25,7,16,3,10.17,19.91
477,1.368,20.72,77.91,0,0,21.6,1046,20,29,25,7,16,3,10.17,19.91
478,1.368,20.72,77.91,0,0,21,1050,20,29,25,7,16,3,10.17,19.91
479,1.368,20.72,77.91,0,0,19.3,1072,20,29,25,7,16,3,10.17,19.91
480,1.368,20.72,77.91,0,0,19.1,1083,20,29,25,7,16,3,10.17,19.91
481,1.368,20.72,77.91,0,0,18.4,1092,20,29,25,7,16,3,10.17,19.91
482,1.368,20.72,77.91,0,0,16.9,1100,20,29,25,7,16,3,10.17,19.91
483,1.368,20.72,77.91,0,0,18.2,1106,20,29,25,7,16,3,10.17,19.91
484,1.368,20.72,77.91,0,0,18.1,1109,20,29,25,7,16,3,10.17,19.91
485,1.368,20.72,77.91,0,0,17.7,1117,20,29,25,7,16,3,10.17,19.91
486,1.368,20.72,77.91,0,0,19.2,1126,20,29,25,7,16,3,10.17,19.91
487,1.368,20.72,77.91,0,0,18.7,1138,20,29,25,7,16,3,10.17,19.91
488,1.368,20.72,77.91,0,0,18.1,1143,20,29,25,7,16,3,10.17,19.91
489,1.368,20.72,77.91,0,0,17.2,1145,20,29,25,7,16,3,10.17,19.91
490,1.368,20.72,77.91,0,0,18.1,1177,20,29,25,7,16,3,10.17,19.91
491,1.368,20.72,77.91,0,0,16.3,1187,20,29,25,7,16,3,10.17,19.91
492,1.368,20.72,77.91,0,0,16.5,1197,20,29,25,7,16,3,10.17,19.91
493,1.368,20.72,77.91,0,0,16.8,1222,20,29,25,7,16,3,10.17,19.91
494,1.368,20.72,77.91,0,0,36.6,741,20,29,25,7,16,3,10.17,19.91
495,1.368,20.72,77.91,0,0,40.3,763,20,29,25,7,16,3,10.17,19.91
496,1.368,20.72,77.91,0,0,38.5,812,20,29,25,7,16,3,10.17,19.91
497,1.368,20.72,77.91,0,0,36,832,20,29,25,7,16,3,10.17,19.91
498,1.368,20.72,77.91,0,0,40.1,848,20,29,25,7,16,3,10.17,19.91
499,1.368,20.72,77.91,0,0,36.9,852,20,29,25,7,16,3,10.17,19.91
500,1.368,20.72,77.91,0,0,36.9,854,20,29,25,7,16,3,10.17,19.91
501,1.368,20.72,77.91,0,0,35.7,855,20,29,25,7,16,3,10.17,19.91
502,1.368,20.72,77.91,0,0,39.3,888,20,29,25,7,16,3,10.17,19.91
503,1.368,20.72,77.91,0,0,38.1,896,20,29,25,7,16,3,10.17,19.91
504,1.368,20.72,77.91,0,0,34.5,904,20,29,25,7,16,3,10.17,19.91
505,1.368,20.72,77.91,0,0,39.9,916,20,29,25,7,16,3,10.17,19.91
506,1.368,20.72,77.91,0,0,36.5,945,20,29,25,7,16,3,10.17,19.91
507,1.368,20.72,77.91,0,0,41.1,964,20,29,25,7,16,3,10.17,19.91
508,1.368,20.72,77.91,0,0,40.2,978,20,29,25,7,16,3,10.17,19.91
509,1.368,20.72,77.91,0,0,38.8,1007,20,29,25,7,16,3,10.17,19.91
510,1.368,20.72,77.91,0,0,40.3,1008,20,29,25,7,16,3,10.17,19.91
511,1.368,20.72,77.91,0,0,38.8,1021,20,29,25,7,16,3,10.17,19.91
512,1.368,20.72,77.91,0,0,38.6,1030,20,29,25,7,16,3,10.17,19.91
513,1.368,20.72,77.91,0,0,40.9,1034,20,29,25,7,16,3,10.17,19.91
514,1.368,20.72,77.91,0,0,38.5,1054,20,29,25,7,16,3,10.17,19.91
515,1.368,20.72,77.91,0,0,40.2,1103,20,29,25,7,16,3,10.17,19.91
516,1.368,20.72,77.91,0,0,39.6,1132,20,29,25,7,16,3,10.17,19.91
517,1.368,20.72,77.91,0,0,40.3,1161,20,29,25,7,16,3,10.17,19.91
518,1.368,20.72,77.91,0,0,40.9,1162,20,29,25,7,16,3,10.17,19.91
519,1.368,20.72,77.91,0,0,38.7,1163,20,29,25,7,16,3,10.17,19.91
520,1.368,20.72,77.91,0,0,40.9,1224,20,29,25,7,16,3,10.17,19.91
521,1.368,20.72,77.91,0,0,38.8,1229,20,29,25,7,16,3,10.17,19.91
522,2.038,20.58,77.38,0,0,19.8,662,20,29,25,7,16,3,10.17,19.91
523,2.038,20.58,77.38,0,0,20,670,20,29,25,7,16,3,10.17,19.91
524,2.038,20.58,77.38,0,0,20.1,672,20,29,25,7,16,3,10.17,19.91
525,2.038,20.58,77.38,0,0,21.1,684,20,29,25,7,16,3,10.17,19.91
526,2.038,20.58,77.38,0,0,18.8,701,20,29,25,7,16,3,10.17,19.91
527,2.038,20.58,77.38,0,0,23,706,20,29,25,7,16,3,10.17,19.91
528,2.038,20.58,77.38,0,0,23.5,710,20,29,25,7,16,3,10.17,19.91
529,2.038,20.58,77.38,0,0,19.7,717,20,29,25,7,16,3,10.17,19.91
530,2.038,20.58,77.38,0,0,21.1,724,20,29,25,7,16,3,10.17,19.91
531,2.038,20.58,77.38,0,0,18.7,743,20,29,25,7,16,3,10.17,19.91
532,2.038,20.58,77.38,0,0,19.6,759,20,29,25,7,16,3,10.17,19.91
533,2.038,20.58,77.38,0,0,20.6,774,20,29,25,7,16,3,10.17,19.91
534,2.038,20.58,77.38,0,0,21,810,20,29,25,7,16,3,10.17,19.91
535,2.038,20.58,77.38,0,0,18.4,813,20,29,25,7,16,3,10.17,19.91
536,2.038,20.58,77.38,0,0,19.6,832,20,29,25,7,16,3,10.17,19.91
537,2.038,20.58,77.38,0,0,19.1,837,20,29,25,7,16,3,10.17,19.91
538,2.038,20.58,77.38,0,0,19.2,854,20,29,25,7,16,3,10.17,19.91
539,2.038,20.58,77.38,0,0,22.2,880,20,29,25,7,16,3,10.17,19.91
540,2.038,20.58,77.38,0,0,23.4,894,20,29,25,7,16,3,10.17,19.91
541,2.038,20.58,77.38,0,0,20.4,901,20,29,25,7,16,3,10.17,19.91
542,2.038,20.58,77.38,0,0,20.5,910,20,29,25,7,16,3,10.17,19.91
543,2.038,20.58,77.38,0,0,20.2,972,20,29,25,7,16,3,10.17,19.91
544,2.038,20.58,77.38,0,0,23.2,989,20,29,25,7,16,3,10.17,19.91
545,2.038,20.58,77.38,0,0,18.9,1004,20,29,25,7,16,3,10.17,19.91
546,2.038,20.58,77.38,0,0,21.2,1014,20,29,25,7,16,3,10.17,19.91
547,2.038,20.58,77.38,0,0,21.7,1014,20,29,25,7,16,3,10.17,19.91
548,2.038,20.58,77.38,0,0,20.9,1020,20,29,25,7,16,3,10.17,19.91
549,2.038,20.58,77.38,0,0,20.4,1021,20,29,25,7,16,3,10.17,19.91
550,2.038,20.58,77.38,0,0,22.4,1049,20,29,25,7,16,3,10.17,19.91
551,2.038,20.58,77.38,0,0,21.9,1075,20,29,25,7,16,3,10.17,19.91
552,2.038,20.58,77.38,0,0,22.3,1088,20,29,25,7,16,3,10.17,19.91
553,2.038,20.58,77.38,0,0,21.9,1101,20,29,25,7,16,3,10.17,19.91
554,2.038,20.58,77.38,0,0,23.4,1121,20,29,25,7,16,3,10.17,19.91
555,2.038,20.58,77.38,0,0,20.5,1142,20,29,25,7,16,3,10.17,19.91
556,2.038,20.58,77.38,0,0,18.9,1132,20,29,25,7,16,3,10.17,19.91
557,2.038,20.58,77.38,0,0,20.3,1157,20,29,25,7,16,3,10.17,19.91
558,2.038,20.58,77.38,0,0,19.9,1160,20,29,25,7,16,3,10.17,19.91
559,2.038,20.58,77.38,0,0,21.1,1185,20,29,25,7,16,3,10.17,19.91
560,1.171,20.76,78.07,0,0,20.2,673,18,82,0,0,0,0,11.51,24.9
561,1.171,20.76,78.07,0,0,22.5,700,18,82,0,0,0,0,11.51,24.9
562,1.171,20.76,78.07,0,0,20.6,717,18,82,0,0,0,0,11.51,24.9
563,1.171,20.76,78.07,0,0,20.1,732,18,82,0,0,0,0,11.51,24.9
564,1.171,20.76,78.07,0,0,19.6,759,18,82,0,0,0,0,11.51,24.9
565,1.171,20.76,78.07,0,0,20.3,804,18,82,0,0,0,0,11.51,24.9
566,1.171,20.76,78.07,0,0,20,832,18,82,0,0,0,0,11.51,24.9
567,1.171,20.76,78.07,0,0,19.8,857,18,82,0,0,0,0,11.51,24.9
568,1.171,20.76,78.07,0,0,18.7,870,18,82,0,0,0,0,11.51,24.9
569,1.171,20.76,78.07,0,0,18.7,926,18,82,0,0,0,0,11.51,24.9
570,1.171,20.76,78.07,0,0,20.9,942,18,82,0,0,0,0,11.51,24.9
571,1.171,20.76,78.07,0,0,20.1,956,18,82,0,0,0,0,11.51,24.9
572,1.171,20.76,78.07,0,0,19.6,1016,18,82,0,0,0,0,11.51,24.9
573,1.171,20.76,78.07,0,0,24,1044,18,82,0,0,0,0,11.51,24.9
574,1.171,20.76,78.07,0,0,20.8,1046,18,82,0,0,0,0,11.51,24.9
575,1.171,20.76,78.07,0,0,20,1066,18,82,0,0,0,0,11.51,24.9
576,1.171,20.76,78.07,0,0,19,1086,18,82,0,0,0,0,11.51,24.9
577,1.171,20.76,78.07,0,0,20.3,1119,18,82,0,0,0,0,11.51,24.9
578,1.171,20.76,78.07,0,0,19.8,1142,18,82,0,0,0,0,11.51,24.9
579,1.171,20.76,78.07,0,0,19.8,1179,18,82,0,0,0,0,11.51,24.9
580,1.171,20.76,78.07,0,0,20,1180,18,82,0,0,0,0,11.51,24.9
581,1.171,20.76,78.07,0,0,20.8,1260,18,82,0,0,0,0,11.51,24.9
582,1.286,20.74,77.97,0,0,19.2,651,57,42,1,0,0,0,10.4,22.88
583,1.286,20.74,77.97,0,0,19.8,689,57,42,1,0,0,0,10.4,22.88
584,1.286,20.74,77.97,0,0,18.5,715,57,42,1,0,0,0,10.4,22.88
585,1.286,20.74,77.97,0,0,20.6,733,57,42,1,0,0,0,10.4,22.88
586,1.286,20.74,77.97,0,0,18,808,57,42,1,0,0,0,10.4,22.88
587,1.286,20.74,77.97,0,0,21.4,811,57,42,1,0,0,0,10.4,22.88
588,1.286,20.74,77.97,0,0,21,880,57,42,1,0,0,0,10.4,22.88
589,1.286,20.74,77.97,0,0,20.2,904,57,42,1,0,0,0,10.4,22.88
590,1.286,20.74,77.97,0,0,22.5,942,57,42,1,0,0,0,10.4,22.88
591,1.286,20.74,77.97,0,0,21.8,1003,57,42,1,0,0,0,10.4,22.88
592,1.286,20.74,77.97,0,0,21.4,1072,57,42,1,0,0,0,10.4,22.88
593,1.286,20.74,77.97,0,0,22.3,1097,57,42,1,0,0,0,10.4,22.88
594,1.286,20.74,77.97,0,0,19.2,1112,57,42,1,0,0,0,10.4,22.88
595,1.286,20.74,77.97,0,0,19,1212,57,42,1,0,0,0,10.4,22.88
596,1.286,20.74,77.97,0,0,19.9,1290,57,42,1,0,0,0,10.4,22.88
597,1.258,20.74,78,0,0,21.5,681,5.5,77,15,1.6,0.9,0,10.85,23.57
598,1.258,20.74,78,0,0,20.4,687,5.5,77,15,1.6,0.9,0,10.85,23.57
599,1.258,20.74,78,0,0,20.4,734,5.5,77,15,1.6,0.9,0,10.85,23.57
600,1.258,20.74,78,0,0,20.6,805,5.5,77,15,1.6,0.9,0,10.85,23.57
601,1.258,20.74,78,0,0,20,869,5.5,77,15,1.6,0.9,0,10.85,23.57
602,1.258,20.74,78,0,0,20.2,914,5.5,77,15,1.6,0.9,0,10.85,23.57
603,1.258,20.74,78,0,0,20.2,977,5.5,77,15,1.6,0.9,0,10.85,23.57
604,1.258,20.74,78,0,0,20,989,5.5,77,15,1.6,0.9,0,10.85,23.57
605,1.258,20.74,78,0,0,20.4,1033,5.5,77,15,1.6,0.9,0,10.85,23.57
606,1.258,20.74,78,0,0,21.5,1080,5.5,77,15,1.6,0.9,0,10.85,23.57
607,1.258,20.74,78,0,0,20.3,1151,5.5,77,15,1.6,0.9,0,10.85,23.57
608,1.258,20.74,78,0,0,20.5,1213,5.5,77,15,1.6,0.9,0,10.85,23.57
609,1.258,20.74,78,0,0,20.8,1252,5.5,77,15,1.6,0.9,0,10.85,23.57
610,1.258,20.74,78,0,0,21.9,1323,5.5,77,15,1.6,0.9,0,10.85,23.57
611,0.59,20.88,78.53,0,0,10.88,921.5,25.1,42.7,10.7,7.1,14.4,0,11.82,23.2
612,0.59,20.88,78.53,0,0,10.88,968.9,25.1,42.7,10.7,7.1,14.4,0,11.82,23.2
613,0.59,20.88,78.53,0,0,10.88,1017.8,25.1,42.7,10.7,7.1,14.4,0,11.82,23.2
614,0.59,20.88,78.53,0,0,10.88,1084.6,25.1,42.7,10.7,7.1,14.4,0,11.82,23.2
615,0.59,20.88,78.53,0,0,10.88,1147.6,25.1,42.7,10.7,7.1,14.4,0,11.82,23.2
616,0.59,20.88,78.53,0,0,10.88,1237.2,25.1,42.7,10.7,7.1,14.4,0,11.82,23.2
617,0.59,20.88,78.53,0,0,10.88,1301.4,25.1,42.7,10.7,7.1,14.4,0,11.82,23.2
618,0.59,20.88,78.53,0,0,10.88,785.2,25.1,42.7,10.7,7.1,14.4,0,11.82,23.2
619,0.59,20.88,78.53,0,0,10.88,844.1,25.1,42.7,10.7,7.1,14.4,0,11.82,23.2
620,0.59,20.88,78.53,0,0,10.88,881.9,25.1,42.7,10.7,7.1,14.4,0,11.82,23.2
621,0.59,20.88,78.53,0,0,10.88,933,25.1,42.7,10.7,7.1,14.4,0,11.82,23.2
622,0.59,20.88,78.53,0,0,10.88,952.6,25.1,42.7,10.7,7.1,14.4,0,11.82,23.2
623,0.59,20.88,78.53,0,0,10.88,1161.7,25.1,42.7,10.7,7.1,14.4,0,11.82,23.2
624,0.59,20.88,78.53,0,0,10.88,965.6,25.1,42.7,10.7,7.1,14.4,0,11.82,23.2
625,0.59,20.88,78.53,0,0,10.88,999.8,25.1,42.7,10.7,7.1,14.4,0,11.82,23.2
626,0.59,20.88,78.53,0,0,10.88,1066.1,25.1,42.7,10.7,7.1,14.4,0,11.82,23.2
627,0.59,20.88,78.53,0,0,10.88,1233.8,25.1,42.7,10.7,7.1,14.4,0,11.82,23.2
628,1.18,20.75,78.07,0,0,10.88,773.2,25.1,42.7,10.7,7.1,14.4,0,11.82,23.2
629,1.18,20.75,78.07,0,0,10.88,829,25.1,42.7,10.7,7.1,14.4,0,11.82,23.2
630,1.18,20.75,78.07,0,0,10.88,891.7,25.1,42.7,10.7,7.1,14.4,0,11.82,23.2
631,1.18,20.75,78.07,0,0,10.88,952.1,25.1,42.7,10.7,7.1,14.4,0,11.82,23.2
632,1.18,20.75,78.07,0,0,10.88,996.1,25.1,42.7,10.7,7.1,14.4,0,11.82,23.2
633,1.18,20.75,78.07,0,0,10.88,1047.1,25.1,42.7,10.7,7.1,14.4,0,11.82,23.2
634,1.18,20.75,78.07,0,0,10.88,1102,25.1,42.7,10.7,7.1,14.4,0,11.82,23.2
635,1.18,20.75,78.07,0,0,10.88,1141.7,25.1,42.7,10.7,7.1,14.4,0,11.82,23.2
636,1.18,20.75,78.07,0,0,10.88,1226.5,25.1,42.7,10.7,7.1,14.4,0,11.82,23.2
637,1.76,20.63,77.61,0,0,10.88,795.9,25.1,42.7,10.7,7.1,14.4,0,11.82,23.2
638,1.76,20.63,77.61,0,0,10.88,749.4,25.1,42.7,10.7,7.1,14.4,0,11.82,23.2
639,1.76,20.63,77.61,0,0,10.88,832.7,25.1,42.7,10.7,7.1,14.4,0,11.82,23.2
640,1.76,20.63,77.61,0,0,10.88,883.7,25.1,42.7,10.7,7.1,14.4,0,11.82,23.2
641,1.76,20.63,77.61,0,0,10.88,960.8,25.1,42.7,10.7,7.1,14.4,0,11.82,23.2
642,1.76,20.63,77.61,0,0,10.88,962.7,25.1,42.7,10.7,7.1,14.4,0,11.82,23.2
643,1.76,20.63,77.61,0,0,10.88,1034.9,25.1,42.7,10.7,7.1,14.4,0,11.82,23.2
644,1.76,20.63,77.61,0,0,10.88,1109.6,25.1,42.7,10.7,7.1,14.4,0,11.82,23.2
645,1.76,20.63,77.61,0,0,10.88,1225.8,25.1,42.7,10.7,7.1,14.4,0,11.82,23.2
646,0.59,10.44,88.97,0,0,10.88,817,25.1,42.7,10.7,7.1,14.4,0,11.82,23.2
647,0.59,10.44,88.97,0,0,10.88,864.4,25.1,42.7,10.7,7.1,14.4,0,11.82,23.2
648,0.59,10.44,88.97,0,0,10.88,904.5,25.1,42.7,10.7,7.1,14.4,0,11.82,23.2
649,0.59,10.44,88.97,0,0,10.88,922.1,25.1,42.7,10.7,7.1,14.4,0,11.82,23.2
650,0.59,10.44,88.97,0,0,10.88,1157,25.1,42.7,10.7,7.1,14.4,0,11.82,23.2
651,0.59,10.44,88.97,0,0,10.88,958.6,25.1,42.7,10.7,7.1,14.4,0,11.82,23.2
652,0.59,10.44,88.97,0,0,10.88,1044.6,25.1,42.7,10.7,7.1,14.4,0,11.82,23.2
653,0.59,10.44,88.97,0,0,10.88,1295.3,25.1,42.7,10.7,7.1,14.4,0,11.82,23.2
654,0.59,10.44,88.97,0,0,10.88,901.8,25.1,42.7,10.7,7.1,14.4,0,11.82,23.2
655,0.59,10.44,88.97,0,0,10.88,908.8,25.1,42.7,10.7,7.1,14.4,0,11.82,23.2
656,0.59,10.44,88.97,0,0,10.88,947.6,25.1,42.7,10.7,7.1,14.4,0,11.82,23.2
657,0.59,10.44,88.97,0,0,10.88,1008.5,25.1,42.7,10.7,7.1,14.4,0,11.82,23.2
658,0.59,10.44,88.97,0,0,10.88,1099.5,25.1,42.7,10.7,7.1,14.4,0,11.82,23.2
659,0.59,10.44,88.97,0,0,10.88,1185.7,25.1,42.7,10.7,7.1,14.4,0,11.82,23.2
660,0.59,10.44,88.97,0,0,10.88,1302,25.1,42.7,10.7,7.1,14.4,0,11.82,23.2
661,0.59,10.44,88.97,0,0,10.88,1397.4,25.1,42.7,10.7,7.1,14.4,0,11.82,23.2
662,0.59,10.44,88.97,0,0,10.88,958.6,25.1,42.7,10.7,7.1,14.4,0,11.82,23.2
663,0.59,10.44,88.97,0,0,10.88,907,25.1,42.7,10.7,7.1,14.4,0,11.82,23.2
664,0.59,10.44,88.97,0,0,10.88,1004.5,25.1,42.7,10.7,7.1,14.4,0,11.82,23.2
665,0.59,10.44,88.97,0,0,10.88,1059.8,25.1,42.7,10.7,7.1,14.4,0,11.82,23.2
666,0.59,10.44,88.97,0,0,10.88,1118.9,25.1,42.7,10.7,7.1,14.4,0,11.82,23.2
667,0.59,10.44,88.97,0,0,10.88,1211.9,25.1,42.7,10.7,7.1,14.4,0,11.82,23.2
668,0.59,10.44,88.97,0,0,10.88,1335.3,25.1,42.7,10.7,7.1,14.4,0,11.82,23.2
669,0.59,10.44,88.97,0,0,10.88,1437.1,25.1,42.7,10.7,7.1,14.4,0,11.82,23.2
670,0.59,6.96,92.45,0,0,10.88,900.7,25.1,42.7,10.7,7.1,14.4,0,11.82,23.2
671,0.59,6.96,92.45,0,0,10.88,939.4,25.1,42.7,10.7,7.1,14.4,0,11.82,23.2
672,0.59,6.96,92.45,0,0,10.88,1030.8,25.1,42.7,10.7,7.1,14.4,0,11.82,23.2
673,0.59,6.96,92.45,0,0,10.88,979,25.1,42.7,10.7,7.1,14.4,0,11.82,23.2
674,0.59,6.96,92.45,0,0,10.88,1129.6,25.1,42.7,10.7,7.1,14.4,0,11.82,23.2
675,0.59,6.96,92.45,0,0,10.88,1065.3,25.1,42.7,10.7,7.1,14.4,0,11.82,23.2
676,0.59,6.96,92.45,0,0,10.88,1272.7,25.1,42.7,10.7,7.1,14.4,0,11.82,23.2
677,0.59,6.96,92.45,0,0,10.88,1191.8,25.1,42.7,10.7,7.1,14.4,0,11.82,23.2
678,0.59,6.96,92.45,0,0,10.88,1039,25.1,42.7,10.7,7.1,14.4,0,11.82,23.2
679,0.59,6.96,92.45,0,0,10.88,1103.6,25.1,42.7,10.7,7.1,14.4,0,11.82,23.2
680,0.59,6.96,92.45,0,0,10.88,1174.3,25.1,42.7,10.7,7.1,14.4,0,11.82,23.2
681,0.59,6.96,92.45,0,0,10.88,1280.4,25.1,42.7,10.7,7.1,14.4,0,11.82,23.2
682,0.59,6.96,92.45,0,0,10.88,1372.3,25.1,42.7,10.7,7.1,14.4,0,11.82,23.2
683,0.59,6.96,92.45,0,0,10.88,1058,25.1,42.7,10.7,7.1,14.4,0,11.82,23.2
684,0.59,6.96,92.45,0,0,10.88,1122.3,25.1,42.7,10.7,7.1,14.4,0,11.82,23.2
685,0.59,6.96,92.45,0,0,10.88,1197.7,25.1,42.7,10.7,7.1,14.4,0,11.82,23.2
686,0.59,6.96,92.45,0,0,10.88,1256.5,25.1,42.7,10.7,7.1,14.4,0,11.82,23.2
687,0.59,6.96,92.45,0,0,10.88,1251.7,25.1,42.7,10.7,7.1,14.4,0,11.82,23.2
688,0.59,6.96,92.45,0,0,10.88,1329.9,25.1,42.7,10.7,7.1,14.4,0,11.82,23.2
689,0.39,20.93,78.68,0,0,14.1,1169,20,29,25,7,16,3,11,21
690,0.39,20.93,78.68,0,0,15.2,1105.4,20,29,25,7,16,3,11,21
691,0.39,20.93,78.68,0,0,16.3,1034.3,20,29,25,7,16,3,11,21
692,0.39,20.93,78.68,0,0,29.6,1195.6,20,29,25,7,16,3,11,21
693,0.39,20.93,78.68,0,0,28.9,1171.8,20,29,25,7,16,3,11,21
694,0.39,20.93,78.68,0,0,27.5,1061.5,20,29,25,7,16,3,11,21
695,0.39,20.93,78.68,0,0,25.9,1036.8,20,29,25,7,16,3,11,21
696,0.39,20.93,78.68,0,0,28.1,974.5,20,29,25,7,16,3,11,21
697,0.39,20.93,78.68,0,0,24.8,928.5,20,29,25,7,16,3,11,21
698,0.39,20.93,78.68,0,0,27.7,874.9,20,29,25,7,16,3,11,21
699,0.39,20.93,78.68,0,0,30.4,854.6,20,29,25,7,16,3,11,21
700,0.39,20.93,78.68,0,0,25.5,848.4,20,29,25,7,16,3,11,21
701,0.39,20.93,78.68,0,0,31.5,814.8,20,29,25,7,16,3,11,21
702,1.28,20.74,77.98,0,0,16.8,1235.7,20,29,25,7,16,3,11,21
703,1.28,20.74,77.98,0,0,14.9,1174.3,20,29,25,7,16,3,11,21
704,1.28,20.74,77.98,0,0,16.1,1110.6,20,29,25,7,16,3,11,21
705,1.28,20.74,77.98,0,0,15.7,998.1,20,29,25,7,16,3,11,21
706,1.28,20.74,77.98,0,0,14.7,876.9,20,29,25,7,16,3,11,21
707,1.28,20.74,77.98,0,0,15.3,838.4,20,29,25,7,16,3,11,21
708,1.28,20.74,77.98,0,0,13.1,750,20,29,25,7,16,3,11,21
709,1.28,20.74,77.98,0,0,14.9,734.3,20,29,25,7,16,3,11,21
710,1.28,20.74,77.98,0,0,16.3,704.3,20,29,25,7,16,3,11,21
711,1.28,20.74,77.98,0,0,16.2,702.1,20,29,25,7,16,3,11,21
712,1.28,20.74,77.98,0,0,31,1194.5,20,29,25,7,16,3,11,21
713,1.28,20.74,77.98,0,0,30.5,1087.2,20,29,25,7,16,3,11,21
714,1.28,20.74,77.98,0,0,30.5,998,20,29,25,7,16,3,11,21
715,1.28,20.74,77.98,0,0,29.4,925.7,20,29,25,7,16,3,11,21
716,1.28,20.74,77.98,0,0,29,872.6,20,29,25,7,16,3,11,21
717,1.276,20.74,77.984,0,0,23.3,874,20,29,25,7,16,3,10.17,19.91
718,1.276,20.74,77.984,0,0,25.1,880,20,29,25,7,16,3,10.17,19.91
719,1.276,20.74,77.984,0,0,31.4,934,20,29,25,7,16,3,10.17,19.91
720,1.276,20.74,77.984,0,0,24,952,20,29,25,7,16,3,10.17,19.91
721,1.276,20.74,77.984,0,0,22.5,958,20,29,25,7,16,3,10.17,19.91
722,1.276,20.74,77.984,0,0,21.7,963,20,29,25,7,16,3,10.17,19.91
723,1.276,20.74,77.984,0,0,32.5,974,20,29,25,7,16,3,10.17,19.91
724,1.276,20.74,77.984,0,0,21.3,987,20,29,25,7,16,3,10.17,19.91
725,1.276,20.74,77.984,0,0,32.1,997,20,29,25,7,16,3,10.17,19.91
726,1.276,20.74,77.984,0,0,36.1,1022,20,29,25,7,16,3,10.17,19.91
727,1.276,20.74,77.984,0,0,21.9,1035,20,29,25,7,16,3,10.17,19.91
728,1.276,20.74,77.984,0,0,22,1042,20,29,25,7,16,3,10.17,19.91
729,1.276,20.74,77.984,0,0,28.3,1073,20,29,25,7,16,3,10.17,19.91
730,1.276,20.74,77.984,0,0,24.8,1130,20,29,25,7,16,3,10.17,19.91
731,1.276,20.74,77.984,0,0,29.4,1145,20,29,25,7,16,3,10.17,19.91
732,1.276,20.74,77.984,0,0,27,1192,20,29,25,7,16,3,10.17,19.91
733,1.276,20.74,77.984,0,0,29.2,1220,20,29,25,7,16,3,10.17,19.91
734,1.276,20.74,77.984,0,0,49.3,961,20,29,25,7,16,3,10.17,19.91
735,1.276,20.74,77.984,0,0,50.9,1009,20,29,25,7,16,3,10.17,19.91
736,1.276,20.74,77.984,0,0,50.5,1090,20,29,25,7,16,3,10.17,19.91
737,1.276,20.74,77.984,0,0,47.8,1124,20,29,25,7,16,3,10.17,19.91
738,0.615,10,89.385,0,0,18.9,1025,20,29,25,7,16,3,10.17,19.91
739,0.615,10,89.385,0,0,17.5,1057,20,29,25,7,16,3,10.17,19.91
740,0.615,10,89.385,0,0,19.7,1067,20,29,25,7,16,3,10.17,19.91
741,0.615,10,89.385,0,0,17.7,1072,20,29,25,7,16,3,10.17,19.91
742,0.615,10,89.385,0,0,18.3,1081,20,29,25,7,16,3,10.17,19.91
743,0.615,10,89.385,0,0,20.2,1092,20,29,25,7,16,3,10.17,19.91
744,0.615,10,89.385,0,0,17.7,1111,20,29,25,7,16,3,10.17,19.91
745,0.615,10,89.385,0,0,17.3,1124,20,29,25,7,16,3,10.17,19.91
746,0.615,10,89.385,0,0,17.7,1127,20,29,25,7,16,3,10.17,19.91
747,1.276,20.74,77.984,0,0,21.7,715,20,29,25,7,16,3,10.17,19.91
748,1.276,20.74,77.984,0,0,21.8,753,20,29,25,7,16,3,10.17,19.91
749,1.276,20.74,77.984,0,0,21.5,763,20,29,25,7,16,3,10.17,19.91
750,1.276,20.74,77.984,0,0,19.4,774,20,29,25,7,16,3,10.17,19.91
751,1.276,20.74,77.984,0,0,21.1,785,20,29,25,7,16,3,10.17,19.91
752,1.276,20.74,77.984,0,0,19.7,786,20,29,25,7,16,3,10.17,19.91
753,1.276,20.74,77.984,0,0,20.8,808,20,29,25,7,16,3,10.17,19.91
754,0.642,20.87,78.488,0,0,19.6,970,20,29,25,7,16,3,10.17,19.91
755,0.642,20.87,78.488,0,0,21,1032,20,29,25,7,16,3,10.17,19.91
756,0.642,20.87,78.488,0,0,19.9,1039,20,29,25,7,16,3,10.17,19.91
757,0.642,20.87,78.488,0,0,19.9,1081,20,29,25,7,16,3,10.17,19.91
758,0.642,20.87,78.488,0,0,22.2,1081,20,29,25,7,16,3,10.17,19.91
759,0.642,20.87,78.488,0,0,22.1,1187,20,29,25,7,16,3,10.17,19.91
760,1.276,20.74,77.984,0,0,26.4,1000,20,29,25,7,16,3,10.17,19.91
761,1.276,20.74,77.984,0,0,26.2,1100,20,29,25,7,16,3,10.17,19.91
762,1.276,20.74,77.984,0,0,25.5,1137,20,29,25,7,16,3,10.17,19.91
763,1.276,20.74,77.984,0,0,21.8,1145,20,29,25,7,16,3,10.17,19.91
764,1.276,20.74,77.984,0,0,26.1,1172,20,29,25,7,16,3,10.17,19.91
765,1.276,20.74,77.984,0,0,21.9,1187,20,29,25,7,16,3,10.17,19.91
766,1.276,20.74,77.984,0,0,22.2,1194,20,29,25,7,16,3,10.17,19.91
767,1.276,20.74,77.984,0,0,23.7,1229,20,29,25,7,16,3,10.17,19.91
768,1.1282,21,77.8718,0,0,2.69,1290,0,99.6,0,0,0,0.4,12.2,26.4
769,1.117,21,77.883,0,0,3.08,1232,0,99.6,0,0,0,0.4,12.2,26.4
770,1.1058,21,77.8942,0,0,2.99,1147,0,99.6,0,0,0,0.4,12.2,26.4
771,1.1058,21,77.8942,0,0,3.09,1210,0,99.6,0,0,0,0.4,12.2,26.4
772,1.0723,21,77.9277,0,0,2.52,1331,0,99.6,0,0,0,0.4,12.2,26.4
773,1.1952,21,77.8048,0,0,3.23,1221,0,99.6,0,0,0,0.4,12.2,26.4
774,1.0947,21,77.9053,0,0,6.64,1363,0,99.6,0,0,0,0.4,12.2,26.4
775,1.1393,21,77.8607,0,0,6.08,1244,0,99.6,0,0,0,0.4,12.2,26.4
776,1.1729,21,77.8272,0,0,6.81,1364,0,99.6,0,0,0,0.4,12.2,26.4
777,1.1282,21,77.8718,0,0,6.26,1168,0,99.6,0,0,0,0.4,12.2,26.4
778,1.1952,21,77.8048,0,0,7.39,1168,0,99.6,0,0,0,0.4,12.2,26.4
779,1.2399,21,77.7601,0,0,7.69,1127,0,99.6,0,0,0,0.4,12.2,26.4
780,1.2846,21,77.7155,0,0,8.27,1070,0,99.6,0,0,0,0.4,12.2,26.4
781,1.3627,21,77.6373,0,0,7.34,1217,0,99.6,0,0,0,0.4,12.2,26.4
782,1.0723,21,77.9277,0,0,8.15,1069,0,99.6,0,0,0,0.4,12.2,26.4
783,1.117,21,77.883,0,0,8.07,1070,0,99.6,0,0,0,0.4,12.2,26.4
784,0.5027,21,78.4974,0,0,6.59,1278,0,99.6,0,0,0,0.4,12.2,26.4
785,0.5585,21,78.4415,0,0,7.37,1173,0,99.6,0,0,0,0.4,12.2,26.4
786,0.6032,21,78.3968,0,0,7.74,1126,0,99.6,0,0,0,0.4,12.2,26.4
787,0.6367,21,78.3633,0,0,8.19,1053,0,99.6,0,0,0,0.4,12.2,26.4
788,2.4462,21,76.5538,0,0,8.2,1070,0,99.6,0,0,0,0.4,12.2,26.4
789,1.3828,21,77.6172,0,0,5.98,1201,5.5,77,15,1.6,0.9,0,10.85,23.57
790,1.4603,21,77.5397,0,0,6.12,1167,5.5,77,15,1.6,0.9,0,10.85,23.57
791,1.4732,21,77.5268,0,0,6.01,1128,5.5,77,15,1.6,0.9,0,10.85,23.57
792,1.3064,21,77.6936,0,0,5.92,1232,57,42,1,0,0,0,10.4,22.88
793,1.6575,21,77.3425,0,0,6.04,1175,57,42,1,0,0,0,10.4,22.88
794,1.798,21,77.202,0,0,5.98,1193,57,42,1,0,0,0,10.4,22.88
795,1.9104,21,77.0896,0,0,5.57,1065,57,42,1,0,0,0,10.4,22.88
796,1.5732,21,77.4268,0,0,6.17,1136,57,42,1,0,0,0,10.4,22.88
797,1.2034,21,77.7966,0,0,6.14,1210,8.8,89.2,2,0,0,0,11.3,24.6
798,1.0951,21,77.9049,0,0,6.27,1148,8.8,89.2,2,0,0,0,11.3,24.6
799,1.6246,21,77.3754,0,0,5.73,1055,8.8,89.2,2,0,0,0,11.3,24.6
800,1.408,21,77.592,0,0,6.36,1123,8.8,89.2,2,0,0,0,11.3,24.6
801,0.9463,21,78.0537,0,0,5.26,1095,10.2,79.8,10,0,0,0,11.6,25.5
802,1.3085,21,77.6915,0,0,5.23,1162,10.2,79.8,10,0,0,0,11.6,25.5
803,1.3085,21,77.6915,0,0,5.22,1225,10.2,79.8,10,0,0,0,11.6,25.5
804,1.0982,21,77.9018,0,0,5.76,1165,10.2,79.8,10,0,0,0,11.6,25.5
805,1.0398,21,77.9602,0,0,5.77,1133,10.2,79.8,10,0,0,0,11.6,25.5
806,1.6929,21,0,77.3071,0,16.1,1220,16.14,22.52,30.58,11.23,19.52,0,10.9,22
807,1.9772,21,0,77.0228,0,17.9,1120,16.14,22.52,30.58,11.23,19.52,0,10.9,22
808,1.8351,21,0,77.1649,0,17,1188,16.14,22.52,30.58,11.23,19.52,0,10.9,22
809,0.7754,21,0,78.2246,0,17.26,1054,16.14,22.52,30.58,11.23,19.52,0,10.9,22
810,1.0855,21,0,77.9145,0,17.3,1140,16.14,22.52,30.58,11.23,19.52,0,10.9,22
811,1.3957,21,0,77.6043,0,18.1,1105,16.14,22.52,30.58,11.23,19.52,0,10.9,22
812,1.3569,21,0,77.6431,0,18.2,1112,16.14,22.52,30.58,11.23,19.52,0,10.9,22
813,1.512,21,0,77.488,0,17.9,1108,16.14,22.52,30.58,11.23,19.52,0,10.9,22
814,1.3698,21,0,77.6302,0,34.11,1107,16.14,22.52,30.58,11.23,19.52,0,10.9,22
815,1.2535,21,0,77.7465,0,33.85,1092,16.14,22.52,30.58,11.23,19.52,0,10.9,22
816,1.2148,21,0,77.7852,0,34.59,1080,16.14,22.52,30.58,11.23,19.52,0,10.9,22
817,1.4215,21,0,77.5785,0,35.95,1022,16.14,22.52,30.58,11.23,19.52,0,10.9,22
818,0.2511,4,0,95.7489,0,11.96,1286,16.14,22.52,30.58,11.23,19.52,0,10.9,22
819,0.256,4,0,95.744,0,12.4,1205,16.14,22.52,30.58,11.23,19.52,0,10.9,22
820,0.2585,4,0,95.7415,0,12.26,1244,16.14,22.52,30.58,11.23,19.52,0,10.9,22
821,0.256,4,0,95.744,0,12.55,1155,16.14,22.52,30.58,11.23,19.52,0,10.9,22
822,0.2634,4,0,95.7366,0,12.42,1181,16.14,22.52,30.58,11.23,19.52,0,10.9,22
823,0.2732,4,0,95.7268,0,12.22,1290,16.14,22.52,30.58,11.23,19.52,0,10.9,22
824,0.2511,4,0,95.7489,0,12.35,1154,16.14,22.52,30.58,11.23,19.52,0,10.9,22
825,0.2486,4,0,95.7514,0,12.66,1240,16.14,22.52,30.58,11.23,19.52,0,10.9,22
826,0.2486,4,0,95.7514,0,12.87,1173,16.14,22.52,30.58,11.23,19.52,0,10.9,22
827,0.2732,4,0,95.7268,0,15.12,1317,16.14,22.52,30.58,11.23,19.52,0,10.9,22
828,0.2511,4,0,95.7489,0,14.8,1374,16.14,22.52,30.58,11.23,19.52,0,10.9,22
829,0.2732,4,0,95.7268,0,15.42,1274,16.14,22.52,30.58,11.23,19.52,0,10.9,22
830,0.2806,4,0,95.7194,0,15.56,1229,16.14,22.52,30.58,11.23,19.52,0,10.9,22
831,0.2757,4,0,95.7243,0,15.83,1198,16.14,22.52,30.58,11.23,19.52,0,10.9,22
832,0.2782,4,0,95.7218,0,15.98,1154,16.14,22.52,30.58,11.23,19.52,0,10.9,22
833,0.1058,4,0,95.8942,0,12.54,1231,16.14,22.52,30.58,11.23,19.52,0,10.9,22
834,0.1206,4,0,95.8794,0,12.65,1193,16.14,22.52,30.58,11.23,19.52,0,10.9,22
835,0.1206,4,0,95.8794,0,12.82,1182,16.14,22.52,30.58,11.23,19.52,0,10.9,22
836,0.1231,4,0,95.8769,0,13,1157,16.14,22.52,30.58,11.23,19.52,0,10.9,22
837,0.1206,4,0,95.8794,0,12.24,1284,16.14,22.52,30.58,11.23,19.52,0,10.9,22
838,0.1182,4,0,95.8818,0,12.16,1334,16.14,22.52,30.58,11.23,19.52,0,10.9,22
839,0.5268,4,0,95.4732,0,12.59,1186,16.14,22.52,30.58,11.23,19.52,0,10.9,22
840,0.5095,4,0,95.4905,0,12.27,1243,16.14,22.52,30.58,11.23,19.52,0,10.9,22
841,0.5268,4,0,95.4732,0,11.87,1324,16.14,22.52,30.58,11.23,19.52,0,10.9,22
842,0.5194,4,0,95.4806,0,12.4,1169,16.14,22.52,30.58,11.23,19.52,0,10.9,22
843,0.512,4,0,95.488,0,12.1,1248,16.14,22.52,30.58,11.23,19.52,0,10.9,22
844,0.5169,4,0,95.4831,0,11.61,1330,16.14,22.52,30.58,11.23,19.52,0,10.9,22
845,0.3077,4,0,95.6923,0,53.8,1110,16.14,22.52,30.58,11.23,19.52,0,10.9,22
846,0.2978,4,0,95.7022,0,50.09,1147,16.14,22.52,30.58,11.23,19.52,0,10.9,22
847,0.2978,4,0,95.7022,0,49.28,1235,16.14,22.52,30.58,11.23,19.52,0,10.9,22
848,0.2585,4,0,95.7415,0,51.99,1067,16.14,22.52,30.58,11.23,19.52,0,10.9,22
849,0.2609,4,0,95.7391,0,52.21,1030,16.14,22.52,30.58,11.23,19.52,0,10.9,22
850,1.2637,20.7429,77.9934,0,0,11.25,1169,16.14,22.52,30.58,11.23,19.52,0,10.9,22
851,1.1122,20.7747,78.113,0,0,11.89,1103,16.14,22.52,30.58,11.23,19.52,0,10.9,22
852,1.2007,20.7562,78.0432,0,0,12.8,1050,16.14,22.52,30.58,11.23,19.52,0,10.9,22
853,1.5402,20.6848,77.7749,0,0,11.35,1034,16.14,22.52,30.58,11.23,19.52,0,10.9,22
854,1.0996,20.7774,78.123,0,0,10.45,1174,16.14,22.52,30.58,11.23,19.52,0,10.9,22
855,1.2259,20.7509,78.0232,0,0,10.54,1162,16.14,22.52,30.58,11.23,19.52,0,10.9,22
856,1.2385,20.7482,78.0133,0,0,11.59,1052,16.14,22.52,30.58,11.23,19.52,0,10.9,22
857,1.3141,20.7323,77.9536,0,0,11.25,1101,16.14,22.52,30.58,11.23,19.52,0,10.9,22
858,1.3015,20.735,77.9635,0,0,10.57,1201,16.14,22.52,30.58,11.23,19.52,0,10.9,22
859,0.4761,20.9084,78.6155,0,0,10.34,1256,16.14,22.52,30.58,11.23,19.52,0,10.9,22
860,0.5401,20.8949,78.565,0,0,11.2,1161,16.14,22.52,30.58,11.23,19.52,0,10.9,22
861,0.5273,20.8976,78.5751,0,0,10.9,1148,16.14,22.52,30.58,11.23,19.52,0,10.9,22
862,0.5145,20.9003,78.5852,0,0,11.42,1087,16.14,22.52,30.58,11.23,19.52,0,10.9,22
863,0.5273,20.8976,78.5751,0,0,11.28,1120,16.14,22.52,30.58,11.23,19.52,0,10.9,22
864,0.4889,20.9057,78.6054,0,0,10.57,1200,16.14,22.52,30.58,11.23,19.52,0,10.9,22
865,1.087,20.7801,78.133,0,0,14.8,1008,16.14,22.52,30.58,11.23,19.52,0,10.9,22
866,1.2637,20.7429,77.9934,0,0,14.1,1109,16.14,22.52,30.58,11.23,19.52,0,10.9,22
867,1.2385,20.7482,78.0133,0,0,13,1247,16.14,22.52,30.58,11.23,19.52,0,10.9,22
868,1.3519,20.7244,77.9237,0,0,34.11,1107,16.14,22.52,30.58,11.23,19.52,0,10.9,22
869,1.2007,20.7562,78.0432,0,0,34.59,1080,16.14,22.52,30.58,11.23,19.52,0,10.9,22
870,1.4022,20.7138,77.884,0,0,35.95,1022,16.14,22.52,30.58,11.23,19.52,0,10.9,22
871,0.4761,20.9084,78.6155,0,0,10.34,1256,16.14,22.52,30.58,11.23,19.52,0,10.9,22
872,0.5401,20.8949,78.565,0,0,11.2,1161,16.14,22.52,30.58,11.23,19.52,0,10.9,22
873,0.5273,20.8976,78.5751,0,0,10.9,1148,16.14,22.52,30.58,11.23,19.52,0,10.9,22
874,0.5145,20.9003,78.5852,0,0,11.42,1087,16.14,22.52,30.58,11.23,19.52,0,10.9,22
875,0.5273,20.8976,78.5751,0,0,11.28,1120,16.14,22.52,30.58,11.23,19.52,0,10.9,22
876,0.4889,20.9057,78.6054,0,0,10.57,1200,16.14,22.52,30.58,11.23,19.52,0,10.9,22
877,0.9554,21,0,78.0446,0,15.8,1153,20,29,25,7,16,3,11.4,21.7
878,1.3897,21,0,77.6103,0,16.6,1072,20,29,25,7,16,3,11.4,21.7
879,1.4517,21,0,77.5483,0,17.05,1051,20,29,25,7,16,3,11.4,21.7
880,0.9182,21,0,78.0818,0,15.7,1209,20,29,25,7,16,3,11.4,21.7
881,1.3276,21,0,77.6724,0,16.4,1117,20,29,25,7,16,3,11.4,21.7
882,1.3897,21,0,77.6103,0,16.66,1073,20,29,25,7,16,3,11.4,21.7
883,0.943,21,0,78.057,0,15.8,1110,20,29,25,7,16,3,11.4,21.7
884,1.551,21,0,77.449,0,16.35,1126,20,29,25,7,16,3,11.4,21.7
885,1.6254,21,0,77.3746,0,16.6,1112,20,29,25,7,16,3,11.4,21.7
886,0.9926,21,0,78.0074,0,16.8,1051,20,29,25,7,16,3,11.4,21.7
887,0.2434,4,0,95.7566,0,12.81,1239,20,29,25,7,16,3,11.4,21.7
888,0.2482,4,0,95.7518,0,12.98,1190,20,29,25,7,16,3,11.4,21.7
889,0.234,4,0,95.766,0,12.39,1285,20,29,25,7,16,3,11.4,21.7
890,0.2482,4,0,95.7518,0,13.16,1145,20,29,25,7,16,3,11.4,21.7
891,0.2411,4,0,95.7589,0,12.31,1356,20,29,25,7,16,3,11.4,21.7
892,0.2245,4,0,95.7755,0,11.78,1411,20,29,25,7,16,3,11.4,21.7
893,0.2292,4,0,95.7708,0,15.02,1318,20,29,25,7,16,3,11.4,21.7
894,0.2198,4,0,95.7802,0,14.76,1373,20,29,25,7,16,3,11.4,21.7
895,0.2411,4,0,95.7589,0,15.33,1278,20,29,25,7,16,3,11.4,21.7
896,0.2458,4,0,95.7542,0,15.38,1229,20,29,25,7,16,3,11.4,21.7
897,0.234,4,0,95.766,0,15.93,1161,20,29,25,7,16,3,11.4,21.7
898,0.2363,4,0,95.7637,0,12.65,1264,20,29,25,7,16,3,11.4,21.7
899,0.2718,4,0,95.7282,0,12.95,1199,20,29,25,7,16,3,11.4,21.7
900,0.208,4,0,95.792,0,1.28,1483,20,29,25,7,16,3,11.4,21.7
901,0.1938,4,0,95.8062,0,1.34,1421,20,29,25,7,16,3,11.4,21.7
902,0.2434,4,0,95.7566,0,1.35,1338,20,29,25,7,16,3,11.4,21.7
903,0.2647,4,0,95.7353,0,1.38,1296,20,29,25,7,16,3,11.4,21.7
904,0.2623,4,0,95.7377,0,1.33,1356,20,29,25,7,16,3,11.4,21.7
905,0.208,4,0,95.792,0,1.28,1483,20,29,25,7,16,3,11.4,21.7
906,0.1938,4,0,95.8062,0,1.34,1421,20,29,25,7,16,3,11.4,21.7
907,0.2434,4,0,95.7566,0,1.35,1338,20,29,25,7,16,3,11.4,21.7
908,0.2647,4,0,95.7353,0,1.38,1296,20,29,25,7,16,3,11.4,21.7
909,0.2623,4,0,95.7377,0,1.33,1356,20,29,25,7,16,3,11.4,21.7
910,1.4435,20.7051,77.8513,0,0,11.61,1166,20,29,25,7,16,3,11.4,21.7
911,1.0684,20.784,78.1477,0,0,12.5,1024,20,29,25,7,16,3,11.4,21.7
912,1.3591,20.7229,77.918,0,0,9.86,1109,20,29,25,7,16,3,11.4,21.7
913,1.3832,20.7178,77.899,0,0,11.05,1031,20,29,25,7,16,3,11.4,21.7
914,1.2987,20.7356,77.9658,0,0,9.51,1253,20,29,25,7,16,3,11.4,21.7
915,1.3107,20.733,77.9562,0,0,10.24,1208,20,29,25,7,16,3,11.4,21.7
916,1.4194,20.7102,77.8704,0,0,11.03,1118,20,29,25,7,16,3,11.4,21.7
917,1.1897,20.7585,78.0518,0,0,11.65,1074,20,29,25,7,16,3,11.4,21.7
918,1.2745,20.7407,77.9849,0,0,15.2,1011,20,29,25,7,16,3,11.4,21.7
919,1.3712,20.7203,77.9085,0,0,14.4,1072,20,29,25,7,16,3,11.4,21.7
920,1.1607,21,0,77.8393,0,16.1,1116,13.9,18.1,26.56,20.84,20.6,0,12,22.3
921,1.4957,21,0,77.5043,0,17.2,1061,13.9,18.1,26.56,20.84,20.6,0,12,22.3
922,0.9573,21,0,78.0427,0,15.8,1194,13.9,18.1,26.56,20.84,20.6,0,12,22.3
923,1.2444,21,0,77.7556,0,17.1,1053,13.9,18.1,26.56,20.84,20.6,0,12,22.3
924,1.041,21,0,77.959,0,16.9,1085,13.9,18.1,26.56,20.84,20.6,0,12,22.3
925,1.3162,21,0,77.6838,0,17.2,1082,13.9,18.1,26.56,20.84,20.6,0,12,22.3
926,0.2325,4,0,95.7675,0,12.84,1185,13.9,18.1,26.56,20.84,20.6,0,12,22.3
927,0.2393,4,0,95.7607,0,13.11,1147,13.9,18.1,26.56,20.84,20.6,0,12,22.3
928,0.237,4,0,95.763,0,12.75,1242,13.9,18.1,26.56,20.84,20.6,0,12,22.3
929,0.2325,4,0,95.7675,0,12.44,1287,13.9,18.1,26.56,20.84,20.6,0,12,22.3
930,0.2165,4,0,95.7835,0,12.06,1342,13.9,18.1,26.56,20.84,20.6,0,12,22.3
931,0.2051,4,0,95.7949,0,11.82,1386,13.9,18.1,26.56,20.84,20.6,0,12,22.3
932,0.253,4,0,95.747,0,15.7,1146,13.9,18.1,26.56,20.84,20.6,0,12,22.3
933,0.2462,4,0,95.7538,0,15.45,1181,13.9,18.1,26.56,20.84,20.6,0,12,22.3
934,0.2621,4,0,95.7379,0,15.26,1219,13.9,18.1,26.56,20.84,20.6,0,12,22.3
935,0.2142,4,0,95.7858,0,15.17,1278,13.9,18.1,26.56,20.84,20.6,0,12,22.3
936,0.2416,4,0,95.7584,0,14.95,1313,13.9,18.1,26.56,20.84,20.6,0,12,22.3
937,0.2644,4,0,95.7356,0,14.99,1374,13.9,18.1,26.56,20.84,20.6,0,12,22.3
938,1.323,20.7305,77.9466,0,0,12.63,1024,13.9,18.1,26.56,20.84,20.6,0,12,22.3
939,1.019,20.7943,78.1867,0,0,11.99,1118,13.9,18.1,26.56,20.84,20.6,0,12,22.3
940,1.4045,20.7133,77.8822,0,0,10.93,1229,13.9,18.1,26.56,20.84,20.6,0,12,22.3
941,1.4859,20.6962,77.8179,0,0,30.63,1092,13.9,18.1,26.56,20.84,20.6,0,12,22.3
942,1.0776,20.782,78.1404,0,0,32.36,1029,13.9,18.1,26.56,20.84,20.6,0,12,22.3
943,1.4045,20.7133,77.8822,0,0,15.3,999,13.9,18.1,26.56,20.84,20.6,0,12,22.3
944,1.4394,20.706,77.8546,0,0,14.6,1087,13.9,18.1,26.56,20.84,20.6,0,12,22.3
945,1.4045,20.7133,77.8822,0,0,14.9,1015,13.9,18.1,26.56,20.84,20.6,0,12,22.3
946,1.5323,20.6865,77.7812,0,0,14,1138,13.9,18.1,26.56,20.84,20.6,0,12,22.3
947,0.2508,4,0,95.7492,0,12.51,1296,2.4,36.6,41,19.7,0.3,0,12,24.1
948,0.2308,4,0,95.7692,0,12.87,1248,2.4,36.6,41,19.7,0.3,0,12,24.1
949,0.2419,4,0,95.7581,0,12.35,1379,2.4,36.6,41,19.7,0.3,0,12,24.1
950,0.2308,4,0,95.7692,0,12.26,1410,2.4,36.6,41,19.7,0.3,0,12,24.1
951,0.233,4,0,95.767,0,13.03,1217,2.4,36.6,41,19.7,0.3,0,12,24.1
952,0.1997,4,0,95.8003,0,12.96,1209,2.4,36.6,41,19.7,0.3,0,12,24.1
953,0.1997,4,0,95.8003,0,13.07,1216,2.4,36.6,41,19.7,0.3,0,12,24.1
954,0.2352,4,0,95.7648,0,12.99,1216,2.4,36.6,41,19.7,0.3,0,12,24.1
955,0.2352,4,0,95.7648,0,13.28,1181,2.4,36.6,41,19.7,0.3,0,12,24.1
956,0.233,4,0,95.767,0,13.24,1202,2.4,36.6,41,19.7,0.3,0,12,24.1
957,0.1975,4,0,95.8025,0,1.09,1610,2.4,36.6,41,19.7,0.3,0,12,24.1
958,0.2042,4,0,95.7958,0,1.15,1563,2.4,36.6,41,19.7,0.3,0,12,24.1
959,0.2441,4,0,95.7559,0,1.08,1438,2.4,36.6,41,19.7,0.3,0,12,24.1
960,0.2508,4,0,95.7492,0,1.14,1436,2.4,36.6,41,19.7,0.3,0,12,24.1
961,0.213,4,0,95.787,0,1.12,1484,2.4,36.6,41,19.7,0.3,0,12,24.1
962,0.324,4,0,95.676,0,1.09,1537,2.4,36.6,41,19.7,0.3,0,12,24.1
963,0.2996,4,0,95.7004,0,1.14,1694,2.4,36.6,41,19.7,0.3,0,12,24.1
964,1.2545,20.7449,78.0007,0,0,10.8,1152,2.4,36.6,41,19.7,0.3,0,12,24.1
965,1.3566,20.7234,77.92,0,0,11.99,1010,2.4,36.6,41,19.7,0.3,0,12,24.1
966,1.0837,20.7807,78.1356,0,0,11.24,1091,2.4,36.6,41,19.7,0.3,0,12,24.1
967,1.1179,20.7735,78.1085,0,0,10.24,1233,2.4,36.6,41,19.7,0.3,0,12,24.1
968,1.1749,20.7616,78.0636,0,0,11.64,1056,2.4,36.6,41,19.7,0.3,0,12,24.1
969,0.2124,4,0,95.7876,0,1.16,1508,13.4,39.7,18,28.2,0.7,0,12.6,25.6
970,0.1934,4,0,95.8066,0,1.22,1608,13.4,39.7,18,28.2,0.7,0,12.6,25.6
971,0.1913,4,0,95.8087,0,1.21,1476,13.4,39.7,18,28.2,0.7,0,12.6,25.6
972,0.2418,4,0,95.7582,0,1.26,1512,13.4,39.7,18,28.2,0.7,0,12.6,25.6
973,0.1871,4,0,95.8129,0,1.21,1442,13.4,39.7,18,28.2,0.7,0,12.6,25.6
974,0.1955,4,0,95.8045,0,1.28,1385,13.4,39.7,18,28.2,0.7,0,12.6,25.6
975,0.1934,4,0,95.8066,0,1.23,1572,13.4,39.7,18,28.2,0.7,0,12.6,25.6
976,0.2145,4,0,95.7855,0,1.43,1284,13.4,39.7,18,28.2,0.7,0,12.6,25.6
977,1.0598,20.7858,78.1545,0,0,11.85,1030,13.4,39.7,18,28.2,0.7,0,12.6,25.6
978,1.0057,20.7971,78.1972,0,0,10.65,1174,13.4,39.7,18,28.2,0.7,0,12.6,25.6
979,1.049,20.788,78.163,0,0,11.21,1084,13.4,39.7,18,28.2,0.7,0,12.6,25.6
980,1.1893,20.7585,78.0521,0,0,10.75,1153,13.4,39.7,18,28.2,0.7,0,12.6,25.6
981,1.1354,20.7699,78.0947,0,0,10.47,1196,13.4,39.7,18,28.2,0.7,0,12.6,25.6
982,1.2863,20.7382,77.9756,0,0,11.36,1100,13.4,39.7,18,28.2,0.7,0,12.6,25.6
983,0.51,9.9,89.59,0,0,16.641,841.7,0,99.6,0,0,0,0.4,12.2,26.4
984,0.51,9.9,89.59,0,0,17.027,847.4,0,99.6,0,0,0,0.4,12.2,26.4
985,0.51,9.9,89.59,0,0,17.035,847.6,0,99.6,0,0,0,0.4,12.2,26.4
986,0.51,9.9,89.59,0,0,17.527,856.7,0,99.6,0,0,0,0.4,12.2,26.4
987,0.51,9.9,89.59,0,0,17.877,862.6,0,99.6,0,0,0,0.4,12.2,26.4
988,0.51,9.9,89.59,0,0,16.935,886.7,0,99.6,0,0,0,0.4,12.2,26.4
989,0.51,9.9,89.59,0,0,17.271,891.9,0,99.6,0,0,0,0.4,12.2,26.4
990,0.51,9.9,89.59,0,0,16.399,924.7,0,99.6,0,0,0,0.4,12.2,26.4
991,0.51,9.9,89.59,0,0,17.158,939.8,0,99.6,0,0,0,0.4,12.2,26.4
992,0.51,9.9,89.59,0,0,18.325,962.6,0,99.6,0,0,0,0.4,12.2,26.4
993,0.51,9.9,89.59,0,0,18.889,973.4,0,99.6,0,0,0,0.4,12.2,26.4
994,0.51,9.9,89.59,0,0,16.167,982.9,0,99.6,0,0,0,0.4,12.2,26.4
995,0.51,9.9,89.59,0,0,14.058,1015.4,0,99.6,0,0,0,0.4,12.2,26.4
996,0.51,9.9,89.59,0,0,14.306,1021,0,99.6,0,0,0,0.4,12.2,26.4
997,0.51,9.9,89.59,0,0,17.014,1042.3,0,99.6,0,0,0,0.4,12.2,26.4
998,0.51,9.9,89.59,0,0,16.196,1070.8,0,99.6,0,0,0,0.4,12.2,26.4
999,0.51,9.9,89.59,0,0,16.452,1078.5,0,99.6,0,0,0,0.4,12.2,26.4
1000,0.51,9.9,89.59,0,0,14.461,1078.9,0,99.6,0,0,0,0.4,12.2,26.4
1001,0.51,9.9,89.59,0,0,15.731,1128.2,0,99.6,0,0,0,0.4,12.2,26.4
1002,0.51,9.9,89.59,0,0,16.495,1210.6,0,99.6,0,0,0,0.4,12.2,26.4
1003,0.51,9.9,89.59,0,0,16.06,1271.9,0,99.6,0,0,0,0.4,12.2,26.4
1004,0.51,9.9,89.59,0,0,16.142,1274.6,0,99.6,0,0,0,0.4,12.2,26.4
1005,0.51,9.9,89.59,0,0,16.666,1388.9,0,99.6,0,0,0,0.4,12.2,26.4
1006,0.51,9.9,89.59,0,0,18.31,1448.5,0,99.6,0,0,0,0.4,12.2,26.4
1007,0.51,9.9,89.59,0,0,18.176,1508.7,0,99.6,0,0,0,0.4,12.2,26.4
1008,0.51,9.9,89.59,0,0,17.875,1663.7,0,99.6,0,0,0,0.4,12.2,26.4
1009,0.51,9.9,89.59,0,0,19.002,1712.1,0,99.6,0,0,0,0.4,12.2,26.4
1010,1,9.8,89.2,0,0,16.9702,893.9,0,99.6,0,0,0,0.4,12.2,26.4
1011,1,9.8,89.2,0,0,17.059,922.7,0,99.6,0,0,0,0.4,12.2,26.4
1012,1,9.8,89.2,0,0,17.9277,944.8,0,99.6,0,0,0,0.4,12.2,26.4
1013,1,9.8,89.2,0,0,18.2491,977,0,99.6,0,0,0,0.4,12.2,26.4
1014,1,9.8,89.2,0,0,15.5522,999.2,0,99.6,0,0,0,0.4,12.2,26.4
1015,1,9.8,89.2,0,0,15.9807,1038.3,0,99.6,0,0,0,0.4,12.2,26.4
1016,1,9.8,89.2,0,0,14.125,1072.5,0,99.6,0,0,0,0.4,12.2,26.4
1017,1,9.8,89.2,0,0,15.9668,1071.5,0,99.6,0,0,0,0.4,12.2,26.4
1018,1,9.8,89.2,0,0,16.1363,1075.8,0,99.6,0,0,0,0.4,12.2,26.4
1019,1,9.8,89.2,0,0,16.4639,1109.8,0,99.6,0,0,0,0.4,12.2,26.4
1020,1,9.8,89.2,0,0,16.3371,1134.8,0,99.6,0,0,0,0.4,12.2,26.4
1021,1,9.8,89.2,0,0,13.6671,1175.3,0,99.6,0,0,0,0.4,12.2,26.4
1022,1,9.8,89.2,0,0,15.6458,1180.2,0,99.6,0,0,0,0.4,12.2,26.4
1023,1,9.8,89.2,0,0,14.2725,1193.6,0,99.6,0,0,0,0.4,12.2,26.4
1024,1,9.8,89.2,0,0,14.3536,1267.7,0,99.6,0,0,0,0.4,12.2,26.4
1025,1,9.8,89.2,0,0,15.9366,1250.7,0,99.6,0,0,0,0.4,12.2,26.4
1026,1,9.8,89.2,0,0,16.1852,1257.2,0,99.6,0,0,0,0.4,12.2,26.4
1027,1,9.8,89.2,0,0,16.7093,1296.3,0,99.6,0,0,0,0.4,12.2,26.4
1028,1,9.8,89.2,0,0,17.7899,1309.6,0,99.6,0,0,0,0.4,12.2,26.4
1029,1,9.8,89.2,0,0,16.7481,1353,0,99.6,0,0,0,0.4,12.2,26.4
1030,1,9.8,89.2,0,0,16.6895,1351.9,0,99.6,0,0,0,0.4,12.2,26.4
1031,1,9.8,89.2,0,0,14.5907,1402.5,0,99.6,0,0,0,0.4,12.2,26.4
1032,1,9.8,89.2,0,0,15.8992,1458.7,0,99.6,0,0,0,0.4,12.2,26.4
1033,1,9.8,89.2,0,0,11.39,1552,0,99.6,0,0,0,0.4,12.2,26.4
1034,1,9.8,89.2,0,0,17.7198,1531.5,0,99.6,0,0,0,0.4,12.2,26.4
1035,1,9.8,89.2,0,0,18.6344,1565.6,0,99.6,0,0,0,0.4,12.2,26.4
1036,1,9.8,89.2,0,0,15.5223,1586.9,0,99.6,0,0,0,0.4,12.2,26.4
1037,1,9.8,89.2,0,0,15.9881,1607.2,0,99.6,0,0,0,0.4,12.2,26.4
1038,1,9.8,89.2,0,0,16.1256,1616.2,0,99.6,0,0,0,0.4,12.2,26.4
1039,1,9.8,89.2,0,0,16.3754,1626.6,0,99.6,0,0,0,0.4,12.2,26.4
1040,1.224,20.751,78.025,0,0,11.1,1138,0,99.6,0,0,0,0.4,12.2,26.4
1041,1.224,20.751,78.025,0,0,10.7,1148,0,99.6,0,0,0,0.4,12.2,26.4
1042,1.224,20.751,78.025,0,0,10.8,1086,0,99.6,0,0,0,0.4,12.2,26.4
1043,1.224,20.751,78.025,0,0,10.1,1162,0,99.6,0,0,0,0.4,12.2,26.4
1044,1.224,20.751,78.025,0,0,10.1,1194,0,99.6,0,0,0,0.4,12.2,26.4
1045,1.224,20.751,78.025,0,0,9.9,1214,0,99.6,0,0,0,0.4,12.2,26.4
1046,1.224,20.751,78.025,0,0,9.7,1222,0,99.6,0,0,0,0.4,12.2,26.4
1047,1.224,20.751,78.025,0,0,10.3,1099,0,99.6,0,0,0,0.4,12.2,26.4
1048,1.224,20.751,78.025,0,0,9.3,1046,0,99.6,0,0,0,0.4,12.2,26.4
1049,1.224,20.751,78.025,0,0,10.6,1176,0,99.6,0,0,0,0.4,12.2,26.4
1050,1.224,20.751,78.025,0,0,12.3,1156,0,99.6,0,0,0,0.4,12.2,26.4
1051,1.224,20.751,78.025,0,0,10.6,1089,0,99.6,0,0,0,0.4,12.2,26.4
1052,1.224,20.751,78.025,0,0,10,1114,0,99.6,0,0,0,0.4,12.2,26.4
1053,1.224,20.751,78.025,0,0,10.6,1040,0,99.6,0,0,0,0.4,12.2,26.4
1054,1.224,20.751,78.025,0,0,10,1035,0,99.6,0,0,0,0.4,12.2,26.4
1055,1.224,20.751,78.025,0,0,9.5,1067,0,99.6,0,0,0,0.4,12.2,26.4
1056,1.224,20.751,78.025,0,0,7.6,1085,0,99.6,0,0,0,0.4,12.2,26.4
1057,1.224,20.751,78.025,0,0,9.9,1191,0,99.6,0,0,0,0.4,12.2,26.4
1058,1.224,20.751,78.025,0,0,9.4,1191,0,99.6,0,0,0,0.4,12.2,26.4
1059,1.224,20.751,78.025,0,0,8.7,1204,0,99.6,0,0,0,0.4,12.2,26.4
1060,1.224,20.751,78.025,0,0,11.5,1050,0,99.6,0,0,0,0.4,12.2,26.4
1061,1.224,20.751,78.025,0,0,24.8,1076,0,99.6,0,0,0,0.4,12.2,26.4
1062,1.224,20.751,78.025,0,0,23.7,1154,0,99.6,0,0,0,0.4,12.2,26.4
1063,1.224,20.751,78.025,0,0,24.6,1125,0,99.6,0,0,0,0.4,12.2,26.4
1064,1.224,20.751,78.025,0,0,24.5,1096,0,99.6,0,0,0,0.4,12.2,26.4
1065,1.224,20.751,78.025,0,0,24.4,966,0,99.6,0,0,0,0.4,12.2,26.4
1066,1.224,20.751,78.025,0,0,25,987,0,99.6,0,0,0,0.4,12.2,26.4
1067,1.224,20.751,78.025,0,0,24.8,1021,0,99.6,0,0,0,0.4,12.2,26.4
1068,1.224,20.751,78.025,0,0,25.2,1083,0,99.6,0,0,0,0.4,12.2,26.4
1069,0.616,20.87,78.505,0,0,9.9,1252,0,99.6,0,0,0,0.4,12.2,26.4
1070,0.616,20.87,78.505,0,0,10.1,1208,0,99.6,0,0,0,0.4,12.2,26.4
1071,0.616,20.87,78.505,0,0,10.1,1106,0,99.6,0,0,0,0.4,12.2,26.4
1072,0.616,20.87,78.505,0,0,10,1144,0,99.6,0,0,0,0.4,12.2,26.4
1073,0.616,20.87,78.505,0,0,10.5,1147,0,99.6,0,0,0,0.4,12.2,26.4
1074,0.616,20.87,78.505,0,0,11.3,1096,0,99.6,0,0,0,0.4,12.2,26.4
1075,0.616,20.87,78.505,0,0,11,1098,0,99.6,0,0,0,0.4,12.2,26.4
1076,0.616,20.87,78.505,0,0,10.7,1022,0,99.6,0,0,0,0.4,12.2,26.4
1077,0.616,20.87,78.505,0,0,9.7,1078,0,99.6,0,0,0,0.4,12.2,26.4
1078,0.616,20.87,78.505,0,0,9.6,1189,0,99.6,0,0,0,0.4,12.2,26.4
1079,0.616,20.87,78.505,0,0,25,1193,0,99.6,0,0,0,0.4,12.2,26.4
1080,0.616,20.87,78.505,0,0,25.1,1128,0,99.6,0,0,0,0.4,12.2,26.4
1081,0.616,20.87,78.505,0,0,26.1,1010,0,99.6,0,0,0,0.4,12.2,26.4
1082,0.616,20.87,78.505,0,0,25.8,1078,0,99.6,0,0,0,0.4,12.2,26.4
1083,0.616,20.87,78.505,0,0,25.8,972,0,99.6,0,0,0,0.4,12.2,26.4
1084,0.616,20.87,78.505,0,0,22.6,1160,0,99.6,0,0,0,0.4,12.2,26.4
1085,0.616,20.87,78.505,0,0,20,790,0,99.6,0,0,0,0.4,12.2,26.4
1086,0.616,20.87,78.505,0,0,20.2,828,0,99.6,0,0,0,0.4,12.2,26.4
1087,0.616,20.87,78.505,0,0,19.2,842,0,99.6,0,0,0,0.4,12.2,26.4
1088,0.616,20.87,78.505,0,0,19.6,883,0,99.6,0,0,0,0.4,12.2,26.4
1089,1.1521,20.7664,78.0815,0,0,9.8,1153,0.5,37.2,40,22.1,0.2,0,12,24.1
1090,1.1521,20.7664,78.0815,0,0,10.6,1106,0.5,37.2,40,22.1,0.2,0,12,24.1
1091,1.1521,20.7664,78.0815,0,0,10.2,1204,0.5,37.2,40,22.1,0.2,0,12,24.1
1092,1.1521,20.7664,78.0815,0,0,9.7,1264,0.5,37.2,40,22.1,0.2,0,12,24.1
1093,1.1521,20.7664,78.0815,0,0,11,1052,0.5,37.2,40,22.1,0.2,0,12,24.1
1094,1.1521,20.7664,78.0815,0,0,10.5,1013,0.5,37.2,40,22.1,0.2,0,12,24.1
1095,1.1521,20.7664,78.0815,0,0,10.9,1085,0.5,37.2,40,22.1,0.2,0,12,24.1
1096,1.1521,20.7664,78.0815,0,0,10.3,1115,0.5,37.2,40,22.1,0.2,0,12,24.1
1097,1.1521,20.7664,78.0815,0,0,24,1025,0.5,37.2,40,22.1,0.2,0,12,24.1
1098,1.1521,20.7664,78.0815,0,0,24.2,1005,0.5,37.2,40,22.1,0.2,0,12,24.1
1099,1.1521,20.7664,78.0815,0,0,24.1,1060,0.5,37.2,40,22.1,0.2,0,12,24.1
1100,1.1521,20.7664,78.0815,0,0,23.2,1115,0.5,37.2,40,22.1,0.2,0,12,24.1
1101,1.1521,20.7664,78.0815,0,0,21.7,1170,0.5,37.2,40,22.1,0.2,0,12,24.1
1102,1.1521,20.7664,78.0815,0,0,24.4,976,0.5,37.2,40,22.1,0.2,0,12,24.1
1103,0.5794,20.8867,78.5339,0,0,9.7,1239,0.5,37.2,40,22.1,0.2,0,12,24.1
1104,0.5794,20.8867,78.5339,0,0,10.5,1082,0.5,37.2,40,22.1,0.2,0,12,24.1
1105,0.5794,20.8867,78.5339,0,0,10.3,1024,0.5,37.2,40,22.1,0.2,0,12,24.1
1106,0.5794,20.8867,78.5339,0,0,10,1164,0.5,37.2,40,22.1,0.2,0,12,24.1
1107,0.5794,20.8867,78.5339,0,0,9.7,1093,0.5,37.2,40,22.1,0.2,0,12,24.1
1108,0.5794,20.8867,78.5339,0,0,9.4,1103,0.5,37.2,40,22.1,0.2,0,12,24.1
1109,0.5794,20.8867,78.5339,0,0,10.2,1065,0.5,37.2,40,22.1,0.2,0,12,24.1
1110,0.5794,20.8867,78.5339,0,0,9.7,1199,0.5,37.2,40,22.1,0.2,0,12,24.1
1111,0.5794,20.8867,78.5339,0,0,10.2,1128,0.5,37.2,40,22.1,0.2,0,12,24.1
1112,0.5794,20.8867,78.5339,0,0,10.5,1056,0.5,37.2,40,22.1,0.2,0,12,24.1
1113,0.5794,20.8867,78.5339,0,0,25.3,1122,0.5,37.2,40,22.1,0.2,0,12,24.1
1114,0.5794,20.8867,78.5339,0,0,24.7,1066,0.5,37.2,40,22.1,0.2,0,12,24.1
1115,0.5794,20.8867,78.5339,0,0,24.1,1155,0.5,37.2,40,22.1,0.2,0,12,24.1
1116,0.5794,20.8867,78.5339,0,0,25.7,1013,0.5,37.2,40,22.1,0.2,0,12,24.1
1117,0.5794,20.8867,78.5339,0,0,26.4,977,0.5,37.2,40,22.1,0.2,0,12,24.1
1118,0.5794,20.8867,78.5339,0,0,17.4,882,0.5,37.2,40,22.1,0.2,0,12,24.1
1119,0.5794,20.8867,78.5339,0,0,16,785,0.5,37.2,40,22.1,0.2,0,12,24.1
1120,0.5794,20.8867,78.5339,0,0,20.3,885,0.5,37.2,40,22.1,0.2,0,12,24.1
